patient_key,patient_id,patient_signature,member_id,group_id,network,patient_ssn,first_name,last_name,date_of_birth,gender,phone_number,address_line_1,address_line_2,city,state,zip_code,country,full_address,pcp_id,patient_status,source_system,source_record_id,ingestion_id,ingested_at,processed_at,created_at,updated_at,last_modified_at,record_hash,record_status,is_active
100001,P00001,30164d6042b0723e0ce3ba3629bf96843452fe7d7d7cf77369e9fc5b35c082e9,MEM7000001,GRP1001,OakStreet-South,267-96-5993,Matthew,Lopez,1950-05-03,F,+16089109827,1603 Oak Ave,,Houston,TX,77002,USA,"1603 Oak Ave, Houston, TX 77002, USA",PCP0047,Active,EHR,P00001,ING-PAT-20261005-00001,2026-10-05T09:58:03,2026-10-05T10:00:03,2023-03-18T10:00:03,2026-10-05T10:00:03,2026-10-05T08:53:03,d803a31f44946c93cf4956be060ae439b86be001068677581a7fde0101c8e1cc,CURRENT,True
100002,P00002,ad2a702698253910ce6d38597f835b37e54d5d9ca5a43dcad65a6c1ef6a37f9f,MEM7000002,GRP1002,OakStreet-East,217-38-5766,Susan,Miller,1953-11-09,F,+18104866294,7973 Market Ave,,Chicago,IL,60601,USA,"7973 Market Ave, Chicago, IL 60601, USA",PCP0002,Active,EHR,P00002,ING-PAT-20261005-00002,2026-10-05T09:58:06,2026-10-05T10:00:06,2021-12-11T10:00:06,2026-10-05T10:00:06,2026-10-05T07:05:06,f17c16e85b07c534f1b71159e4d6742ca6699f37b3c1b28f3db2d8e0ef0cc59d,CURRENT,True
100003,P00003,c29bc3d6643fd84b77eb4b618f83e66a464595ed8dac849e763633f7f2f489ec,MEM7000003,GRP1003,OakStreet-Southwest,256-68-1061,Thomas,Ramirez,1968-07-07,F,+17198855278,8705 Lake Ave,Apt 901,Dallas,TX,75201,USA,"8705 Lake Ave Apt 901, Dallas, TX 75201, USA",PCP0004,Active,EHR,P00003,ING-PAT-20261005-00003,2026-10-05T09:58:09,2026-10-05T10:00:09,2023-07-10T10:00:09,2026-10-05T10:00:09,2026-10-05T06:38:09,c65f59f177e9220737b05111c6ca2a7b2587ffdb481f49d708491bd96f56c2d1,CURRENT,True
100004,P00004,29ad0b2f6e6738843814c697a494dce8feb09ee99715448124eb1e64472e23fd,MEM7000004,GRP1004,OakStreet-Central,336-40-5169,Steven,Brown,2000-10-18,F,+13913393257,8666 Oak Rd,,Chicago,IL,60601,USA,"8666 Oak Rd, Chicago, IL 60601, USA",PCP0095,Active,EHR,P00004,ING-PAT-20261005-00004,2026-10-05T09:58:12,2026-10-05T10:00:12,2024-05-18T10:00:12,2026-10-05T10:00:12,2026-10-05T08:45:12,e1add3fd21fd7669d11f83104190ac48526f3555c907c5684457f7d630db3082,CURRENT,True
100005,P00005,74c9a05fee13ee298a5674e33ef15ee6dc460d5334bbc2dd9d1b1a360bec691c,MEM7000005,GRP1005,OakStreet-South,353-40-5471,John,Perez,1951-01-09,F,+17002609511,7681 Park Rd,Apt 167,Chicago,IL,60601,USA,"7681 Park Rd Apt 167, Chicago, IL 60601, USA",PCP0066,Active,EHR,P00005,ING-PAT-20261005-00005,2026-10-05T09:58:15,2026-10-05T10:00:15,2022-12-09T10:00:15,2026-10-05T10:00:15,2026-10-05T06:53:15,2c37e77fd3af42438672be4301f7852c555c8d40140bdc52f4ae9532edc760d1,CURRENT,True
100006,P00006,a5cb339ea4d58639f60817c9db3752973b783c9ab609d87ad9b54ffe416db4de,MEM7000006,GRP1006,OakStreet-East,762-57-0788,Lisa,Perez,2002-02-01,F,+16864506771,3746 Pine Blvd,,Dallas,TX,75201,USA,"3746 Pine Blvd, Dallas, TX 75201, USA",PCP0029,Active,EHR,P00006,ING-PAT-20261005-00006,2026-10-05T09:58:18,2026-10-05T10:00:18,2025-03-10T10:00:18,2026-10-05T10:00:18,2026-10-05T08:26:18,40d94ec97e90ed8c6ef7832f3eed644f6412f6c63a9ee3c55b6bb629df869845,CURRENT,True
100007,P00007,306a909ee4ea1933ab69e65a09c66f0aa916cf7e5a8db43fe1a61122582d891a,MEM7000007,GRP1007,OakStreet-Southwest,252-89-6256,Elizabeth,Garcia,1979-10-14,F,+16885062038,281 Pine Blvd,,Houston,TX,77002,USA,"281 Pine Blvd, Houston, TX 77002, USA",PCP0104,Active,EHR,P00007,ING-PAT-20261005-00007,2026-10-05T09:58:21,2026-10-05T10:00:21,2022-10-10T10:00:21,2026-10-05T10:00:21,2026-10-05T08:30:21,cb705c0d3793793fe51b55f8c30c98605d1e56a072c329f59ad729400812f182,CURRENT,True
100008,P00008,87294746e8a775aa6a1aa3c60f92bc9c9d1ea5e5fc84c3aba8520baa4c74a4de,MEM7000008,GRP1008,OakStreet-Central,386-23-4566,Elizabeth,Lopez,1963-08-06,F,+15105062959,5088 Market St,Apt 682,Orlando,FL,32801,USA,"5088 Market St Apt 682, Orlando, FL 32801, USA",PCP0086,Active,EHR,P00008,ING-PAT-20261005-00008,2026-10-05T09:58:24,2026-10-05T10:00:24,2025-12-05T10:00:24,2026-10-05T10:00:24,2026-10-05T06:00:24,d2274a97140aa3d7841a997115574cae75dcf5dc4fa7f830acabf89815344c4d,CURRENT,True
100009,P00009,909c4e0299545b6291f196c8fbc0d96a7e9627c82c7a621e6c83d09f544215a3,MEM7000009,GRP1009,OakStreet-South,895-10-6934,Robert,Ramirez,1964-06-27,M,+16305112795,258 Oak St,,Chicago,IL,60601,USA,"258 Oak St, Chicago, IL 60601, USA",PCP0116,Active,EHR,P00009,ING-PAT-20261005-00009,2026-10-05T09:58:27,2026-10-05T10:00:27,2023-02-11T10:00:27,2026-10-05T10:00:27,2026-10-05T08:54:27,bc6208277c882f46d3d6d4adc1014ddeb2a82034f41830cc409167f3bdd58f7f,CURRENT,True
100010,P00010,b1c6714642c5df35a54911505cfbcd63b2ab7f9467d31982de8e3b871463db9a,MEM7000010,GRP1010,OakStreet-East,443-16-8120,John,Ramirez,1952-06-09,F,+19525147701,2524 Park Ave,Apt 377,Chicago,IL,60601,USA,"2524 Park Ave Apt 377, Chicago, IL 60601, USA",PCP0088,Active,EHR,P00010,ING-PAT-20261005-00010,2026-10-05T09:58:30,2026-10-05T10:00:30,2022-03-14T10:00:30,2026-10-05T10:00:30,2026-10-05T06:39:30,5a9af0ea0f6a3cf2d936a9ee7bb8fe93556d025afc1f78478613e3b48335fc79,CURRENT,True
100011,P00011,98dd2e26a4ac39abfa3b561042da97b940695fa70e3789a9ad4e2fba941f90c4,MEM7000011,GRP1011,OakStreet-Southwest,684-52-9894,Michael,Hernandez,1940-03-09,M,+12598468031,9683 Park Blvd,,Chicago,IL,60601,USA,"9683 Park Blvd, Chicago, IL 60601, USA",PCP0058,Active,EHR,P00011,ING-PAT-20261005-00011,2026-10-05T09:58:33,2026-10-05T10:00:33,2025-01-06T10:00:33,2026-10-05T10:00:33,2026-10-05T07:34:33,4372e8732f614c08ed887ffdb709312f1afd647f5d920213d811dab0d39e5a01,CURRENT,True
100012,P00012,15feed9b593ef1d4369abe25ea2b45093b6499241afe3b7a70827839c1e990d3,MEM7000012,GRP1012,OakStreet-Central,146-64-6101,James,Clark,1968-06-08,M,+13335385505,9682 Lake Blvd,Apt 874,San Antonio,TX,78205,USA,"9682 Lake Blvd Apt 874, San Antonio, TX 78205, USA",PCP0036,Active,EHR,P00012,ING-PAT-20261005-00012,2026-10-05T09:58:36,2026-10-05T10:00:36,2023-09-08T10:00:36,2026-10-05T10:00:36,2026-10-05T06:47:36,d87e870595757625ec7c0c12fa33115ae7d92b71dc2915fa3ef06ca6c83284bb,CURRENT,True
100013,P00013,5bf1e07fc7ac74e5be6af3fb6a131825fdf4339a8a2602faed419af4d1f965a1,MEM7000013,GRP1013,OakStreet-South,509-74-2360,Patricia,Johnson,2003-05-23,M,+16252071610,2912 Oak Ave,Apt 339,Austin,TX,78701,USA,"2912 Oak Ave Apt 339, Austin, TX 78701, USA",PCP0079,Active,EHR,P00013,ING-PAT-20261005-00013,2026-10-05T09:58:39,2026-10-05T10:00:39,2023-03-26T10:00:39,2026-10-05T10:00:39,2026-10-05T09:31:39,1477526161490551164662e56b18d2aa190e2acef4927d0f10959e097819981f,CURRENT,True
100014,P00014,c861ec0a3509f571962b4ae88774991d311e5078d777fdf2cbcd2ea4e7780883,MEM7000014,GRP1014,OakStreet-East,509-38-7163,Mark,Williams,1983-12-14,M,+12716404901,3824 Washington Rd,,San Antonio,TX,78205,USA,"3824 Washington Rd, San Antonio, TX 78205, USA",PCP0009,Active,EHR,P00014,ING-PAT-20261005-00014,2026-10-05T09:58:42,2026-10-05T10:00:42,2024-06-05T10:00:42,2026-10-05T10:00:42,2026-10-05T06:30:42,7d3880e1a707edbb5264e6f1cca6eaf18365e668af650d78c4e005b14bab583f,CURRENT,True
100015,P00015,a32af2c3296e7ded200ade2ec78bf0e6d03e2758d1d30a1eb315a03b4317061b,MEM7000015,GRP1015,OakStreet-Southwest,523-49-6189,Mark,Thompson,1963-05-05,M,+19046869656,6633 Pine Rd,,Houston,TX,77002,USA,"6633 Pine Rd, Houston, TX 77002, USA",PCP0056,Active,EHR,P00015,ING-PAT-20261005-00015,2026-10-05T09:58:45,2026-10-05T10:00:45,2023-11-13T10:00:45,2026-10-05T10:00:45,2026-10-05T07:49:45,750574b920b3c4bb582141c8ffc267f037d58052a6c28429e46f838fa130d2d1,CURRENT,True
100016,P00016,fab0050ee81eaa23c995743447166e3a9425a98a735447e91589a576bf91e6e6,MEM7000016,GRP1016,OakStreet-Central,292-24-0396,Mary,Ramirez,1973-12-28,M,+18038444893,8025 Main Rd,,Orlando,FL,32801,USA,"8025 Main Rd, Orlando, FL 32801, USA",PCP0068,Active,EHR,P00016,ING-PAT-20261005-00016,2026-10-05T09:58:48,2026-10-05T10:00:48,2022-12-21T10:00:48,2026-10-05T10:00:48,2026-10-05T08:21:48,4347a52366e66ec0d3decc7ca90127bc57eb73e0d1c47630422e37047020de2e,CURRENT,True
100017,P00017,c60756e900802feb62a1d488b91ed2115c241ee2cec21c03331513c7dc97c5e8,MEM7000017,GRP1017,OakStreet-South,846-42-1605,John,Jones,1989-10-07,F,+16686851300,8378 Pine St,Apt 158,Houston,TX,77005,USA,"8378 Pine St Apt 158, Houston, TX 77005, USA",PCP0009,Active,EHR,P00017,ING-PAT-20261005-00017,2026-10-05T09:58:51,2026-10-05T10:00:51,2021-12-29T10:00:51,2026-10-05T10:00:51,2026-10-05T07:55:51,16f585196c55f11daa6f965f74d483b33a2272e8eeca2b10aaf0fc9460fc6142,CURRENT,True
100018,P00018,64fe4da3bd8a749405f517d5e865fd5caabe0dfc0e56c9a0882f9a25a4493904,MEM7000018,GRP1018,OakStreet-East,715-21-2597,Daniel,Robinson,1981-05-09,M,+12417017661,7560 Pine Blvd,Apt 124,Austin,TX,78701,USA,"7560 Pine Blvd Apt 124, Austin, TX 78701, USA",PCP0007,Active,EHR,P00018,ING-PAT-20261005-00018,2026-10-05T09:58:54,2026-10-05T10:00:54,2023-11-11T10:00:54,2026-10-05T10:00:54,2026-10-05T06:54:54,76026018cd36afa08fa71ed51b65625060407cd6f031acdd9ef332e25884d3ef,CURRENT,True
100019,P00019,8e4dc01808eae8d9f1f61cc84581a093c02fbe72204410bb5d160c32f4d95ee0,MEM7000019,GRP1019,OakStreet-Southwest,721-28-0106,Lisa,Smith,1991-03-20,M,+13129023387,9157 Main St,,Austin,TX,78701,USA,"9157 Main St, Austin, TX 78701, USA",PCP0060,Active,EHR,P00019,ING-PAT-20261005-00019,2026-10-05T09:58:57,2026-10-05T10:00:57,2021-12-07T10:00:57,2026-10-05T10:00:57,2026-10-05T07:46:57,4ecd873cb1531642c71417bb804d46efec8e6c8cea7bf8d4e8d11de10003c756,CURRENT,True
100020,P00020,1b88c809b3cd78476e4b53831aa532fd7a9fca7341d0425e824b0c01e3cf9d5a,MEM7000020,GRP1020,OakStreet-Central,494-42-2185,Jessica,Brown,1953-01-05,M,+17926965127,7074 Pine Rd,,Houston,TX,77005,USA,"7074 Pine Rd, Houston, TX 77005, USA",PCP0033,Active,EHR,P00020,ING-PAT-20261005-00020,2026-10-05T09:59:00,2026-10-05T10:01:00,2022-03-15T10:01:00,2026-10-05T10:01:00,2026-10-05T07:38:00,a8015a1a4aecb849c1314e90db50bf0790990943e26abda2d9a2bb4d9009aa2b,CURRENT,True
100021,P00021,6eee6b0e0a8e772ca407a08d2045c03cb18de02ba4bb283a4f42b5c840d1af06,MEM7000021,GRP1021,OakStreet-South,749-13-5024,Karen,Robinson,1996-04-02,M,+19554657802,819 Lake St,,Atlanta,GA,30303,USA,"819 Lake St, Atlanta, GA 30303, USA",PCP0075,Active,EHR,P00021,ING-PAT-20261005-00021,2026-10-05T09:59:03,2026-10-05T10:01:03,2022-05-03T10:01:03,2026-10-05T10:01:03,2026-10-05T07:11:03,85b6d0343f1481f50aff54b8aa3602d801d68376d83ce2fe9f9d75e6da37ffb2,CURRENT,True
100022,P00022,1d6a4dd0175dca04cdaf828e30e9de6a12c29c26d20bf7c79b764ae6362346b6,MEM7000022,GRP1022,OakStreet-East,669-83-1079,Matthew,Clark,1942-12-11,M,+16559775699,7133 Park St,,Chicago,IL,60601,USA,"7133 Park St, Chicago, IL 60601, USA",PCP0029,Active,EHR,P00022,ING-PAT-20261005-00022,2026-10-05T09:59:06,2026-10-05T10:01:06,2025-02-24T10:01:06,2026-10-05T10:01:06,2026-10-05T08:01:06,7dee93b011a8b1b9d09053cb7458ce499e5ce5d95bf2f5bf05a2f812dae3d511,CURRENT,True
100023,P00023,9b929571a4343ccdc9eaef77114313a02ef1173f43cbb8c2b3805dabc4a3cd38,MEM7000023,GRP1023,OakStreet-Southwest,133-47-1241,Susan,Jackson,1938-03-10,F,+19634978393,6965 Market St,,Atlanta,GA,30303,USA,"6965 Market St, Atlanta, GA 30303, USA",PCP0079,Active,EHR,P00023,ING-PAT-20261005-00023,2026-10-05T09:59:09,2026-10-05T10:01:09,2025-04-13T10:01:09,2026-10-05T10:01:09,2026-10-05T09:14:09,2fbea90b6510e6437a45964bb4fc60f07385bb1d78ec79911c1b70f13d08ba4e,CURRENT,True
100024,P00024,a9769df6393e0fb77f89c254c66d14794ae086e6dde69d6ad5260c61f43d66d1,MEM7000024,GRP1024,OakStreet-Central,719-69-9651,Joseph,Hernandez,1992-06-20,F,+14685608840,7117 Lake St,,Chicago,IL,60601,USA,"7117 Lake St, Chicago, IL 60601, USA",PCP0035,Active,EHR,P00024,ING-PAT-20261005-00024,2026-10-05T09:59:12,2026-10-05T10:01:12,2022-06-25T10:01:12,2026-10-05T10:01:12,2026-10-05T09:41:12,ec1f0b1f63c8b21c46a8505bb3a1b02a60edd79af11f7f1722fd4cb41a37d121,CURRENT,True
100025,P00025,0d8f2aa76d238b23bfe55e021504ef0be9d1ec650e039befff838d99f2d040ce,MEM7000025,GRP1025,OakStreet-South,282-80-7497,Elizabeth,Harris,1963-03-28,F,+14606221720,9739 Park Rd,,Dallas,TX,75201,USA,"9739 Park Rd, Dallas, TX 75201, USA",PCP0016,Active,EHR,P00025,ING-PAT-20261005-00025,2026-10-05T09:59:15,2026-10-05T10:01:15,2022-04-10T10:01:15,2026-10-05T10:01:15,2026-10-05T09:30:15,93069b70a66646f4b10af6167a74dba263c034d5b625ab145b6ab7e5fe3fc4f8,CURRENT,True
100026,P00026,f3c4162503e410e632f5e9cad0c4535c364be65805f8f618003320145e6d9597,MEM7000026,GRP1026,OakStreet-East,723-85-8872,John,Jones,1969-04-21,M,+16028475571,1522 Lake Blvd,,Chicago,IL,60601,USA,"1522 Lake Blvd, Chicago, IL 60601, USA",PCP0117,Active,EHR,P00026,ING-PAT-20261005-00026,2026-10-05T09:59:18,2026-10-05T10:01:18,2023-05-26T10:01:18,2026-10-05T10:01:18,2026-10-05T08:49:18,850a27afa41f8ac5b8e6b62b05e893b13ce1f40c334df1705dc018ea8ea36df0,CURRENT,True
100027,P00027,3863ba34156e3ae490d78db154c46d47d61c41d3b05060decd6978bddd3ee0a9,MEM7000027,GRP1027,OakStreet-Southwest,540-28-7730,David,Martin,1950-09-20,M,+13576135384,6942 Main St,,Austin,TX,78701,USA,"6942 Main St, Austin, TX 78701, USA",PCP0044,Active,EHR,P00027,ING-PAT-20261005-00027,2026-10-05T09:59:21,2026-10-05T10:01:21,2024-04-29T10:01:21,2026-10-05T10:01:21,2026-10-05T06:05:21,1e91cd41aa1ed5b9c2313e80a46c9e2be03fbe6b70082688e0571fb07b44f10e,CURRENT,True
100028,P00028,108eab1358d3a82eaf57ed2cf0aad76821ea2c43e02850f7e3fcbb9e25164b8e,MEM7000028,GRP1028,OakStreet-Central,802-58-3948,Barbara,Harris,2001-05-22,F,+14546912445,5347 Lake St,,Atlanta,GA,30303,USA,"5347 Lake St, Atlanta, GA 30303, USA",PCP0017,Active,EHR,P00028,ING-PAT-20261005-00028,2026-10-05T09:59:24,2026-10-05T10:01:24,2025-07-24T10:01:24,2026-10-05T10:01:24,2026-10-05T07:59:24,e341a746cede351fdbab24f41e589ec33fc11cd2a5572462477c956e838f66c0,CURRENT,True
100029,P00029,cee65a32a6c0d9a73fdda48301fb35c8ca8f4f0297ed0d233b9f2777c7dda8d8,MEM7000029,GRP1029,OakStreet-South,664-48-1864,John,Gonzalez,1968-09-10,F,+17802508375,7968 Lake Ave,Apt 366,Houston,TX,77024,USA,"7968 Lake Ave Apt 366, Houston, TX 77024, USA",PCP0039,Active,EHR,P00029,ING-PAT-20261005-00029,2026-10-05T09:59:27,2026-10-05T10:01:27,2023-04-17T10:01:27,2026-10-05T10:01:27,2026-10-05T09:10:27,3949c24f47f5018bc8fb367633c91774c66b3c662fb166fdb59a95ae6a87101d,CURRENT,True
100030,P00030,7e4b968d1361aee9abad70f201963e55db68bd65fde034a3340b97e440f4e11d,MEM7000030,GRP1030,OakStreet-East,691-35-2385,John,Ramirez,1990-04-21,F,+15955681469,1469 Oak Ave,,Chicago,IL,60601,USA,"1469 Oak Ave, Chicago, IL 60601, USA",PCP0063,Inactive,EHR,P00030,ING-PAT-20261005-00030,2026-10-05T09:59:30,2026-10-05T10:01:30,2024-02-24T10:01:30,2026-10-05T10:01:30,2026-10-05T07:05:30,55f75e645fb0ab9256ee2e4c3e6e4fab5019dca13fe39009936cea681bf78442,CURRENT,True
100031,P00031,80c8c6d242363ccbddbc086fb1a47f5f32dff2d1fe23c000bb2b6491ce39b8c8,MEM7000031,GRP1031,OakStreet-Southwest,538-64-1844,Matthew,Anderson,1955-06-01,F,+14663629545,4467 Lake Blvd,,Dallas,TX,75201,USA,"4467 Lake Blvd, Dallas, TX 75201, USA",PCP0101,Active,EHR,P00031,ING-PAT-20261005-00031,2026-10-05T09:59:33,2026-10-05T10:01:33,2023-09-10T10:01:33,2026-10-05T10:01:33,2026-10-05T08:32:33,a2715535d0fe9cbf4ff884a1b5d3e4feef67f6ce268d43f6695d07fb5b77e3f5,CURRENT,True
100032,P00032,860ae368abc8674d70a745d8a3561c1d81edf08d109f96740fcda45fea48fb38,MEM7000032,GRP1032,OakStreet-Central,572-15-9733,Anthony,Brown,1962-12-05,F,+13169364405,1817 Park Ave,,San Antonio,TX,78205,USA,"1817 Park Ave, San Antonio, TX 78205, USA",PCP0067,Active,EHR,P00032,ING-PAT-20261005-00032,2026-10-05T09:59:36,2026-10-05T10:01:36,2023-02-12T10:01:36,2026-10-05T10:01:36,2026-10-05T06:01:36,0c8e1127fd578a3c99d0dc1902bd36dec86bae4116d73e28c986e771a647c7f9,CURRENT,True
100033,P00033,f4534baad5c64dc7f808a57fb78c0b7a13eb81a3e592c0e7542d8bee1a608e67,MEM7000033,GRP1033,OakStreet-South,616-32-8656,Jessica,Miller,1986-10-14,M,+18999142149,8281 Washington Rd,,San Antonio,TX,78205,USA,"8281 Washington Rd, San Antonio, TX 78205, USA",PCP0039,Active,EHR,P00033,ING-PAT-20261005-00033,2026-10-05T09:59:39,2026-10-05T10:01:39,2024-12-06T10:01:39,2026-10-05T10:01:39,2026-10-05T06:17:39,93bf4d1abd66358213b52990924b05db5691c37fc81e815414a8cd8016ce115c,CURRENT,True
100034,P00034,3e350f1371f0c449513b716843d95281968eda051c743959b5d5731b9f7868bd,MEM7000034,GRP1034,OakStreet-East,318-59-5700,Karen,Brown,1944-07-05,F,+15617399612,8942 Lake St,Apt 234,Atlanta,GA,30303,USA,"8942 Lake St Apt 234, Atlanta, GA 30303, USA",PCP0070,Active,EHR,P00034,ING-PAT-20261005-00034,2026-10-05T09:59:42,2026-10-05T10:01:42,2025-02-25T10:01:42,2026-10-05T10:01:42,2026-10-05T08:08:42,bda1250079f031c3965d581131e448edcd3cd9708fef1a3d9b56f71626fcf8ed,CURRENT,True
100035,P00035,c1b6c2bd56cb6bbb42dd08275efcb804ce9f51db0879c9dbda4ffd35315e3005,MEM7000035,GRP1035,OakStreet-Southwest,165-65-4310,Daniel,Harris,1970-02-11,M,+18307876664,4745 Washington Blvd,,Orlando,FL,32801,USA,"4745 Washington Blvd, Orlando, FL 32801, USA",PCP0078,Active,EHR,P00035,ING-PAT-20261005-00035,2026-10-05T09:59:45,2026-10-05T10:01:45,2023-12-30T10:01:45,2026-10-05T10:01:45,2026-10-05T08:11:45,64fc19643fd1965dc2d61c6beda505f836a3da0c8d0805e5bf4d169cde2b53b8,CURRENT,True
100036,P00036,7a1b5c672a6b79fdf8d1cca763a5c4cd29ba77f6f5d3dee4e2b8409bb07fa353,MEM7000036,GRP1036,OakStreet-Central,419-87-4424,Karen,Lopez,1935-04-16,M,+19053321794,5412 Market St,,Houston,TX,77005,USA,"5412 Market St, Houston, TX 77005, USA",PCP0060,Active,EHR,P00036,ING-PAT-20261005-00036,2026-10-05T09:59:48,2026-10-05T10:01:48,2023-10-02T10:01:48,2026-10-05T10:01:48,2026-10-05T06:55:48,3f37cb9533fab5fb5e3d26fb6e2b1f8701404f7e5df404b45dd013ea344ed2f8,CURRENT,True
100037,P00037,308dbfad1e03ac07dd0c28431828b27c26f7b2d6531b16370a19efb9ef4ad83f,MEM7000037,GRP1037,OakStreet-South,880-57-0590,Jessica,Martinez,1979-08-22,F,+16954224377,3745 Park Ave,,Houston,TX,77005,USA,"3745 Park Ave, Houston, TX 77005, USA",PCP0081,Active,EHR,P00037,ING-PAT-20261005-00037,2026-10-05T09:59:51,2026-10-05T10:01:51,2022-07-18T10:01:51,2026-10-05T10:01:51,2026-10-05T08:34:51,c73ece26661f8d823390a0a3c732eccbda0dd6dfe4b64198de0f7b451d18c4ad,CURRENT,True
100038,P00038,245bd3830aa8d823f7f47f74af4869fc87fdd8c3e2398ed88d500034a48749e5,MEM7000038,GRP1038,OakStreet-East,554-19-5963,Barbara,Thompson,1999-02-05,F,+13738304142,3912 Lake St,Apt 193,Atlanta,GA,30303,USA,"3912 Lake St Apt 193, Atlanta, GA 30303, USA",PCP0024,Active,EHR,P00038,ING-PAT-20261005-00038,2026-10-05T09:59:54,2026-10-05T10:01:54,2025-02-15T10:01:54,2026-10-05T10:01:54,2026-10-05T09:35:54,9062ceeaf8f3ecbf35b88ca8d9ff8ab81dc8efb6446f8099629e5cdf3a9e840d,CURRENT,True
100039,P00039,71ceacd0f6a23c2c15eb8978a69a627dee1750b5f90ba2bb400f8eedf32527e4,MEM7000039,GRP1039,OakStreet-Southwest,375-36-9728,James,Smith,1982-07-15,F,+19542556588,7066 Park St,,San Antonio,TX,78205,USA,"7066 Park St, San Antonio, TX 78205, USA",PCP0033,Active,EHR,P00039,ING-PAT-20261005-00039,2026-10-05T09:59:57,2026-10-05T10:01:57,2023-02-22T10:01:57,2026-10-05T10:01:57,2026-10-05T06:01:57,faaabf2541b0a2c359b61d8a3a5b85701133d941547fa7c2462fcc5216519eb2,CURRENT,True
100040,P00040,069d55b3704cc1b13551dcb8c5e3cb43999780fa560bcae451ec567fe4cec8cb,MEM7000040,GRP1000,OakStreet-Central,811-75-1786,Mary,Lopez,1986-09-22,F,+12762521705,7156 Oak Rd,,San Antonio,TX,78205,USA,"7156 Oak Rd, San Antonio, TX 78205, USA",PCP0094,Active,EHR,P00040,ING-PAT-20261005-00040,2026-10-05T10:00:00,2026-10-05T10:02:00,2022-06-02T10:02:00,2026-10-05T10:02:00,2026-10-05T08:11:00,263d86f0df59c22cb94d13debbd12a6d9308adad23cf34ba51f8eea749e1507f,CURRENT,True
100041,P00041,432c100a83e5b6e1727174f053cc2f32555fe111e7ebae5fc62c8b2d2ed5fe95,MEM7000041,GRP1001,OakStreet-South,178-95-8130,Lisa,Jones,1937-10-24,M,+12997992908,1611 Lake St,,Orlando,FL,32801,USA,"1611 Lake St, Orlando, FL 32801, USA",PCP0069,Active,EHR,P00041,ING-PAT-20261005-00041,2026-10-05T10:00:03,2026-10-05T10:02:03,2025-06-24T10:02:03,2026-10-05T10:02:03,2026-10-05T09:17:03,244cb0dd2416dc8ac31a3baa944c4f1d758c2446e6b25cbcb9d16870bb94c5ad,CURRENT,True
100042,P00042,63f35874f3c9a71d8989dbab7fcb3747912a0d779c33abb5675e5a0dd82fd9d9,MEM7000042,GRP1002,OakStreet-East,454-66-6599,Jessica,Perez,1999-10-07,F,+19513657805,427 Lake Blvd,,Chicago,IL,60601,USA,"427 Lake Blvd, Chicago, IL 60601, USA",PCP0019,Active,EHR,P00042,ING-PAT-20261005-00042,2026-10-05T10:00:06,2026-10-05T10:02:06,2025-09-06T10:02:06,2026-10-05T10:02:06,2026-10-05T09:46:06,919ba040b5b851987678b266fcf9b09987aa0dc6c11a04eba9a0bf30e4b76d2a,CURRENT,True
100043,P00043,c93df2a783610e62167fed47db10461ec22b807a13541e5b3342080a1cc04689,MEM7000043,GRP1003,OakStreet-Southwest,685-61-4230,Charles,Wilson,1995-03-13,F,+19654183551,3902 Park Blvd,,Orlando,FL,32801,USA,"3902 Park Blvd, Orlando, FL 32801, USA",PCP0033,Active,EHR,P00043,ING-PAT-20261005-00043,2026-10-05T10:00:09,2026-10-05T10:02:09,2024-05-10T10:02:09,2026-10-05T10:02:09,2026-10-05T09:36:09,cb5c96e37d581b3a0eaab871627eb7d004e5304e1915688e8dbed8f35644f0d7,CURRENT,True
100044,P00044,91755cd7544d1973285c5fa89a75305501cd7d311517ae34ed61e5de540b6521,MEM7000044,GRP1004,OakStreet-Central,155-29-0868,Linda,Hernandez,1948-03-12,F,+19534881025,2816 Oak St,,Atlanta,GA,30303,USA,"2816 Oak St, Atlanta, GA 30303, USA",PCP0113,Active,EHR,P00044,ING-PAT-20261005-00044,2026-10-05T10:00:12,2026-10-05T10:02:12,2022-11-07T10:02:12,2026-10-05T10:02:12,2026-10-05T07:14:12,48c5df0f034105dd2dd84cf0d7c8f5eb3fc382df8bcff9301cc67c234294e953,CURRENT,True
100045,P00045,020e56a398054c9bcd6f295aa6c4d3bbaec4b4c0193095e8cc89b8563288ff7a,MEM7000045,GRP1005,OakStreet-South,752-38-7418,Mark,Smith,1994-05-05,F,+18695161965,3995 Pine Ave,,Atlanta,GA,30303,USA,"3995 Pine Ave, Atlanta, GA 30303, USA",PCP0057,Active,EHR,P00045,ING-PAT-20261005-00045,2026-10-05T10:00:15,2026-10-05T10:02:15,2023-12-06T10:02:15,2026-10-05T10:02:15,2026-10-05T08:59:15,534edd8c851bcb5f5a14c64cb90e8911f0bb0257984455d11061a34a7f47e754,CURRENT,True
100046,P00046,1c2112ea8fb3ca8c1e736a8b42cd392992f60b5f5e1cbda882ac2356a9913bc0,MEM7000046,GRP1006,OakStreet-East,630-59-0720,Michael,Perez,1946-02-26,M,+13097788639,7450 Pine Ave,,Austin,TX,78701,USA,"7450 Pine Ave, Austin, TX 78701, USA",PCP0007,Active,EHR,P00046,ING-PAT-20261005-00046,2026-10-05T10:00:18,2026-10-05T10:02:18,2025-07-05T10:02:18,2026-10-05T10:02:18,2026-10-05T08:45:18,3c905f39344579626116aa7742fd143f0a86c93451672aab17e1db2cae002bf4,CURRENT,True
100047,P00047,21d256a54d0ab75ad1c064c476109eb84bde526a179a32d91d46a66c962c3d2c,MEM7000047,GRP1007,OakStreet-Southwest,296-64-0694,Michael,Moore,1981-01-06,M,+15459474948,3313 Market Ave,Apt 364,Houston,TX,77005,USA,"3313 Market Ave Apt 364, Houston, TX 77005, USA",PCP0099,Active,EHR,P00047,ING-PAT-20261005-00047,2026-10-05T10:00:21,2026-10-05T10:02:21,2023-05-14T10:02:21,2026-10-05T10:02:21,2026-10-05T09:23:21,810a98f5b173fff031a503bde0506db97649220493857842126e15f27173386a,CURRENT,True
100048,P00048,201b5ad4d5f8921aebe1bd653f7921baa77ea5868a2fbf55f2ce53b4ee22ff69,MEM7000048,GRP1008,OakStreet-Central,390-54-7493,William,Davis,1955-12-11,M,+16502398605,4113 Lake Ave,,Houston,TX,77005,USA,"4113 Lake Ave, Houston, TX 77005, USA",PCP0036,Active,EHR,P00048,ING-PAT-20261005-00048,2026-10-05T10:00:24,2026-10-05T10:02:24,2022-07-16T10:02:24,2026-10-05T10:02:24,2026-10-05T08:51:24,840c5d55f9bc5cfa91f36eb687cf7a303152f73f0c50cf4134a5f1a8ad71b38b,CURRENT,True
100049,P00049,1123610c13ed8b231088356a4fd79bae2ef768896a2bc7f16b933f783b59d65c,MEM7000049,GRP1009,OakStreet-South,682-70-8338,Richard,Brown,1999-08-16,M,+16402371968,2919 Lake Rd,,Austin,TX,78701,USA,"2919 Lake Rd, Austin, TX 78701, USA",PCP0007,Active,EHR,P00049,ING-PAT-20261005-00049,2026-10-05T10:00:27,2026-10-05T10:02:27,2024-10-19T10:02:27,2026-10-05T10:02:27,2026-10-05T06:05:27,786dd8e842c95ad4e56050cec0d869c47cb076c1cc5db8cba38c33923cbe99af,CURRENT,True
100050,P00050,8b6a3c0a5c8979492e43eaf6bcb063afc15610fc304a949bda592c139ed3a077,MEM7000050,GRP1010,OakStreet-East,738-70-4308,Robert,Brown,1976-03-26,F,+18547694993,9286 Oak Ave,Apt 834,Austin,TX,78701,USA,"9286 Oak Ave Apt 834, Austin, TX 78701, USA",PCP0056,Active,EHR,P00050,ING-PAT-20261005-00050,2026-10-05T10:00:30,2026-10-05T10:02:30,2022-10-24T10:02:30,2026-10-05T10:02:30,2026-10-05T08:14:30,853c6f70f503b764edb13dadd9e313752fdb71c657367c62f5de5fdd7187c236,CURRENT,True
100051,P00051,687b2b1606eae738db8086d8980e2f2cee91e6ccaed9e007ed88dac740f0f699,MEM7000051,GRP1011,OakStreet-Southwest,823-16-0836,Nancy,Harris,1988-08-23,F,+13478952549,1496 Market Blvd,,Houston,TX,77002,USA,"1496 Market Blvd, Houston, TX 77002, USA",PCP0017,Active,EHR,P00051,ING-PAT-20261005-00051,2026-10-05T10:00:33,2026-10-05T10:02:33,2025-05-22T10:02:33,2026-10-05T10:02:33,2026-10-05T08:16:33,847ab58fc32b0ddbeafaea3f461a7a105ddb08ee4abe433594c9c05c8afb7294,CURRENT,True
100052,P00052,e28ae94a3084ffb99d2120eac318694171956011ece57e8e35940a0109989e44,MEM7000052,GRP1012,OakStreet-Central,150-15-7409,Robert,Lee,1944-02-10,M,+16904994233,7297 Pine Rd,,San Antonio,TX,78205,USA,"7297 Pine Rd, San Antonio, TX 78205, USA",PCP0082,Active,EHR,P00052,ING-PAT-20261005-00052,2026-10-05T10:00:36,2026-10-05T10:02:36,2023-10-03T10:02:36,2026-10-05T10:02:36,2026-10-05T09:19:36,8b49f3fb1ef5195b337a17d98f56cf8cb2255a3c3b725ce8102d0c9679b160d3,CURRENT,True
100053,P00053,7e74037332ef992e62b58024377b5902ad046c749b6d2d7354023b71c14b1ea6,MEM7000053,GRP1013,OakStreet-South,338-53-4039,Mary,Ramirez,1988-06-01,F,+13594113066,1169 Pine Ave,Apt 325,Phoenix,AZ,85004,USA,"1169 Pine Ave Apt 325, Phoenix, AZ 85004, USA",PCP0048,Active,EHR,P00053,ING-PAT-20261005-00053,2026-10-05T10:00:39,2026-10-05T10:02:39,2024-01-05T10:02:39,2026-10-05T10:02:39,2026-10-05T09:09:39,5fbb1dbfd5b1d5db20c41c1976e997a9e3cc917ddf216a436f09f95dc2f34671,CURRENT,True
100054,P00054,3d061253d4e9bf46b051c8dac8c8f6aba25f8e9d79bbcd33a645fbcbfdaffc2f,MEM7000054,GRP1014,OakStreet-East,560-68-7275,Nancy,Martinez,1997-12-07,M,+19749748056,9670 Main Rd,Apt 945,Chicago,IL,60601,USA,"9670 Main Rd Apt 945, Chicago, IL 60601, USA",PCP0044,Active,EHR,P00054,ING-PAT-20261005-00054,2026-10-05T10:00:42,2026-10-05T10:02:42,2025-03-27T10:02:42,2026-10-05T10:02:42,2026-10-05T07:09:42,460d335005976dc8433b85c6240b4a00c1702aedf3c3e191307cdd39d852fdb6,CURRENT,True
100055,P00055,f4ccbfeda9b4134ced3dddef899e6275eaecade06ff9bf54359698778a142e4e,MEM7000055,GRP1015,OakStreet-Southwest,144-32-1412,William,Walker,1985-09-04,F,+12667403594,2357 Oak Rd,Apt 672,Houston,TX,77024,USA,"2357 Oak Rd Apt 672, Houston, TX 77024, USA",PCP0003,Inactive,EHR,P00055,ING-PAT-20261005-00055,2026-10-05T10:00:45,2026-10-05T10:02:45,2024-03-13T10:02:45,2026-10-05T10:02:45,2026-10-05T06:54:45,01819088f85e4874fa9931fa56f0b44dc84c32efbf07e31aed7e2ce3532e7cef,CURRENT,True
100056,P00056,deb3c3dfb094623694da5cb1236f70841b42e56d0287f6b2aa96a55e63b5db97,MEM7000056,GRP1016,OakStreet-Central,426-50-1162,Ashley,Robinson,1997-03-17,F,+12498859440,988 Park Ave,Apt 457,Atlanta,GA,30303,USA,"988 Park Ave Apt 457, Atlanta, GA 30303, USA",PCP0112,Active,EHR,P00056,ING-PAT-20261005-00056,2026-10-05T10:00:48,2026-10-05T10:02:48,2025-06-02T10:02:48,2026-10-05T10:02:48,2026-10-05T08:16:48,8b1fea6aed2fbe4f625dfe0386e6bf12a40c57b8d3c119908e191949f8fde078,CURRENT,True
100057,P00057,8ed1975ac8c4675a58814332579e18e40d62d0ef54a2a3f4e5210e18cb81eaaa,MEM7000057,GRP1017,OakStreet-South,409-65-3310,Michael,Lee,1985-10-26,M,+14302681429,1615 Park Rd,,San Antonio,TX,78205,USA,"1615 Park Rd, San Antonio, TX 78205, USA",PCP0057,Active,EHR,P00057,ING-PAT-20261005-00057,2026-10-05T10:00:51,2026-10-05T10:02:51,2025-09-05T10:02:51,2026-10-05T10:02:51,2026-10-05T07:50:51,502b60e0c06ad732ef9ff878477623e6e524e7cec6ed7d7f5f02cf6e4ffb8b06,CURRENT,True
100058,P00058,649225524d8aec16a4dc4dd4f49ca36a9f505ec8df043744ec82b489ce0bafa2,MEM7000058,GRP1018,OakStreet-East,577-56-6911,Linda,Sanchez,1971-10-11,F,+17265913495,5487 Park Rd,,Dallas,TX,75201,USA,"5487 Park Rd, Dallas, TX 75201, USA",PCP0100,Active,EHR,P00058,ING-PAT-20261005-00058,2026-10-05T10:00:54,2026-10-05T10:02:54,2025-09-04T10:02:54,2026-10-05T10:02:54,2026-10-05T09:21:54,ee2d7be504050e3c7f2f498b5e77b8db7c5476a991827e4618dff9eb782d5a7a,CURRENT,True
100059,P00059,12e59f3139ffd29da38fbfe28f0dc546cbbc5d67bf0c2ca0fbda77c68637c2a0,MEM7000059,GRP1019,OakStreet-Southwest,641-84-0681,Lisa,Jackson,1981-04-24,M,+17558805613,5973 Pine St,,Houston,TX,77024,USA,"5973 Pine St, Houston, TX 77024, USA",PCP0103,Active,EHR,P00059,ING-PAT-20261005-00059,2026-10-05T10:00:57,2026-10-05T10:02:57,2023-06-08T10:02:57,2026-10-05T10:02:57,2026-10-05T09:24:57,538438746897e8128c070333c53a6915d0725c5822a9ee42e1cc60907eaaae70,CURRENT,True
100060,P00060,f7b428d3ba64f6169069eb7c006d32e2632459ffb6799d417928090928904343,MEM7000060,GRP1020,OakStreet-Central,297-54-1839,John,Rodriguez,1968-01-04,F,+19442095701,7722 Pine Ave,,Dallas,TX,75201,USA,"7722 Pine Ave, Dallas, TX 75201, USA",PCP0012,Active,EHR,P00060,ING-PAT-20261005-00060,2026-10-05T10:01:00,2026-10-05T10:03:00,2023-03-19T10:03:00,2026-10-05T10:03:00,2026-10-05T07:13:00,027f2642f477b50478328b799bafcd1507fb260fd5f0e9fb15c99f02ab2229fe,CURRENT,True
100061,P00061,d0e320becac4d4164c47d75e6942c3863245a45aa2d453f1ebc976eeb7debb35,MEM7000061,GRP1021,OakStreet-South,881-70-6203,Richard,Taylor,1945-12-10,F,+15655502062,219 Lake Blvd,,Houston,TX,77002,USA,"219 Lake Blvd, Houston, TX 77002, USA",PCP0035,Active,EHR,P00061,ING-PAT-20261005-00061,2026-10-05T10:01:03,2026-10-05T10:03:03,2022-01-17T10:03:03,2026-10-05T10:03:03,2026-10-05T08:40:03,53608396771d020ffa498b30aff5691a3770c4d6b87ece8478c3b1c09e4496ad,CURRENT,True
100062,P00062,45ed6a8abda42f4050da8b2cb914487817e152607b98162076bf48cb3396c999,MEM7000062,GRP1022,OakStreet-East,515-90-5166,Sarah,Rodriguez,1998-07-11,M,+16705507205,855 Lake St,,Houston,TX,77002,USA,"855 Lake St, Houston, TX 77002, USA",PCP0087,Active,EHR,P00062,ING-PAT-20261005-00062,2026-10-05T10:01:06,2026-10-05T10:03:06,2025-05-25T10:03:06,2026-10-05T10:03:06,2026-10-05T08:00:06,2c80a87da2f23e0dd47fb341bd1cc3335e53bdea1f488f67f90bb809b963edb0,CURRENT,True
100063,P00063,97b8e1981c88de3c1e57faab4796a0a863c840c06ddff5f55973a725171ed958,MEM7000063,GRP1023,OakStreet-Southwest,809-25-4077,Linda,Lopez,1973-09-07,F,+12745129836,6746 Washington Ave,Apt 214,Austin,TX,78701,USA,"6746 Washington Ave Apt 214, Austin, TX 78701, USA",PCP0028,Active,EHR,P00063,ING-PAT-20261005-00063,2026-10-05T10:01:09,2026-10-05T10:03:09,2025-02-20T10:03:09,2026-10-05T10:03:09,2026-10-05T07:37:09,35b45fa55374461abf806b74b6181b9aab756c0a658d36abdca2d2f664d7789f,CURRENT,True
100064,P00064,a3ff466e0d81624cbff0cd31c253faf21ff60edd786846f140d7c212ad167b7b,MEM7000064,GRP1024,OakStreet-Central,727-29-8936,Charles,Robinson,1954-12-05,F,+12855618636,2203 Park Ave,,Dallas,TX,75201,USA,"2203 Park Ave, Dallas, TX 75201, USA",PCP0040,Active,EHR,P00064,ING-PAT-20261005-00064,2026-10-05T10:01:12,2026-10-05T10:03:12,2023-07-02T10:03:12,2026-10-05T10:03:12,2026-10-05T06:38:12,bcd000c13c12823d1c66331a6cfdcddccb24bbdfca817c1b1de0d309d498ba08,CURRENT,True
100065,P00065,845bfd7872dde023b1196388cb27fa7fe1adf671efdf3b5412aade70ff5135cc,MEM7000065,GRP1025,OakStreet-South,139-19-2751,Joseph,Clark,1970-04-08,F,+19607478183,2707 Market Ave,,Houston,TX,77002,USA,"2707 Market Ave, Houston, TX 77002, USA",PCP0009,Active,EHR,P00065,ING-PAT-20261005-00065,2026-10-05T10:01:15,2026-10-05T10:03:15,2023-02-01T10:03:15,2026-10-05T10:03:15,2026-10-05T08:01:15,1da181c32d3ae8bc0829b7f37420ccac77adfd2093d16e88da3361f06e258195,CURRENT,True
100066,P00066,7e325da584b95c88b6120303858b2ba4d5d13022944cd35eb45c215058991592,MEM7000066,GRP1026,OakStreet-East,585-99-0644,Thomas,Davis,1982-07-03,F,+16278674764,6226 Oak Ave,,Austin,TX,78701,USA,"6226 Oak Ave, Austin, TX 78701, USA",PCP0068,Active,EHR,P00066,ING-PAT-20261005-00066,2026-10-05T10:01:18,2026-10-05T10:03:18,2023-11-02T10:03:18,2026-10-05T10:03:18,2026-10-05T06:20:18,2a7d3d445ee94898103253dae4b44dcad17bd58542baece314d158d6c7ca9dd0,CURRENT,True
100067,P00067,bbfb5dbad4960318276ec194452d5bde45c39198ccaad16d08656e25f149d7d3,MEM7000067,GRP1027,OakStreet-Southwest,636-79-6373,Betty,Smith,1936-05-13,F,+14805388366,4898 Pine Ave,,Dallas,TX,75201,USA,"4898 Pine Ave, Dallas, TX 75201, USA",PCP0016,Active,EHR,P00067,ING-PAT-20261005-00067,2026-10-05T10:01:21,2026-10-05T10:03:21,2025-10-28T10:03:21,2026-10-05T10:03:21,2026-10-05T07:32:21,ed342da202eac33396c829a397004b4951ff434a2d3afbf3a0122ebb0a9ecfef,CURRENT,True
100068,P00068,0e04593b9e804f2c3bac5e8d46012ee816c0245ad7b32860ff3104f0e7f7e1a5,MEM7000068,GRP1028,OakStreet-Central,660-42-2282,Elizabeth,Walker,1969-08-12,F,+17207694576,3029 Market Rd,,Dallas,TX,75201,USA,"3029 Market Rd, Dallas, TX 75201, USA",PCP0080,Active,EHR,P00068,ING-PAT-20261005-00068,2026-10-05T10:01:24,2026-10-05T10:03:24,2024-02-15T10:03:24,2026-10-05T10:03:24,2026-10-05T08:00:24,57e9645bc18c49850c152d32ddfb7f3e2a8c250566171fad01c906d4f5a0aaf1,CURRENT,True
100069,P00069,4e75bd80b8beafa0f34bd1354cc6b86f9e209fad674b3b894810f81e783470e3,MEM7000069,GRP1029,OakStreet-South,820-16-3951,James,Martin,1947-06-07,F,+15612664023,1807 Washington St,,Phoenix,AZ,85004,USA,"1807 Washington St, Phoenix, AZ 85004, USA",PCP0116,Active,EHR,P00069,ING-PAT-20261005-00069,2026-10-05T10:01:27,2026-10-05T10:03:27,2024-12-13T10:03:27,2026-10-05T10:03:27,2026-10-05T08:31:27,079d3c40c29614719e30a07ad631882089d48249e7b9ca4bf96448f497ad3a93,CURRENT,True
100070,P00070,243c7c6b02768476c33358735526505b356e6a0396ec07239ab8afae252e317e,MEM7000070,GRP1030,OakStreet-East,802-42-7615,Michael,Taylor,1938-11-15,F,+15556368029,3299 Lake Ave,Apt 860,Atlanta,GA,30303,USA,"3299 Lake Ave Apt 860, Atlanta, GA 30303, USA",PCP0111,Active,EHR,P00070,ING-PAT-20261005-00070,2026-10-05T10:01:30,2026-10-05T10:03:30,2022-06-21T10:03:30,2026-10-05T10:03:30,2026-10-05T08:38:30,d3c28957029f56c6b399239f59518085599a2a7027c00ae810416cc29de2a0ba,CURRENT,True
100071,P00071,b0895f950c61d3647965c014b75329aa0911574e0b0d813523aa0673e08c5687,MEM7000071,GRP1031,OakStreet-Southwest,874-76-6951,William,Perez,1945-05-12,M,+13114435335,564 Market St,,Houston,TX,77005,USA,"564 Market St, Houston, TX 77005, USA",PCP0029,Active,EHR,P00071,ING-PAT-20261005-00071,2026-10-05T10:01:33,2026-10-05T10:03:33,2023-03-14T10:03:33,2026-10-05T10:03:33,2026-10-05T09:23:33,c1e3fda57d4760f724d35a05285b3826deb2ad3e7515330e6ba49d58cdbc3abd,CURRENT,True
100072,P00072,6927d39c16c1d6bc142dc1242760a86007dfb849c494b43a499ad265ce6e0f07,MEM7000072,GRP1032,OakStreet-Central,335-91-9227,Daniel,Lee,1949-05-11,F,+12796895281,2805 Park Blvd,,Austin,TX,78701,USA,"2805 Park Blvd, Austin, TX 78701, USA",PCP0018,Active,EHR,P00072,ING-PAT-20261005-00072,2026-10-05T10:01:36,2026-10-05T10:03:36,2021-11-11T10:03:36,2026-10-05T10:03:36,2026-10-05T07:33:36,d0663a6f14cd5ab3b2806a24443bd29aec7df79dc84be9701929c5ccd88a3bbf,CURRENT,True
100073,P00073,ba6c58d18d7b9bbec90ed5c02e5c462a461e8265d02043e71319b54c808604be,MEM7000073,GRP1033,OakStreet-South,114-55-1543,Richard,Thompson,1965-02-22,F,+14045312774,8541 Oak St,,Dallas,TX,75201,USA,"8541 Oak St, Dallas, TX 75201, USA",PCP0108,Active,EHR,P00073,ING-PAT-20261005-00073,2026-10-05T10:01:39,2026-10-05T10:03:39,2022-04-08T10:03:39,2026-10-05T10:03:39,2026-10-05T08:09:39,3f00e9f5996376d6db5d92a39dabb1d3302c329636c0a10215b98c3945fc102e,CURRENT,True
100074,P00074,3eed1a65b6f09430743b3c4260197e2676049f40494511946947398c635ae015,MEM7000074,GRP1034,OakStreet-East,172-38-5689,Margaret,Moore,1948-08-10,M,+19186867290,9286 Park Rd,,Houston,TX,77005,USA,"9286 Park Rd, Houston, TX 77005, USA",PCP0082,Active,EHR,P00074,ING-PAT-20261005-00074,2026-10-05T10:01:42,2026-10-05T10:03:42,2025-05-31T10:03:42,2026-10-05T10:03:42,2026-10-05T09:19:42,6a475fb49cc3ed10dd51409e683a2b2626079a7d57390f7fb04a36c559224aa8,CURRENT,True
100075,P00075,a67bcfa84e854644e201ccb79a0a16944ece341bfecc5b5511cedf72e6b0de41,MEM7000075,GRP1035,OakStreet-Southwest,796-60-9975,Matthew,Miller,1942-11-06,F,+17815008893,452 Park Blvd,,Atlanta,GA,30303,USA,"452 Park Blvd, Atlanta, GA 30303, USA",PCP0092,Active,EHR,P00075,ING-PAT-20261005-00075,2026-10-05T10:01:45,2026-10-05T10:03:45,2025-11-21T10:03:45,2026-10-05T10:03:45,2026-10-05T09:24:45,6c6cdbb6335175d741cb387e76420b3ba9392df4553926c8b1750405e7609b37,CURRENT,True
100076,P00076,2bd215a4f541789c9d1d12b29f7a9a6d952c630ccac33cbae18a8fa012de6e9b,MEM7000076,GRP1036,OakStreet-Central,387-43-8245,Margaret,Clark,1935-05-09,M,+15079325327,6696 Washington Rd,,Phoenix,AZ,85004,USA,"6696 Washington Rd, Phoenix, AZ 85004, USA",PCP0103,Active,EHR,P00076,ING-PAT-20261005-00076,2026-10-05T10:01:48,2026-10-05T10:03:48,2024-04-07T10:03:48,2026-10-05T10:03:48,2026-10-05T06:44:48,1c5baf8ad157d4fa68f42d7ebf3abe01bdf8259193798562e2e6ea1947e86be9,CURRENT,True
100077,P00077,c12455c8f893b9aab834562d0003392b2e1f75681da46beed78899a321636662,MEM7000077,GRP1037,OakStreet-South,548-60-7355,Betty,Sanchez,1970-08-04,M,+14928913299,7497 Pine Rd,,Chicago,IL,60601,USA,"7497 Pine Rd, Chicago, IL 60601, USA",PCP0105,Active,EHR,P00077,ING-PAT-20261005-00077,2026-10-05T10:01:51,2026-10-05T10:03:51,2022-09-08T10:03:51,2026-10-05T10:03:51,2026-10-05T09:55:51,dae899e1d01680407eb71db85a2ba2ab7d85c6aa857d6ec7624e7fe6accf3623,CURRENT,True
100078,P00078,75b6c5fa9b79321877edffd9ce1b9dc1fb9e5b289f88988467fd1c0c430c3284,MEM7000078,GRP1038,OakStreet-East,126-29-6364,Karen,Clark,1989-07-17,F,+18394788720,9877 Pine St,Apt 410,Phoenix,AZ,85004,USA,"9877 Pine St Apt 410, Phoenix, AZ 85004, USA",PCP0092,Active,EHR,P00078,ING-PAT-20261005-00078,2026-10-05T10:01:54,2026-10-05T10:03:54,2023-09-20T10:03:54,2026-10-05T10:03:54,2026-10-05T08:33:54,2d9aa4e69be5e5ea7b4c0b26d692ddae798b81094a1deb3b738d48bd2d9b344f,CURRENT,True
100079,P00079,0a9dab9675d63d8d0ae45d110596a4417faf388d1443cba387aab31035dbba34,MEM7000079,GRP1039,OakStreet-Southwest,686-53-5307,Karen,Lewis,1959-12-07,F,+17304005135,9716 Pine Blvd,,Chicago,IL,60601,USA,"9716 Pine Blvd, Chicago, IL 60601, USA",PCP0112,Active,EHR,P00079,ING-PAT-20261005-00079,2026-10-05T10:01:57,2026-10-05T10:03:57,2021-12-16T10:03:57,2026-10-05T10:03:57,2026-10-05T07:59:57,f722560da75d5fea283d5d22815f0bcdb690633224694ae0c0e5b77baa949919,CURRENT,True
100080,P00080,caa1c5ab18646217776c351f269ffca19eead8f727faa150726378126587a4bb,MEM7000080,GRP1000,OakStreet-Central,687-58-6566,Richard,Hernandez,1955-12-24,M,+12064046554,3853 Park Rd,Apt 997,Atlanta,GA,30303,USA,"3853 Park Rd Apt 997, Atlanta, GA 30303, USA",PCP0041,Active,EHR,P00080,ING-PAT-20261005-00080,2026-10-05T10:02:00,2026-10-05T10:04:00,2024-03-24T10:04:00,2026-10-05T10:04:00,2026-10-05T08:23:00,bfa0da0f03c4762c7e556da85737425f70558b8c52f614e8fa64281ade6eb4cd,CURRENT,True
100081,P00081,01b3ec69107807065e07f3d414def1c51d3e0c6f7e0b2f5508f43c98b663bf77,MEM7000081,GRP1001,OakStreet-South,860-96-6879,Richard,Lewis,1945-08-01,F,+12338642876,3868 Market Rd,,Phoenix,AZ,85004,USA,"3868 Market Rd, Phoenix, AZ 85004, USA",PCP0071,Active,EHR,P00081,ING-PAT-20261005-00081,2026-10-05T10:02:03,2026-10-05T10:04:03,2024-08-02T10:04:03,2026-10-05T10:04:03,2026-10-05T07:33:03,a560dc754eef3f8b80fa588fbed86c5ecb8368f4d80f781714a45ff30872b960,CURRENT,True
100082,P00082,ea761a7a28843c740d1ef1e9d098bcc5beb17dfe5f871cffaf1693834f258906,MEM7000082,GRP1002,OakStreet-East,595-31-2573,Sarah,Johnson,1967-10-22,F,+17839133375,9366 Washington Blvd,,Chicago,IL,60601,USA,"9366 Washington Blvd, Chicago, IL 60601, USA",PCP0102,Active,EHR,P00082,ING-PAT-20261005-00082,2026-10-05T10:02:06,2026-10-05T10:04:06,2025-09-13T10:04:06,2026-10-05T10:04:06,2026-10-05T07:00:06,7d83a62451c722a2dd2c8dd56c471a882e477a476994fa1854be48fdbf479aff,CURRENT,True
100083,P00083,600aab97800e0910f1ba0da136de27196aaf8ed0d72d202e04fbfe0e3f8420d7,MEM7000083,GRP1003,OakStreet-Southwest,195-61-8506,Lisa,White,1994-04-18,F,+17194971756,7311 Lake St,,Chicago,IL,60601,USA,"7311 Lake St, Chicago, IL 60601, USA",PCP0052,Active,EHR,P00083,ING-PAT-20261005-00083,2026-10-05T10:02:09,2026-10-05T10:04:09,2022-09-13T10:04:09,2026-10-05T10:04:09,2026-10-05T07:51:09,0238e4a12ff88663de1897bf9a267d62785dcf8b162d4e3aee52d76a1f578de4,CURRENT,True
100084,P00084,59e8a02a378dc6da9a35c8ef71a0199124985f640024ca06a351ef659aa20d41,MEM7000084,GRP1004,OakStreet-Central,770-20-2216,Michael,Martin,1996-06-23,F,+12872644761,506 Main Blvd,,San Antonio,TX,78205,USA,"506 Main Blvd, San Antonio, TX 78205, USA",PCP0010,Active,EHR,P00084,ING-PAT-20261005-00084,2026-10-05T10:02:12,2026-10-05T10:04:12,2025-01-12T10:04:12,2026-10-05T10:04:12,2026-10-05T07:36:12,f16eaff535da2be14f277e5694331ffe691f8d0bf5b13004fc8493b13ea2a5d7,CURRENT,True
100085,P00085,47aaddfab2b7af93b9ed76b9c35730ab68d3177b8f5309a694ccb29680a54c8e,MEM7000085,GRP1005,OakStreet-South,314-21-1920,Michael,Wilson,2004-01-08,M,+19875209373,8414 Park Blvd,,Orlando,FL,32801,USA,"8414 Park Blvd, Orlando, FL 32801, USA",PCP0099,Active,EHR,P00085,ING-PAT-20261005-00085,2026-10-05T10:02:15,2026-10-05T10:04:15,2024-08-31T10:04:15,2026-10-05T10:04:15,2026-10-05T09:49:15,57e964389d59c902ed43ec493180d310ea330fab8c9391b1aaef7fcc61e081ad,CURRENT,True
100086,P00086,7253e9ff9127bf27cdd51ad3d40abfcc01b54d6981c78025d9262bf9141a189f,MEM7000086,GRP1006,OakStreet-East,889-76-8716,John,Smith,1981-08-27,M,+16657315175,4422 Oak Rd,,Austin,TX,78701,USA,"4422 Oak Rd, Austin, TX 78701, USA",PCP0024,Active,EHR,P00086,ING-PAT-20261005-00086,2026-10-05T10:02:18,2026-10-05T10:04:18,2025-01-12T10:04:18,2026-10-05T10:04:18,2026-10-05T08:50:18,8ce212f16b48c8423bf844ca2a31569856ae39a9425a2c809bcb889f5ec26df3,CURRENT,True
100087,P00087,da35bc196210e31967dc22f3c99b58df0b9f17b21313cdaf19463956734fb48f,MEM7000087,GRP1007,OakStreet-Southwest,798-91-2730,William,Williams,1948-08-28,F,+19707692182,7941 Park St,,Chicago,IL,60601,USA,"7941 Park St, Chicago, IL 60601, USA",PCP0012,Active,EHR,P00087,ING-PAT-20261005-00087,2026-10-05T10:02:21,2026-10-05T10:04:21,2023-12-29T10:04:21,2026-10-05T10:04:21,2026-10-05T08:09:21,e03667e31cd35868dd0a2c231cf1be5c2a0ddabefddd522cb26fc940c4efb691,CURRENT,True
100088,P00088,d923204c72dc6c50720d9bd0148446304d19200501dc04ad78dcb11522d1993b,MEM7000088,GRP1008,OakStreet-Central,294-18-0000,Daniel,Lee,1953-12-18,F,+12134426792,3632 Oak Rd,,Houston,TX,77002,USA,"3632 Oak Rd, Houston, TX 77002, USA",PCP0012,Inactive,EHR,P00088,ING-PAT-20261005-00088,2026-10-05T10:02:24,2026-10-05T10:04:24,2023-08-07T10:04:24,2026-10-05T10:04:24,2026-10-05T09:06:24,f16497ff942e5082e0151e1f83b231e9ca091411fe853e0b9d2620e82f3d4e89,CURRENT,True
100089,P00089,05ff2dce55429bb0d22afed52265c6bd0d0f81ca26e4ee36309a68754a35e061,MEM7000089,GRP1009,OakStreet-South,599-40-0872,Nancy,Brown,2003-02-15,M,+14729524061,327 Main Rd,,Atlanta,GA,30303,USA,"327 Main Rd, Atlanta, GA 30303, USA",PCP0108,Active,EHR,P00089,ING-PAT-20261005-00089,2026-10-05T10:02:27,2026-10-05T10:04:27,2022-05-29T10:04:27,2026-10-05T10:04:27,2026-10-05T06:48:27,9a45f72108a636c346c6263d2cf475c7dd0c463e926dfeaf2bd01aab2b5bc754,CURRENT,True
100090,P00090,c2750c1e5e1536e4b651f5193645a178cc15927db5f0dc3959489314c5dd8956,MEM7000090,GRP1010,OakStreet-East,413-46-9145,Linda,Davis,1956-06-08,M,+12114303149,9605 Park Blvd,,Houston,TX,77005,USA,"9605 Park Blvd, Houston, TX 77005, USA",PCP0115,Active,EHR,P00090,ING-PAT-20261005-00090,2026-10-05T10:02:30,2026-10-05T10:04:30,2025-03-01T10:04:30,2026-10-05T10:04:30,2026-10-05T08:21:30,b11798aa5004cd0e3d3f4a823d219fffb162caff82f4918ec88c8c0e5b76b97c,CURRENT,True
100091,P00091,ddb0c5506d22f1da99353fe8f0716984686b88cdc403dfefa228499fb07e5822,MEM7000091,GRP1011,OakStreet-Southwest,199-41-0799,William,Miller,1956-11-17,M,+16682803636,5639 Market Ave,,San Antonio,TX,78205,USA,"5639 Market Ave, San Antonio, TX 78205, USA",PCP0079,Active,EHR,P00091,ING-PAT-20261005-00091,2026-10-05T10:02:33,2026-10-05T10:04:33,2022-02-15T10:04:33,2026-10-05T10:04:33,2026-10-05T07:09:33,75062d5a0bf6d2fc72c197390c1be5e5dd91bb9bb35d09b00ac4448e59230e82,CURRENT,True
100092,P00092,7d9841222801731324df87fb89761a690a12393b56fffc4b54af3fc5a9b7d9f5,MEM7000092,GRP1012,OakStreet-Central,614-35-4283,Nancy,Moore,1939-07-07,M,+18089241139,5178 Washington St,Apt 517,Austin,TX,78701,USA,"5178 Washington St Apt 517, Austin, TX 78701, USA",PCP0075,Active,EHR,P00092,ING-PAT-20261005-00092,2026-10-05T10:02:36,2026-10-05T10:04:36,2023-10-16T10:04:36,2026-10-05T10:04:36,2026-10-05T08:10:36,7b5bd0a6a6dfcb5b5564017fdf6a1eda05ef8300600ac2962720cf58d76bb914,CURRENT,True
100093,P00093,2e441649e12429fbbd9dd53d35e3419e90666bcc14b656835388cc67b00f324d,MEM7000093,GRP1013,OakStreet-South,503-22-1088,Richard,Moore,1966-08-04,F,+12207746449,2234 Washington Blvd,,Phoenix,AZ,85004,USA,"2234 Washington Blvd, Phoenix, AZ 85004, USA",PCP0013,Active,EHR,P00093,ING-PAT-20261005-00093,2026-10-05T10:02:39,2026-10-05T10:04:39,2022-11-01T10:04:39,2026-10-05T10:04:39,2026-10-05T07:36:39,cec605d4af5aa5febd706e1cce7d4ba0a18942d2f27a47b88aa9f65e79b06bef,CURRENT,True
100094,P00094,1b0aea9ca8d8e93d3d5be5aa2c9aad103e26dd6f454623242da8582e73f4f589,MEM7000094,GRP1014,OakStreet-East,707-49-2567,James,Harris,1948-04-25,M,+15883777890,8234 Oak Rd,,Chicago,IL,60601,USA,"8234 Oak Rd, Chicago, IL 60601, USA",PCP0112,Active,EHR,P00094,ING-PAT-20261005-00094,2026-10-05T10:02:42,2026-10-05T10:04:42,2022-07-01T10:04:42,2026-10-05T10:04:42,2026-10-05T08:39:42,1288583a6e5b435a11bc34c93590388945fc5bf5b8ef95fb4049d7112ce2ebd3,CURRENT,True
100095,P00095,74d54d43bfb465a8ff72f8fabbef6921de9aa60e1155db6377de1214b7cb6a8f,MEM7000095,GRP1015,OakStreet-Southwest,371-44-5206,Patricia,Martin,1988-10-27,F,+12452912871,8638 Pine Blvd,Apt 855,Orlando,FL,32801,USA,"8638 Pine Blvd Apt 855, Orlando, FL 32801, USA",PCP0119,Active,EHR,P00095,ING-PAT-20261005-00095,2026-10-05T10:02:45,2026-10-05T10:04:45,2023-05-01T10:04:45,2026-10-05T10:04:45,2026-10-05T09:43:45,7c029d1f8499ec07e059bb208c28f354c04cfcc932357582f73bbc62b97fedee,CURRENT,True
100096,P00096,1c9c28580a27ed6a45e6db5975f6815c09453fff403fc441fc968de0f6a69a0f,MEM7000096,GRP1016,OakStreet-Central,292-66-3974,Lisa,Anderson,1984-09-19,F,+12862317444,3116 Lake Rd,,Chicago,IL,60601,USA,"3116 Lake Rd, Chicago, IL 60601, USA",PCP0066,Active,EHR,P00096,ING-PAT-20261005-00096,2026-10-05T10:02:48,2026-10-05T10:04:48,2023-11-30T10:04:48,2026-10-05T10:04:48,2026-10-05T08:58:48,cde6d27a9d625a5aea79ba979d8aa12dfe87bd99bc97be97b9ee389e1d28af39,CURRENT,True
100097,P00097,719c3a6c7cdaacec89d16828caf6c8e7f74cbd5fcde92d81ae5ac560b9d2c148,MEM7000097,GRP1017,OakStreet-South,639-62-9124,Michael,Brown,1995-04-23,F,+17349252088,6452 Washington Blvd,,San Antonio,TX,78205,USA,"6452 Washington Blvd, San Antonio, TX 78205, USA",PCP0120,Active,EHR,P00097,ING-PAT-20261005-00097,2026-10-05T10:02:51,2026-10-05T10:04:51,2025-05-24T10:04:51,2026-10-05T10:04:51,2026-10-05T08:33:51,253fa2859efe898fc2d9516085f7f33506d789792b1e8b906a0d3dfaa0e0744b,CURRENT,True
100098,P00098,6e13bf4067bf73fe0a963c3dc9493dfeeaba398413dc2bfd2fc5152e3deaea6d,MEM7000098,GRP1018,OakStreet-East,668-46-5211,William,Anderson,1970-07-28,M,+17613297654,2658 Park Ave,Apt 623,Austin,TX,78701,USA,"2658 Park Ave Apt 623, Austin, TX 78701, USA",PCP0024,Active,EHR,P00098,ING-PAT-20261005-00098,2026-10-05T10:02:54,2026-10-05T10:04:54,2024-09-16T10:04:54,2026-10-05T10:04:54,2026-10-05T06:29:54,70e1aff1564503a9fec0f1876f783d74d022541b812b52a6b9534052aca440b6,CURRENT,True
100099,P00099,a6f3f2874f3b35705be8400cfe9813d560cac6f393f1aca5fd625558f63c40c9,MEM7000099,GRP1019,OakStreet-Southwest,583-33-0584,Mark,Jackson,1943-01-18,M,+14477586762,571 Oak Blvd,Apt 964,Chicago,IL,60601,USA,"571 Oak Blvd Apt 964, Chicago, IL 60601, USA",PCP0046,Active,EHR,P00099,ING-PAT-20261005-00099,2026-10-05T10:02:57,2026-10-05T10:04:57,2025-04-06T10:04:57,2026-10-05T10:04:57,2026-10-05T10:01:57,4b6e009a6e378ab918a7eb5a86b645e492fc0b0afa74a2b8363130f6ea4d2b33,CURRENT,True
100100,P00100,8c971f11f59a468ac331fb1be9d470f0991e0f0b9d622c899dbbc5b5a46d96c4,MEM7000100,GRP1020,OakStreet-Central,463-91-2165,Patricia,Moore,1949-09-25,F,+18458982369,4910 Market Rd,,Houston,TX,77024,USA,"4910 Market Rd, Houston, TX 77024, USA",PCP0024,Active,EHR,P00100,ING-PAT-20261005-00100,2026-10-05T10:03:00,2026-10-05T10:05:00,2022-03-14T10:05:00,2026-10-05T10:05:00,2026-10-05T07:16:00,dbe9cd1d3ddf9d2c1dfe7962972b5db44786569f88e7e9d3f3401f404121fe0b,CURRENT,True
100101,P00101,a9a9ac021193596362379342b40ad4ddb6d703d084a471071f389448530bb744,MEM7000101,GRP1021,OakStreet-South,791-93-3589,Ashley,Taylor,1991-06-13,F,+18714674307,2540 Park Blvd,,Houston,TX,77024,USA,"2540 Park Blvd, Houston, TX 77024, USA",PCP0024,Active,EHR,P00101,ING-PAT-20261005-00101,2026-10-05T10:03:03,2026-10-05T10:05:03,2022-12-28T10:05:03,2026-10-05T10:05:03,2026-10-05T09:15:03,e0c33f8de6c6baff709c0c5f780fd2114fe4187c579806ebf5fb91f5ccb1f1d0,CURRENT,True
100102,P00102,456fd9656e4198b72f3dad32e0a48ec26322b242e53321ba4be5439cafa993f6,MEM7000102,GRP1022,OakStreet-East,285-11-3036,Richard,Walker,1981-10-28,F,+12639873318,4644 Pine Rd,,Austin,TX,78701,USA,"4644 Pine Rd, Austin, TX 78701, USA",PCP0012,Active,EHR,P00102,ING-PAT-20261005-00102,2026-10-05T10:03:06,2026-10-05T10:05:06,2024-01-08T10:05:06,2026-10-05T10:05:06,2026-10-05T09:59:06,57ca6f9773352dd32b615d2e1a2220555ed4194e60accf0ec909ba278a207819,CURRENT,True
100103,P00103,953134c124ef5966281b9f02ae418d279047ea6babc9def13d480dbeb1380738,MEM7000103,GRP1023,OakStreet-Southwest,213-97-5857,Mark,Jackson,1964-04-06,F,+16246697552,7032 Oak Blvd,,Houston,TX,77005,USA,"7032 Oak Blvd, Houston, TX 77005, USA",PCP0063,Active,EHR,P00103,ING-PAT-20261005-00103,2026-10-05T10:03:09,2026-10-05T10:05:09,2022-05-16T10:05:09,2026-10-05T10:05:09,2026-10-05T06:22:09,e4bf25f93f8352f22491f30386fce78e18bf45bd2e0adeb20bfcaa15e4318525,CURRENT,True
100104,P00104,606a46375ef36c30d65afad41cfaa0e10d97e52bd4cd2f00d0322133d46eb993,MEM7000104,GRP1024,OakStreet-Central,707-63-5536,Richard,Miller,1952-05-01,F,+19898073818,5491 Market Rd,,San Antonio,TX,78205,USA,"5491 Market Rd, San Antonio, TX 78205, USA",PCP0103,Active,EHR,P00104,ING-PAT-20261005-00104,2026-10-05T10:03:12,2026-10-05T10:05:12,2024-12-28T10:05:12,2026-10-05T10:05:12,2026-10-05T06:34:12,0c1ce793d251a15d431d95eb0fbfd6db3083d45a164be1d9be7aff3f374ca64a,CURRENT,True
100105,P00105,8634c79e5c4e12e169562e04410bd93a6ec82c2538924ad0d1641f6c8cfb2cf3,MEM7000105,GRP1025,OakStreet-South,585-48-0059,Michael,Jackson,1976-10-27,M,+14339438764,8663 Main Ave,,Atlanta,GA,30303,USA,"8663 Main Ave, Atlanta, GA 30303, USA",PCP0052,Active,EHR,P00105,ING-PAT-20261005-00105,2026-10-05T10:03:15,2026-10-05T10:05:15,2022-08-30T10:05:15,2026-10-05T10:05:15,2026-10-05T09:09:15,8d4314125595c8012e782715d20d7fe7e59eddd8b853cb2e199b0c82c776a448,CURRENT,True
100106,P00106,ea6cccbf14551e52012194819ea4e31f410d9b89e4368a0d1c414f8f2fb1645b,MEM7000106,GRP1026,OakStreet-East,771-80-5931,Jennifer,Martinez,1973-06-09,M,+17349089765,3710 Main St,Apt 741,Phoenix,AZ,85004,USA,"3710 Main St Apt 741, Phoenix, AZ 85004, USA",PCP0004,Active,EHR,P00106,ING-PAT-20261005-00106,2026-10-05T10:03:18,2026-10-05T10:05:18,2024-11-26T10:05:18,2026-10-05T10:05:18,2026-10-05T07:03:18,e600827a3ee168381e82e4b3ff867a15a8907d9c0e5630aa2006eff7c30c94aa,CURRENT,True
100107,P00107,82ac31d8ad22f217770844addafa9db0ddff148e060a7753d8af8232902565f4,MEM7000107,GRP1027,OakStreet-Southwest,268-99-3480,William,Martinez,1999-02-16,M,+19056995746,5536 Park Blvd,,Phoenix,AZ,85004,USA,"5536 Park Blvd, Phoenix, AZ 85004, USA",PCP0098,Active,EHR,P00107,ING-PAT-20261005-00107,2026-10-05T10:03:21,2026-10-05T10:05:21,2025-01-14T10:05:21,2026-10-05T10:05:21,2026-10-05T07:40:21,96da397b85e8e7cf60b447554df48a1fdeb474171c07c40169a2ca719abb581b,CURRENT,True
100108,P00108,2f459ed46806c2ba8429380c8a3371e547a29e12400a73238209719ba7ec4b92,MEM7000108,GRP1028,OakStreet-Central,807-54-9441,Linda,Jackson,1948-06-02,M,+14002221409,1411 Main Ave,,Dallas,TX,75201,USA,"1411 Main Ave, Dallas, TX 75201, USA",PCP0099,Active,EHR,P00108,ING-PAT-20261005-00108,2026-10-05T10:03:24,2026-10-05T10:05:24,2025-10-24T10:05:24,2026-10-05T10:05:24,2026-10-05T07:28:24,78f665797fb29ab8abd8bf34df4741cc0d64ccbdee5272391d5a8717af1101f2,CURRENT,True
100109,P00109,1260a96da7257e5d168c4a7745413e48201adff4dff0ccb0da09e17cf79178a1,MEM7000109,GRP1029,OakStreet-South,250-80-1204,Ashley,White,2003-02-14,F,+16037205938,4442 Main St,,San Antonio,TX,78205,USA,"4442 Main St, San Antonio, TX 78205, USA",PCP0007,Active,EHR,P00109,ING-PAT-20261005-00109,2026-10-05T10:03:27,2026-10-05T10:05:27,2025-12-06T10:05:27,2026-10-05T10:05:27,2026-10-05T09:44:27,00fd05cc926c4e32935bc931433c29637f93da7934b8162fd0594fd9f82adba5,CURRENT,True
100110,P00110,5b3ec8fe7ba7c8f9085fc429d7d8e3a3bf7624d80d51dc184ccbc03281f2cbe0,MEM7000110,GRP1030,OakStreet-East,321-57-1754,Lisa,Clark,1968-12-13,M,+12948281650,2296 Park Ave,,Phoenix,AZ,85004,USA,"2296 Park Ave, Phoenix, AZ 85004, USA",PCP0005,Active,EHR,P00110,ING-PAT-20261005-00110,2026-10-05T10:03:30,2026-10-05T10:05:30,2025-10-01T10:05:30,2026-10-05T10:05:30,2026-10-05T08:03:30,4c2e96fcce7ee35782a4dadd9cdf839b900897d54fb2be123a3b7c44cdd0a006,CURRENT,True
100111,P00111,2c9cc42924f6a10154fd5ec33b713e7c882eae533ee8e6f577e5d94a854b1f6d,MEM7000111,GRP1031,OakStreet-Southwest,575-72-7730,Susan,Wilson,2004-04-01,F,+19254629073,5471 Lake St,Apt 985,Houston,TX,77002,USA,"5471 Lake St Apt 985, Houston, TX 77002, USA",PCP0068,Active,EHR,P00111,ING-PAT-20261005-00111,2026-10-05T10:03:33,2026-10-05T10:05:33,2022-07-28T10:05:33,2026-10-05T10:05:33,2026-10-05T06:34:33,bdf2df398fc3f2e6f8c2f31815d94ac68ccdb47ce7c35a27eb811b9a60914273,CURRENT,True
100112,P00112,ed84033c79b37b59db290ebe13e380aa4cd084e7aca6c1e968e02ab1f8ed20f0,MEM7000112,GRP1032,OakStreet-Central,141-10-0758,Steven,Sanchez,1941-11-24,F,+19756266307,1562 Washington St,,Austin,TX,78701,USA,"1562 Washington St, Austin, TX 78701, USA",PCP0071,Active,EHR,P00112,ING-PAT-20261005-00112,2026-10-05T10:03:36,2026-10-05T10:05:36,2022-11-29T10:05:36,2026-10-05T10:05:36,2026-10-05T06:13:36,1ac011a4003021ddc40c758d1888ed1455283b3b8527fa1b1002fbd2f38b1253,CURRENT,True
100113,P00113,75d00c6625c84b13cea0f5db4ecf12103d6222373bcc56fa900969f6f3069d82,MEM7000113,GRP1033,OakStreet-South,284-57-0412,Patricia,Wilson,1945-12-18,M,+19223168114,5412 Lake Rd,,Houston,TX,77002,USA,"5412 Lake Rd, Houston, TX 77002, USA",PCP0102,Active,EHR,P00113,ING-PAT-20261005-00113,2026-10-05T10:03:39,2026-10-05T10:05:39,2024-01-11T10:05:39,2026-10-05T10:05:39,2026-10-05T08:07:39,793ecced233a51358da7f084f181791bc960924f66013468338b0b1d12df6574,CURRENT,True
100114,P00114,9123b908366f1e91e4f16670e27b63f90e369157e429b458b7ac94060268dec0,MEM7000114,GRP1034,OakStreet-East,384-17-5584,Barbara,Anderson,2003-12-08,F,+13486043348,3225 Main St,,Houston,TX,77024,USA,"3225 Main St, Houston, TX 77024, USA",PCP0026,Active,EHR,P00114,ING-PAT-20261005-00114,2026-10-05T10:03:42,2026-10-05T10:05:42,2025-02-07T10:05:42,2026-10-05T10:05:42,2026-10-05T06:38:42,9d4371ae13c737a4498e945e98ecb8bf80ec7b6b58c9bcdd02155a56186736f6,CURRENT,True
100115,P00115,da56a1012fe758385b9859d13ef1954096effdd2a52dad7934632686f4bb704f,MEM7000115,GRP1035,OakStreet-Southwest,209-93-3302,Steven,Taylor,1961-03-12,F,+14548896118,9386 Main St,,Houston,TX,77024,USA,"9386 Main St, Houston, TX 77024, USA",PCP0032,Active,EHR,P00115,ING-PAT-20261005-00115,2026-10-05T10:03:45,2026-10-05T10:05:45,2024-12-25T10:05:45,2026-10-05T10:05:45,2026-10-05T07:09:45,b5ffe43414b045a9f4ac6b1e770ad7225a960a622ebe94ed42c765edd71e8eef,CURRENT,True
100116,P00116,f3b78362a0440e6555a0a223db0f8e2c96ea4047a3064d22dfec17e56c9a10be,MEM7000116,GRP1036,OakStreet-Central,875-61-3409,Jessica,Sanchez,1980-01-13,F,+14494437508,3857 Market Ave,,Austin,TX,78701,USA,"3857 Market Ave, Austin, TX 78701, USA",PCP0013,Active,EHR,P00116,ING-PAT-20261005-00116,2026-10-05T10:03:48,2026-10-05T10:05:48,2021-12-29T10:05:48,2026-10-05T10:05:48,2026-10-05T09:02:48,7a9f76e954af1398d3b9f8eb2ac3933fd9aca3621c86e64077ced58c6ffa5ae6,CURRENT,True
100117,P00117,50e033f4f2937b6c1abbebe7547874a07298c268a29cf3f1b3a21025b86af8d2,MEM7000117,GRP1037,OakStreet-South,144-85-4216,Anthony,Perez,1942-11-16,F,+18282053745,5276 Main St,,Houston,TX,77005,USA,"5276 Main St, Houston, TX 77005, USA",PCP0075,Active,EHR,P00117,ING-PAT-20261005-00117,2026-10-05T10:03:51,2026-10-05T10:05:51,2022-05-21T10:05:51,2026-10-05T10:05:51,2026-10-05T06:54:51,316461a5a93b1b8bcf7bf217fad922a779e0a6e10774d248439bddd01d446a5f,CURRENT,True
100118,P00118,5d2de2bc8ab48e7f1c58537eee2924698b40e97d7fc008b2d0bcdb3b620c6f4c,MEM7000118,GRP1038,OakStreet-East,377-76-9662,Betty,Ramirez,2002-03-25,M,+12205709449,3031 Pine Rd,,Houston,TX,77005,USA,"3031 Pine Rd, Houston, TX 77005, USA",PCP0120,Active,EHR,P00118,ING-PAT-20261005-00118,2026-10-05T10:03:54,2026-10-05T10:05:54,2025-04-20T10:05:54,2026-10-05T10:05:54,2026-10-05T07:31:54,ce7777cdfd98136ef0f7e2c86b206a6457b7122bc840ea39ed4ccb1c4c56ba0b,CURRENT,True
100119,P00119,728d85a8e32f68b3d451b0ba8d242cb89554f0d65463c38d90df0edf9d3399f5,MEM7000119,GRP1039,OakStreet-Southwest,713-76-7660,Margaret,Lee,1981-09-06,M,+14182165230,4961 Main Blvd,Apt 631,Chicago,IL,60601,USA,"4961 Main Blvd Apt 631, Chicago, IL 60601, USA",PCP0003,Active,EHR,P00119,ING-PAT-20261005-00119,2026-10-05T10:03:57,2026-10-05T10:05:57,2024-10-08T10:05:57,2026-10-05T10:05:57,2026-10-05T06:30:57,96879449cfd0ab6908035e52fdb42a758498815bb4de683ac2a8702e14104f84,CURRENT,True
100120,P00120,4f2c69e94fd76418d9ec4d1e24dcd910d4726028f24d05ba70fa6c704a4a5354,MEM7000120,GRP1000,OakStreet-Central,289-97-3569,James,Lopez,1957-10-22,M,+15916025541,5311 Park Blvd,,Phoenix,AZ,85004,USA,"5311 Park Blvd, Phoenix, AZ 85004, USA",PCP0028,Active,EHR,P00120,ING-PAT-20261005-00120,2026-10-05T10:04:00,2026-10-05T10:06:00,2025-01-30T10:06:00,2026-10-05T10:06:00,2026-10-05T06:33:00,5a277a1333c1013152c1480287074735cd27eaa1664715209a9d518225f556b7,CURRENT,True
100121,P00121,ce71cffddea18af28a26d456e8b7c58e99847fcc9a40ea9ffca1578f8485302e,MEM7000121,GRP1001,OakStreet-South,532-71-3301,Michael,White,1937-06-08,F,+15338469794,6175 Lake Ave,,Houston,TX,77024,USA,"6175 Lake Ave, Houston, TX 77024, USA",PCP0091,Active,EHR,P00121,ING-PAT-20261005-00121,2026-10-05T10:04:03,2026-10-05T10:06:03,2024-08-28T10:06:03,2026-10-05T10:06:03,2026-10-05T08:24:03,5a0f4e3723d5d8673cd2b84d2f6580e67498a8e11cee23645ac6a82ed425ed3e,CURRENT,True
100122,P00122,e68313b71d822b9aba5df347e45ac9f87cef16265d25d87767f3f11f192da55f,MEM7000122,GRP1002,OakStreet-East,806-34-3832,Robert,Williams,1978-02-22,F,+16982464170,8999 Park Rd,,Dallas,TX,75201,USA,"8999 Park Rd, Dallas, TX 75201, USA",PCP0021,Active,EHR,P00122,ING-PAT-20261005-00122,2026-10-05T10:04:06,2026-10-05T10:06:06,2024-12-08T10:06:06,2026-10-05T10:06:06,2026-10-05T08:33:06,ce8e0defdef42a8200d1ccfe93adce2d2e22b4f34a921ae223a40d76df2ed079,CURRENT,True
100123,P00123,adaaafcb1a502079c9dc6675c8e14963cff4aa2917010fb51a6a17e4a2dc2730,MEM7000123,GRP1003,OakStreet-Southwest,573-99-9327,Lisa,Ramirez,1974-07-02,M,+16644014270,2357 Washington Rd,,Orlando,FL,32801,USA,"2357 Washington Rd, Orlando, FL 32801, USA",PCP0037,Active,EHR,P00123,ING-PAT-20261005-00123,2026-10-05T10:04:09,2026-10-05T10:06:09,2025-03-11T10:06:09,2026-10-05T10:06:09,2026-10-05T07:18:09,272d5d736d92d7af7a63e125ad898f4e5ed8f886a2e8138c8207569a25a793d9,CURRENT,True
100124,P00124,c3915948b9e3c918679adeaa62ff2cd442e10d140282145772696a49b80fc045,MEM7000124,GRP1004,OakStreet-Central,382-26-4833,Karen,Rodriguez,1937-08-12,F,+13488025169,240 Park St,Apt 255,Chicago,IL,60601,USA,"240 Park St Apt 255, Chicago, IL 60601, USA",PCP0044,Active,EHR,P00124,ING-PAT-20261005-00124,2026-10-05T10:04:12,2026-10-05T10:06:12,2025-01-12T10:06:12,2026-10-05T10:06:12,2026-10-05T07:25:12,a929107649288774ab3923e5eafc95a79a336e721b1845fdd4abaf2f3f2a16f4,CURRENT,True
100125,P00125,6a542b6c5227719dfad82c7f6f8afba0972205643f291030e72312e967c11496,MEM7000125,GRP1005,OakStreet-South,343-65-2849,John,Miller,1993-12-04,F,+16479888298,6523 Main Ave,,San Antonio,TX,78205,USA,"6523 Main Ave, San Antonio, TX 78205, USA",PCP0005,Active,EHR,P00125,ING-PAT-20261005-00125,2026-10-05T10:04:15,2026-10-05T10:06:15,2025-03-22T10:06:15,2026-10-05T10:06:15,2026-10-05T07:13:15,b2634d24390bc1242fa273dad9dfae7ca68771ef89a022cf6cfa0b3257370cc4,CURRENT,True
100126,P00126,1da1c3343370b1006e01876d8a95423d26b8eff2245a2e18eb4668f00e49d77e,MEM7000126,GRP1006,OakStreet-East,601-96-8480,Linda,Davis,1964-03-06,M,+12275383079,8395 Park St,,Dallas,TX,75201,USA,"8395 Park St, Dallas, TX 75201, USA",PCP0031,Active,EHR,P00126,ING-PAT-20261005-00126,2026-10-05T10:04:18,2026-10-05T10:06:18,2023-04-15T10:06:18,2026-10-05T10:06:18,2026-10-05T08:41:18,99d9e46ecd866ccafda3d07ee89fb1f10a6f13abc0e1ed5ae7f0cecd00784843,CURRENT,True
100127,P00127,78bcc39e3cf94f15945615f1fe3f2a0b8ee574978933d740dc3327147d2261c5,MEM7000127,GRP1007,OakStreet-Southwest,502-79-5134,Lisa,Perez,2002-12-28,M,+15049482640,9332 Pine St,,Houston,TX,77024,USA,"9332 Pine St, Houston, TX 77024, USA",PCP0019,Active,EHR,P00127,ING-PAT-20261005-00127,2026-10-05T10:04:21,2026-10-05T10:06:21,2025-07-02T10:06:21,2026-10-05T10:06:21,2026-10-05T08:14:21,564da9f030a16f82819f100e3ae6245d662f256412ee4fa4ae24c54605acdf13,CURRENT,True
100128,P00128,8d1b87d63ff66e991c0bfd8ed817e8df47be48a98d15ecdea942df0c2dbd2499,MEM7000128,GRP1008,OakStreet-Central,521-51-9866,Linda,Brown,1980-05-03,F,+18867635660,6192 Market St,,Austin,TX,78701,USA,"6192 Market St, Austin, TX 78701, USA",PCP0039,Active,EHR,P00128,ING-PAT-20261005-00128,2026-10-05T10:04:24,2026-10-05T10:06:24,2024-08-24T10:06:24,2026-10-05T10:06:24,2026-10-05T08:50:24,e77cdfb2f181b9a3172efa29252969306c736f8287d5233d443df680185120a6,CURRENT,True
100129,P00129,63e4ccee22c57c44e79d3df4ecc6e4618d16089781adc0980caf2faf3f5b744c,MEM7000129,GRP1009,OakStreet-South,423-67-0601,Robert,Wilson,1943-05-18,M,+17268063848,5535 Main Ave,Apt 923,Houston,TX,77005,USA,"5535 Main Ave Apt 923, Houston, TX 77005, USA",PCP0071,Active,EHR,P00129,ING-PAT-20261005-00129,2026-10-05T10:04:27,2026-10-05T10:06:27,2023-06-22T10:06:27,2026-10-05T10:06:27,2026-10-05T09:40:27,b88a6eae4e2b8af06788de8d54f5ff5fb54229fe8f7fecb6df8be4d70b938d21,CURRENT,True
100130,P00130,ee419af736131f4d56c40a5820c493d1247d0b71d874f7e2e0a126e9672defe2,MEM7000130,GRP1010,OakStreet-East,737-30-2360,Thomas,Harris,1993-08-10,F,+15693701981,5632 Washington Blvd,,Dallas,TX,75201,USA,"5632 Washington Blvd, Dallas, TX 75201, USA",PCP0100,Active,EHR,P00130,ING-PAT-20261005-00130,2026-10-05T10:04:30,2026-10-05T10:06:30,2023-09-13T10:06:30,2026-10-05T10:06:30,2026-10-05T07:02:30,fadc9fb80a604f80d4fe7d675fd2b7ece58c73cc01e5e18a9d4c9d796fcf077e,CURRENT,True
100131,P00131,50f9ec5242f0353d9b63c64c9a986f6a63cb4a37584644a16315174b54971b71,MEM7000131,GRP1011,OakStreet-Southwest,171-35-1293,William,Hernandez,1973-09-10,M,+18965912276,7114 Lake Rd,,Austin,TX,78701,USA,"7114 Lake Rd, Austin, TX 78701, USA",PCP0005,Active,EHR,P00131,ING-PAT-20261005-00131,2026-10-05T10:04:33,2026-10-05T10:06:33,2022-05-11T10:06:33,2026-10-05T10:06:33,2026-10-05T08:54:33,2e14c155979196392539dd1d07be857e536386f585e3d231d7e75493335bcbaa,CURRENT,True
100132,P00132,b45a42e34c480ec533e97f678a548c44451ca80002cf078f95163c0e9667ae6a,MEM7000132,GRP1012,OakStreet-Central,739-34-5961,Thomas,Sanchez,1936-03-22,M,+15662713451,611 Pine St,,Dallas,TX,75201,USA,"611 Pine St, Dallas, TX 75201, USA",PCP0051,Active,EHR,P00132,ING-PAT-20261005-00132,2026-10-05T10:04:36,2026-10-05T10:06:36,2022-12-16T10:06:36,2026-10-05T10:06:36,2026-10-05T07:28:36,cf507244ed6652ac6ed070011bd2f5f628c00d1768078ee99f63417ed290d51f,CURRENT,True
100133,P00133,6a22a290eef4b8a08a0f6cd9e8ba7a69ac3eeeeff50c1320a558d2bdaff24af9,MEM7000133,GRP1013,OakStreet-South,714-17-3666,Jessica,Clark,1989-03-02,F,+15659174641,3459 Pine Rd,,Houston,TX,77005,USA,"3459 Pine Rd, Houston, TX 77005, USA",PCP0023,Active,EHR,P00133,ING-PAT-20261005-00133,2026-10-05T10:04:39,2026-10-05T10:06:39,2024-12-03T10:06:39,2026-10-05T10:06:39,2026-10-05T08:20:39,dd99e0af5f09f4958d6800a6e121806784277b97a003827802ab6b6615d21c05,CURRENT,True
100134,P00134,5b2257294189a5b84b97018f6cbb6fb8eed2d911ee8dae3d1805ae391b713d6b,MEM7000134,GRP1014,OakStreet-East,809-13-8890,Jessica,Perez,2001-08-06,F,+19775391735,5469 Lake Rd,,Austin,TX,78701,USA,"5469 Lake Rd, Austin, TX 78701, USA",PCP0100,Active,EHR,P00134,ING-PAT-20261005-00134,2026-10-05T10:04:42,2026-10-05T10:06:42,2024-06-15T10:06:42,2026-10-05T10:06:42,2026-10-05T07:45:42,ae6be8d313cb4f716a04ee5059821a2055eafb27b403cb3dc8cf7d6233157d33,CURRENT,True
100135,P00135,48896408f61c84e712733723bc02ae3fe982adbbf9e377e77367ed932e34d4b0,MEM7000135,GRP1015,OakStreet-Southwest,153-39-3539,Daniel,Lee,2002-09-04,F,+12927877565,8597 Lake Blvd,Apt 246,Austin,TX,78701,USA,"8597 Lake Blvd Apt 246, Austin, TX 78701, USA",PCP0104,Active,EHR,P00135,ING-PAT-20261005-00135,2026-10-05T10:04:45,2026-10-05T10:06:45,2021-11-23T10:06:45,2026-10-05T10:06:45,2026-10-05T07:00:45,0b15ea8b92beb9ffc229cf7b9a97a7f6d13b1f72066ab3073134a69c93d9e754,CURRENT,True
100136,P00136,b2a59cf0283a0ade6daa48b652b1560e0b813f231fadcfc36e376358e217e1ab,MEM7000136,GRP1016,OakStreet-Central,458-11-7075,Daniel,Perez,1937-12-26,M,+14989165722,8369 Main St,,Houston,TX,77005,USA,"8369 Main St, Houston, TX 77005, USA",PCP0057,Active,EHR,P00136,ING-PAT-20261005-00136,2026-10-05T10:04:48,2026-10-05T10:06:48,2024-08-19T10:06:48,2026-10-05T10:06:48,2026-10-05T10:00:48,5e0ea4069446b99ee82daae2b11f79cf18f2a63879ac3fee1ed982ef676853dc,CURRENT,True
100137,P00137,ee41a0d5837a44c71086f0739bc413bcada95ecd38967c1da2a2c1bd910107a7,MEM7000137,GRP1017,OakStreet-South,584-93-2032,Thomas,Smith,1998-08-28,M,+16357191948,6301 Pine Rd,Apt 254,Houston,TX,77005,USA,"6301 Pine Rd Apt 254, Houston, TX 77005, USA",PCP0084,Active,EHR,P00137,ING-PAT-20261005-00137,2026-10-05T10:04:51,2026-10-05T10:06:51,2024-04-20T10:06:51,2026-10-05T10:06:51,2026-10-05T10:03:51,635e078dce5a6c35b1b61c0d184df395e512f88c32cb38f31409d742de8cd4e2,CURRENT,True
100138,P00138,1ab7a6f50bfb6bf8b33da9b6e24a1e7810ea536bb0355654291a971b062099b2,MEM7000138,GRP1018,OakStreet-East,861-45-7591,Ashley,Garcia,1958-08-26,M,+18436269230,4430 Park Ave,,Atlanta,GA,30303,USA,"4430 Park Ave, Atlanta, GA 30303, USA",PCP0063,Active,EHR,P00138,ING-PAT-20261005-00138,2026-10-05T10:04:54,2026-10-05T10:06:54,2024-12-13T10:06:54,2026-10-05T10:06:54,2026-10-05T07:44:54,c47739d5fab11ff021dab5f2397a9692e597aec03785aa08cd09d1e3af76cb9d,CURRENT,True
100139,P00139,7c2c8b07b3f903c59ea3e3d700e4f69b857c3cb1990c9d71de91c064bcf94643,MEM7000139,GRP1019,OakStreet-Southwest,120-51-4033,David,Rodriguez,1952-03-16,M,+14015345185,7389 Market Blvd,,Houston,TX,77024,USA,"7389 Market Blvd, Houston, TX 77024, USA",PCP0043,Active,EHR,P00139,ING-PAT-20261005-00139,2026-10-05T10:04:57,2026-10-05T10:06:57,2023-10-20T10:06:57,2026-10-05T10:06:57,2026-10-05T06:16:57,988a92a221152f6f1127c8d462d7a80fd3635eb6d83064142b5f2bb50ce9986f,CURRENT,True
100140,P00140,6b62e188c4c165157600ac365490a5c246f93882d1f7105c8237a5595ce56ed8,MEM7000140,GRP1020,OakStreet-Central,590-29-9803,Steven,Hernandez,1983-07-28,M,+16423853198,3365 Oak St,,Chicago,IL,60601,USA,"3365 Oak St, Chicago, IL 60601, USA",PCP0051,Active,EHR,P00140,ING-PAT-20261005-00140,2026-10-05T10:05:00,2026-10-05T10:07:00,2023-11-24T10:07:00,2026-10-05T10:07:00,2026-10-05T09:34:00,6cd10503859733f2657816c56ca1e602490e87f2fcf11e7852dc8c4a2f511516,CURRENT,True
100141,P00141,5ca5de98feec71b8d675b6df2ff16b9908b049e96c8f45928eee66a48dccd2a0,MEM7000141,GRP1021,OakStreet-South,523-65-7138,Richard,Thompson,1954-07-16,F,+15226178885,6810 Lake St,Apt 15,Houston,TX,77024,USA,"6810 Lake St Apt 15, Houston, TX 77024, USA",PCP0077,Active,EHR,P00141,ING-PAT-20261005-00141,2026-10-05T10:05:03,2026-10-05T10:07:03,2025-08-25T10:07:03,2026-10-05T10:07:03,2026-10-05T09:54:03,3959aa86ffedac8f135c5575a6ff5324e19ea13da5766b90b45b36f914860f20,CURRENT,True
100142,P00142,b874fc57650cb601186035a1f28f475d93ff1403f9ad6d79c32d183301daee0b,MEM7000142,GRP1022,OakStreet-East,178-86-0875,Mary,Perez,1952-04-12,F,+16264963113,7124 Washington St,,Atlanta,GA,30303,USA,"7124 Washington St, Atlanta, GA 30303, USA",PCP0031,Active,EHR,P00142,ING-PAT-20261005-00142,2026-10-05T10:05:06,2026-10-05T10:07:06,2024-09-15T10:07:06,2026-10-05T10:07:06,2026-10-05T06:08:06,a5dbfda0464b798148c1790f5bf19b09f207f0b020a1a5ced74da5393e749118,CURRENT,True
100143,P00143,3b60cc9203de46ebdab322a2be7ad20ff0f05e9e05bb473ea189d5316a072097,MEM7000143,GRP1023,OakStreet-Southwest,803-41-0719,Nancy,Harris,1940-08-08,F,+16947328706,3453 Main Ave,,Chicago,IL,60601,USA,"3453 Main Ave, Chicago, IL 60601, USA",PCP0050,Active,EHR,P00143,ING-PAT-20261005-00143,2026-10-05T10:05:09,2026-10-05T10:07:09,2021-12-29T10:07:09,2026-10-05T10:07:09,2026-10-05T09:28:09,5a9b37092a241980afe9ea263c8a8e9ede02f02889689c6c321c7f5187dd287b,CURRENT,True
100144,P00144,3150d5d2c9dce409b6700421b31fc5cd27ad119106a0a4c24772c64dca9dcff1,MEM7000144,GRP1024,OakStreet-Central,260-58-9649,Mary,Wilson,1982-11-14,F,+16664012267,3231 Market Ave,Apt 717,Atlanta,GA,30303,USA,"3231 Market Ave Apt 717, Atlanta, GA 30303, USA",PCP0063,Active,EHR,P00144,ING-PAT-20261005-00144,2026-10-05T10:05:12,2026-10-05T10:07:12,2024-11-16T10:07:12,2026-10-05T10:07:12,2026-10-05T07:42:12,377a8e650ac3a40067145678dc24e97ad8249edd1b599923c9a97d9134501b4c,CURRENT,True
100145,P00145,f9e9c6edd8680bc9ef8cb525085e0b93ec3a6501db68ce86f11b7840b7e864f4,MEM7000145,GRP1025,OakStreet-South,585-40-6758,Jennifer,Sanchez,1971-03-28,F,+12865115829,7942 Lake Rd,Apt 484,Houston,TX,77002,USA,"7942 Lake Rd Apt 484, Houston, TX 77002, USA",PCP0105,Inactive,EHR,P00145,ING-PAT-20261005-00145,2026-10-05T10:05:15,2026-10-05T10:07:15,2025-03-24T10:07:15,2026-10-05T10:07:15,2026-10-05T06:44:15,db0f11a3161b1c5423b761787eaeb2b0fe837caeec090edb1f5f2a33a536b81a,CURRENT,True
100146,P00146,504b3b8c228981951a859380da03f0a40eea65b034ee862f3ac43f8e082eec0a,MEM7000146,GRP1026,OakStreet-East,272-24-3850,Richard,Garcia,1959-10-25,M,+17555626758,9296 Pine Blvd,,Phoenix,AZ,85004,USA,"9296 Pine Blvd, Phoenix, AZ 85004, USA",PCP0079,Active,EHR,P00146,ING-PAT-20261005-00146,2026-10-05T10:05:18,2026-10-05T10:07:18,2025-10-20T10:07:18,2026-10-05T10:07:18,2026-10-05T07:01:18,33e45f37a2117d12274832520b57ea1f6476a1cea2e976f53af8950210afe9d7,CURRENT,True
100147,P00147,5568987bd0d875df7ac8f7d405d4188e96e9bbaf240d37725ddf76be469b3624,MEM7000147,GRP1027,OakStreet-Southwest,803-29-0876,Elizabeth,Martin,1942-12-12,F,+18182258106,215 Lake Rd,,Austin,TX,78701,USA,"215 Lake Rd, Austin, TX 78701, USA",PCP0074,Active,EHR,P00147,ING-PAT-20261005-00147,2026-10-05T10:05:21,2026-10-05T10:07:21,2024-07-04T10:07:21,2026-10-05T10:07:21,2026-10-05T07:32:21,794d433cd19a72eac6af4a408f88730da006e58b30b2bfae414792450fe59970,CURRENT,True
100148,P00148,3c601fe0b70ed0b077a0d241845f4218e2d8bdf4155808f2a043b61997138447,MEM7000148,GRP1028,OakStreet-Central,696-56-3496,Robert,Martin,1986-10-12,M,+16386043882,9033 Washington St,,Atlanta,GA,30303,USA,"9033 Washington St, Atlanta, GA 30303, USA",PCP0023,Active,EHR,P00148,ING-PAT-20261005-00148,2026-10-05T10:05:24,2026-10-05T10:07:24,2022-07-21T10:07:24,2026-10-05T10:07:24,2026-10-05T07:32:24,7201f17b63f80deafd0ae92ff436158247f40206ee7b4b05119316bbb5712921,CURRENT,True
100149,P00149,42482f84958c3c434bc66445bc3757009a2131a8085a646d8160b97c59944211,MEM7000149,GRP1029,OakStreet-South,618-17-8053,Jennifer,Rodriguez,1988-11-08,F,+19449662244,2478 Park Blvd,,Chicago,IL,60601,USA,"2478 Park Blvd, Chicago, IL 60601, USA",PCP0044,Active,EHR,P00149,ING-PAT-20261005-00149,2026-10-05T10:05:27,2026-10-05T10:07:27,2025-05-23T10:07:27,2026-10-05T10:07:27,2026-10-05T09:43:27,5afa38116e2224eedafde139122082ce9bd1dc169b46d4d730648e551ddbcd65,CURRENT,True
100150,P00150,d2ce3683391abf7eff2a2e00b4f7204da14fbb9a5afc725304799e511c8a6616,MEM7000150,GRP1030,OakStreet-East,246-16-3077,Linda,Williams,1965-11-16,M,+18195869740,2377 Oak St,Apt 920,Phoenix,AZ,85004,USA,"2377 Oak St Apt 920, Phoenix, AZ 85004, USA",PCP0028,Active,EHR,P00150,ING-PAT-20261005-00150,2026-10-05T10:05:30,2026-10-05T10:07:30,2025-06-30T10:07:30,2026-10-05T10:07:30,2026-10-05T06:37:30,0dae63a88c82b58de9311ecdc601a6b7dceb36abed6fac98c815b1a99db18993,CURRENT,True
100151,P00151,154781ae3e3c8bc9f9dd60fc1f5086c8fa0fdc6f832b637461db17c7f25a28ea,MEM7000151,GRP1031,OakStreet-Southwest,329-67-1143,James,Lopez,1937-03-16,F,+18427979785,3957 Main Rd,,Dallas,TX,75201,USA,"3957 Main Rd, Dallas, TX 75201, USA",PCP0023,Active,EHR,P00151,ING-PAT-20261005-00151,2026-10-05T10:05:33,2026-10-05T10:07:33,2023-04-14T10:07:33,2026-10-05T10:07:33,2026-10-05T07:39:33,0142cf6f259f551bdbc55ee87bd1208397e1821099cd96a747030174a3e35834,CURRENT,True
100152,P00152,f6fec523e88082d0fda50c7b7b222057160b7074c73c0201b99906c10a414cf0,MEM7000152,GRP1032,OakStreet-Central,441-82-1062,Betty,Miller,1993-05-11,F,+16674719106,5593 Oak Ave,,Phoenix,AZ,85004,USA,"5593 Oak Ave, Phoenix, AZ 85004, USA",PCP0040,Active,EHR,P00152,ING-PAT-20261005-00152,2026-10-05T10:05:36,2026-10-05T10:07:36,2022-06-15T10:07:36,2026-10-05T10:07:36,2026-10-05T09:07:36,6b5423714a342e0c3bfdc79cf0d527d21f0963cf1359a8155f177dc9cb2d5f39,CURRENT,True
100153,P00153,14e9cc0038877a9c5de9d616207044837a1f9f472d684fc3eee0a86571680cbd,MEM7000153,GRP1033,OakStreet-South,309-10-5429,Betty,Clark,1955-10-19,M,+18197714555,8312 Oak Ave,,Austin,TX,78701,USA,"8312 Oak Ave, Austin, TX 78701, USA",PCP0088,Active,EHR,P00153,ING-PAT-20261005-00153,2026-10-05T10:05:39,2026-10-05T10:07:39,2022-12-12T10:07:39,2026-10-05T10:07:39,2026-10-05T06:53:39,b798b9518a90dd5f7a4cf38da73322af99069fb721c2072201ae0a67914d7c6a,CURRENT,True
100154,P00154,4183514173d5362f078cd2adcf8b1cfd210d8b984eb98cc0c15992414fe24cef,MEM7000154,GRP1034,OakStreet-East,264-58-1476,Daniel,Rodriguez,1979-03-18,F,+12765373981,7543 Oak St,,Houston,TX,77005,USA,"7543 Oak St, Houston, TX 77005, USA",PCP0017,Active,EHR,P00154,ING-PAT-20261005-00154,2026-10-05T10:05:42,2026-10-05T10:07:42,2023-05-24T10:07:42,2026-10-05T10:07:42,2026-10-05T06:44:42,01fa705bed941eb6cd6827e0530f1eca05747b0db5d8b2e2387f5c0cefc57d11,CURRENT,True
100155,P00155,aa110acc7ea29c392d59b081bfc938820cf4b54e9260a8d1491fcc7f74df06c2,MEM7000155,GRP1035,OakStreet-Southwest,786-39-9207,Anthony,Martin,1960-09-02,F,+15045454087,3035 Washington Ave,,Houston,TX,77005,USA,"3035 Washington Ave, Houston, TX 77005, USA",PCP0032,Active,EHR,P00155,ING-PAT-20261005-00155,2026-10-05T10:05:45,2026-10-05T10:07:45,2024-04-28T10:07:45,2026-10-05T10:07:45,2026-10-05T09:02:45,33098bb26bed48db9e5fa6082adb5a04581767ee3e728806d6834e931ef4318d,CURRENT,True
100156,P00156,07d69c592493a0dda73e4e554d302ac733015f5b84da374d6317350793f6b940,MEM7000156,GRP1036,OakStreet-Central,426-30-0793,Robert,Wilson,1993-07-15,M,+19478342659,251 Pine Blvd,Apt 742,San Antonio,TX,78205,USA,"251 Pine Blvd Apt 742, San Antonio, TX 78205, USA",PCP0048,Active,EHR,P00156,ING-PAT-20261005-00156,2026-10-05T10:05:48,2026-10-05T10:07:48,2024-07-17T10:07:48,2026-10-05T10:07:48,2026-10-05T09:22:48,ace89823b991ca00ad072bf1aa317d8045b7859a5cf0888e683b72dec89dc220,CURRENT,True
100157,P00157,6ecabc9790e3137b3364fe93e7a253f0d5de5855015b16d1f0b62f8f4358569d,MEM7000157,GRP1037,OakStreet-South,239-63-0949,Ashley,Walker,1937-05-27,F,+12463868445,7564 Market St,Apt 791,San Antonio,TX,78205,USA,"7564 Market St Apt 791, San Antonio, TX 78205, USA",PCP0113,Active,EHR,P00157,ING-PAT-20261005-00157,2026-10-05T10:05:51,2026-10-05T10:07:51,2021-12-05T10:07:51,2026-10-05T10:07:51,2026-10-05T06:39:51,2030ee4854ec80b568f4af59c28120a452307d89df22971fe51065fd13d62592,CURRENT,True
100158,P00158,b6a7fe2ef28cd8e6b409924f78886554c48e2a3d3896cee0aada54b406d0db69,MEM7000158,GRP1038,OakStreet-East,531-62-0040,Michael,Moore,1965-11-28,M,+17508372425,5090 Lake Blvd,Apt 457,Austin,TX,78701,USA,"5090 Lake Blvd Apt 457, Austin, TX 78701, USA",PCP0043,Active,EHR,P00158,ING-PAT-20261005-00158,2026-10-05T10:05:54,2026-10-05T10:07:54,2022-02-13T10:07:54,2026-10-05T10:07:54,2026-10-05T07:54:54,3eb6fe81a24aab48ab488db2a4e2f9884b3ac09183bb3c1a4eb6de14174aee77,CURRENT,True
100159,P00159,3c0a3bb8c519e87ff9a44ab9d03eca3679cb0c39184fdb09a5eba7374d0deb3e,MEM7000159,GRP1039,OakStreet-Southwest,440-35-2499,Betty,Martin,1989-10-20,M,+15556971176,2622 Pine Ave,Apt 382,Phoenix,AZ,85004,USA,"2622 Pine Ave Apt 382, Phoenix, AZ 85004, USA",PCP0102,Active,EHR,P00159,ING-PAT-20261005-00159,2026-10-05T10:05:57,2026-10-05T10:07:57,2022-06-18T10:07:57,2026-10-05T10:07:57,2026-10-05T08:26:57,2f62da6577548ca75b818d4e8101abc4b565ee58bc1eecdbf7ff9ad7ff8cfc37,CURRENT,True
100160,P00160,5c6e2fd2b3adb24821ee94cfe10a338b0d3ac531804fcbb2f8fe4546beec614a,MEM7000160,GRP1000,OakStreet-Central,346-17-2794,Ashley,Gonzalez,1955-03-09,M,+17633148547,750 Oak Blvd,,Houston,TX,77024,USA,"750 Oak Blvd, Houston, TX 77024, USA",PCP0110,Active,EHR,P00160,ING-PAT-20261005-00160,2026-10-05T10:06:00,2026-10-05T10:08:00,2024-09-24T10:08:00,2026-10-05T10:08:00,2026-10-05T08:35:00,e86d6c073cea4b5031cbbcf52f1634c9fa4db3afbbcff6de5beda2ea13c2765c,CURRENT,True
100161,P00161,6a7e14a7740b792d977098cd77fd0a0eaf40ff5db8792046e442389f2b5dba4c,MEM7000161,GRP1001,OakStreet-South,309-15-7907,Linda,Clark,2000-11-10,M,+15907153742,4978 Park St,,Houston,TX,77002,USA,"4978 Park St, Houston, TX 77002, USA",PCP0058,Active,EHR,P00161,ING-PAT-20261005-00161,2026-10-05T10:06:03,2026-10-05T10:08:03,2022-07-14T10:08:03,2026-10-05T10:08:03,2026-10-05T08:30:03,b539d500bbd258fb8e386094757dc0b56163185c5dc17097ebd1fa79c363eb8b,CURRENT,True
100162,P00162,2a548e46fe74aa1043cf35c109140c68eb4cd8bdfb230d16fbad0f0686ab5eaf,MEM7000162,GRP1002,OakStreet-East,809-77-8316,Margaret,Gonzalez,1942-01-21,F,+12206556207,8007 Pine Rd,,Phoenix,AZ,85004,USA,"8007 Pine Rd, Phoenix, AZ 85004, USA",PCP0015,Active,EHR,P00162,ING-PAT-20261005-00162,2026-10-05T10:06:06,2026-10-05T10:08:06,2023-01-28T10:08:06,2026-10-05T10:08:06,2026-10-05T09:22:06,995054e1ff531729ac300fb059ec308d7aafbcffde49355516729160ed0a1aa7,CURRENT,True
100163,P00163,41c5b7b6a89b281adf3ad57620eb4be1c11944b09ae02e4f41e4a195aa6e32e9,MEM7000163,GRP1003,OakStreet-Southwest,804-24-2588,Mary,Jackson,1935-10-03,M,+16553845693,5621 Washington Ave,,Houston,TX,77002,USA,"5621 Washington Ave, Houston, TX 77002, USA",PCP0004,Active,EHR,P00163,ING-PAT-20261005-00163,2026-10-05T10:06:09,2026-10-05T10:08:09,2024-02-13T10:08:09,2026-10-05T10:08:09,2026-10-05T08:51:09,108d7414d8e4d7f08a98ce8d34daf0b837ae0b4c25bd54ea2f31bcadb0973055,CURRENT,True
100164,P00164,4f0bf4a13cf130bff5fec9a78895f282cff55eb2d57f9dbbd05a8df5b371b7d3,MEM7000164,GRP1004,OakStreet-Central,790-15-0267,Mary,Davis,2002-04-28,F,+15053816156,1390 Main Blvd,,Austin,TX,78701,USA,"1390 Main Blvd, Austin, TX 78701, USA",PCP0043,Active,EHR,P00164,ING-PAT-20261005-00164,2026-10-05T10:06:12,2026-10-05T10:08:12,2025-08-01T10:08:12,2026-10-05T10:08:12,2026-10-05T08:43:12,4707e7f60e34484c2b4ecb216511197c7756cbab5594979d48342fa0a332b4ed,CURRENT,True
100165,P00165,8c16c8d465f418362121b466c8d0a80c38de16c95dc83d41035d93d6a4765576,MEM7000165,GRP1005,OakStreet-South,271-29-2982,Karen,Johnson,1962-02-10,F,+14927765643,1532 Main St,,Houston,TX,77005,USA,"1532 Main St, Houston, TX 77005, USA",PCP0031,Active,EHR,P00165,ING-PAT-20261005-00165,2026-10-05T10:06:15,2026-10-05T10:08:15,2022-06-10T10:08:15,2026-10-05T10:08:15,2026-10-05T07:35:15,a1df44c8d9bc87ef0637ee704653b79d31af29decc5f975737703c9820282950,CURRENT,True
100166,P00166,812f8d97282ef514566618d2633309f4a76deadde808352d0041b492264b373a,MEM7000166,GRP1006,OakStreet-East,779-41-8373,Daniel,Johnson,1975-08-06,M,+16696395474,9713 Main Ave,,Houston,TX,77002,USA,"9713 Main Ave, Houston, TX 77002, USA",PCP0029,Active,EHR,P00166,ING-PAT-20261005-00166,2026-10-05T10:06:18,2026-10-05T10:08:18,2023-04-14T10:08:18,2026-10-05T10:08:18,2026-10-05T08:32:18,28d1c98e03bca331b499960098d21e09bb6c92adda899060ebc82a276bfebf55,CURRENT,True
100167,P00167,0876a684e032ea686aac29bcb5ef88a5152a5e8a539d5627cc641275d05d66f5,MEM7000167,GRP1007,OakStreet-Southwest,767-28-8074,Susan,Williams,1971-12-09,M,+12859283333,906 Washington St,,Houston,TX,77005,USA,"906 Washington St, Houston, TX 77005, USA",PCP0036,Active,EHR,P00167,ING-PAT-20261005-00167,2026-10-05T10:06:21,2026-10-05T10:08:21,2025-01-27T10:08:21,2026-10-05T10:08:21,2026-10-05T07:46:21,73a6706fea43c62499175222bba36bd79d19f77882fe41412f1d39f7f6de1f77,CURRENT,True
100168,P00168,5523d547e552aa72768ed81b609421cc75c37f22533166c7257eaa3667cc2f10,MEM7000168,GRP1008,OakStreet-Central,592-60-0987,Nancy,Williams,1971-11-26,M,+19214701376,8055 Pine Ave,,Austin,TX,78701,USA,"8055 Pine Ave, Austin, TX 78701, USA",PCP0074,Active,EHR,P00168,ING-PAT-20261005-00168,2026-10-05T10:06:24,2026-10-05T10:08:24,2022-05-25T10:08:24,2026-10-05T10:08:24,2026-10-05T09:50:24,7c08d60dba8451c64d690c69e44f164d217b587a8842d423a8bc26cfa4846080,CURRENT,True
100169,P00169,af0d17524358244117449fb425c157f42f7e8ac909603ff336af3c0c814f5658,MEM7000169,GRP1009,OakStreet-South,450-65-4023,John,Lopez,1938-08-18,F,+15016025090,8626 Pine Blvd,,Dallas,TX,75201,USA,"8626 Pine Blvd, Dallas, TX 75201, USA",PCP0099,Active,EHR,P00169,ING-PAT-20261005-00169,2026-10-05T10:06:27,2026-10-05T10:08:27,2024-12-20T10:08:27,2026-10-05T10:08:27,2026-10-05T10:03:27,d95f8814e2d53e0b04f0fb4e56c97def153568bc57811141ba42cb53c06d9198,CURRENT,True
100170,P00170,2303f82b1da3a70873287d4d3ce6465647aab30a90216a18ff9dff0c37821e74,MEM7000170,GRP1010,OakStreet-East,803-91-9124,Karen,Garcia,1944-07-15,M,+18259305288,6656 Oak Ave,,Houston,TX,77024,USA,"6656 Oak Ave, Houston, TX 77024, USA",PCP0091,Active,EHR,P00170,ING-PAT-20261005-00170,2026-10-05T10:06:30,2026-10-05T10:08:30,2022-01-07T10:08:30,2026-10-05T10:08:30,2026-10-05T09:08:30,31d2784c9ba885db5d6b81f6571fa71123dbcfdbb82792567cfe47b12ed9c52e,CURRENT,True
100171,P00171,0c57fa6f49ffb006b4e92bd2b9f0b6aac21a639394ac23644c3c4904c837d44f,MEM7000171,GRP1011,OakStreet-Southwest,635-61-6794,William,White,1995-05-01,F,+14155321995,1142 Pine St,,San Antonio,TX,78205,USA,"1142 Pine St, San Antonio, TX 78205, USA",PCP0110,Active,EHR,P00171,ING-PAT-20261005-00171,2026-10-05T10:06:33,2026-10-05T10:08:33,2022-08-19T10:08:33,2026-10-05T10:08:33,2026-10-05T09:33:33,22c3f14b5a33cb70789590d81e440a7614ec9c62c2bfe5895e18e493e99acc3e,CURRENT,True
100172,P00172,c4c1032a56dc448981f7f8c545fbb523aab74223ac9aced3a37c5cd3059fdbfb,MEM7000172,GRP1012,OakStreet-Central,682-61-1092,Linda,Davis,1963-01-03,F,+19166533137,9312 Washington Rd,,Houston,TX,77024,USA,"9312 Washington Rd, Houston, TX 77024, USA",PCP0006,Active,EHR,P00172,ING-PAT-20261005-00172,2026-10-05T10:06:36,2026-10-05T10:08:36,2024-08-18T10:08:36,2026-10-05T10:08:36,2026-10-05T06:08:36,46c4fe5640e179765d2c03162be63b2fc7531f038df71c245995cde214961a69,CURRENT,True
100173,P00173,026c3c88264733f5fa465982d0c85c8648a8aed720e22928701047acf2cfe035,MEM7000173,GRP1013,OakStreet-South,634-95-9412,Betty,Lopez,1954-06-22,M,+16968057298,9457 Pine Rd,,San Antonio,TX,78205,USA,"9457 Pine Rd, San Antonio, TX 78205, USA",PCP0033,Active,EHR,P00173,ING-PAT-20261005-00173,2026-10-05T10:06:39,2026-10-05T10:08:39,2024-06-09T10:08:39,2026-10-05T10:08:39,2026-10-05T06:21:39,40924ebf106470dc149e4cc035e753506adcef5c4f850900d92f6cbc122c4da2,CURRENT,True
100174,P00174,ab00b78a679ed1c866bc51a67d11ed6f3164d6883529a2676f5bc697a3eccfe2,MEM7000174,GRP1014,OakStreet-East,644-48-1425,Barbara,Smith,1992-04-11,M,+13057789517,5148 Park St,,Houston,TX,77005,USA,"5148 Park St, Houston, TX 77005, USA",PCP0066,Active,EHR,P00174,ING-PAT-20261005-00174,2026-10-05T10:06:42,2026-10-05T10:08:42,2024-05-15T10:08:42,2026-10-05T10:08:42,2026-10-05T06:50:42,03a2a7d96b06e73d34d0352f577aa9c85d3871a42717ccb06f4f01366f37c372,CURRENT,True
100175,P00175,8b424b77b8545325f74dcd7746bbe92628b9a96e33a1d0239ffe5a35735d0ced,MEM7000175,GRP1015,OakStreet-Southwest,527-68-8797,Robert,Jones,1938-02-21,M,+12592493640,2772 Washington Rd,,Atlanta,GA,30303,USA,"2772 Washington Rd, Atlanta, GA 30303, USA",PCP0066,Active,EHR,P00175,ING-PAT-20261005-00175,2026-10-05T10:06:45,2026-10-05T10:08:45,2022-10-22T10:08:45,2026-10-05T10:08:45,2026-10-05T07:33:45,e18ed967e2d700d45cf9f8b50f2f95a99b0f3afb548e1bfbcdff2273b5357038,CURRENT,True
100176,P00176,10293bd76e11ae8cd1dff0669cae000fdc22a2325b69c7aa86caedaf7198000b,MEM7000176,GRP1016,OakStreet-Central,121-80-2326,Thomas,Martinez,1963-09-14,F,+18655196742,8071 Park Ave,Apt 418,Dallas,TX,75201,USA,"8071 Park Ave Apt 418, Dallas, TX 75201, USA",PCP0069,Active,EHR,P00176,ING-PAT-20261005-00176,2026-10-05T10:06:48,2026-10-05T10:08:48,2023-12-04T10:08:48,2026-10-05T10:08:48,2026-10-05T06:09:48,f94556ccb8e665aafaff57e3a2875207ce9398780e3eeb6a23ad8543def3a283,CURRENT,True
100177,P00177,c077069484513f1111d30e6ee32319a0090ee0915ea859548a3498f9fbe9f9eb,MEM7000177,GRP1017,OakStreet-South,476-32-4171,Jennifer,Williams,2004-10-13,M,+18372994793,2708 Market Ave,,Dallas,TX,75201,USA,"2708 Market Ave, Dallas, TX 75201, USA",PCP0058,Active,EHR,P00177,ING-PAT-20261005-00177,2026-10-05T10:06:51,2026-10-05T10:08:51,2024-04-21T10:08:51,2026-10-05T10:08:51,2026-10-05T07:02:51,5f854b62fa870adc4f8208966472cbff785c6cece218931f4c3c25d60daf1f72,CURRENT,True
100178,P00178,07ffe2dcc57f554198898fa3c0629483a205971cea481eb9afdbb02a1a2ce0af,MEM7000178,GRP1018,OakStreet-East,613-24-0027,Jessica,Lewis,1942-12-01,M,+13948261172,3063 Oak St,,Houston,TX,77005,USA,"3063 Oak St, Houston, TX 77005, USA",PCP0101,Active,EHR,P00178,ING-PAT-20261005-00178,2026-10-05T10:06:54,2026-10-05T10:08:54,2023-08-23T10:08:54,2026-10-05T10:08:54,2026-10-05T07:12:54,9f604d49d4014db666badef31424163b904698b61c92d1d213b02df442d64c1d,CURRENT,True
100179,P00179,e4e9d415bda8d0a9bdfda6e7252223cda13fe7b637d22f46a5bea0ccf2753b58,MEM7000179,GRP1019,OakStreet-Southwest,249-29-3648,Anthony,Miller,1994-03-07,M,+19088665755,1291 Pine Rd,Apt 257,Dallas,TX,75201,USA,"1291 Pine Rd Apt 257, Dallas, TX 75201, USA",PCP0103,Active,EHR,P00179,ING-PAT-20261005-00179,2026-10-05T10:06:57,2026-10-05T10:08:57,2022-08-15T10:08:57,2026-10-05T10:08:57,2026-10-05T08:58:57,5100997f746e2f6c6d49b724bce3924edfd43c3bd4437e6c7fc5d9ce6adad873,CURRENT,True
100180,P00180,d7ed606fd9eac713364efdb205fba460314923ddffaee650faea94636aacdd89,MEM7000180,GRP1020,OakStreet-Central,615-61-8277,Thomas,Brown,1976-01-14,F,+18199115399,4047 Market Ave,Apt 26,Houston,TX,77024,USA,"4047 Market Ave Apt 26, Houston, TX 77024, USA",PCP0116,Active,EHR,P00180,ING-PAT-20261005-00180,2026-10-05T10:07:00,2026-10-05T10:09:00,2022-08-23T10:09:00,2026-10-05T10:09:00,2026-10-05T07:50:00,9109544f7a55ef306a6960437d034db9b548464d9c74dfbcfa36a4edf34fab79,CURRENT,True
100181,P00181,04f1f1d0d6faa9d82483334e3cc1dcb279b8180c53b3e0933a11935164f9c028,MEM7000181,GRP1021,OakStreet-South,506-32-7899,Charles,Miller,1977-01-17,M,+14749724975,3395 Park Rd,,Houston,TX,77005,USA,"3395 Park Rd, Houston, TX 77005, USA",PCP0022,Active,EHR,P00181,ING-PAT-20261005-00181,2026-10-05T10:07:03,2026-10-05T10:09:03,2023-11-02T10:09:03,2026-10-05T10:09:03,2026-10-05T09:39:03,a748bfb6fd444dc7bd2bc4df43fe0db081403ad5f8dabd7cf145f14d5daecadd,CURRENT,True
100182,P00182,fe94c7ae4806bd5ed441f1ff6c03f7429b8d404828c0e1f9ec59e12b9d74c7f7,MEM7000182,GRP1022,OakStreet-East,603-49-9068,Susan,Johnson,1967-10-13,F,+14718199339,4406 Pine Rd,,Houston,TX,77005,USA,"4406 Pine Rd, Houston, TX 77005, USA",PCP0119,Active,EHR,P00182,ING-PAT-20261005-00182,2026-10-05T10:07:06,2026-10-05T10:09:06,2024-03-16T10:09:06,2026-10-05T10:09:06,2026-10-05T07:10:06,2b9da7e2f5ce32e4cf67e4d9c3de157fbb3cb6b3eadb8f43de9d9bc4ae8ac6ef,CURRENT,True
100183,P00183,7f6079707747bf4069883dc01205349ced061448d174f744281dfd8f6f45515f,MEM7000183,GRP1023,OakStreet-Southwest,892-88-7291,Steven,Sanchez,1948-10-20,F,+12793953482,1815 Oak Rd,,Phoenix,AZ,85004,USA,"1815 Oak Rd, Phoenix, AZ 85004, USA",PCP0061,Active,EHR,P00183,ING-PAT-20261005-00183,2026-10-05T10:07:09,2026-10-05T10:09:09,2023-01-14T10:09:09,2026-10-05T10:09:09,2026-10-05T06:37:09,4a246f3f7f8849f774e1dd40cf70b57eb787228411c6898d8e78425e64f61f83,CURRENT,True
100184,P00184,be9e01549ba5d09ad60393f592f70e8c340815b80ce9e24ddcf17c61b8bcfec9,MEM7000184,GRP1024,OakStreet-Central,236-27-3737,Anthony,Williams,1996-08-08,F,+14882265737,4534 Pine Rd,,Houston,TX,77024,USA,"4534 Pine Rd, Houston, TX 77024, USA",PCP0096,Active,EHR,P00184,ING-PAT-20261005-00184,2026-10-05T10:07:12,2026-10-05T10:09:12,2024-07-14T10:09:12,2026-10-05T10:09:12,2026-10-05T09:50:12,7e8ae420eeed0bc4f8d9f1cc5c928f0e19f7976a783e8c2aecce1cf9a30bdc0c,CURRENT,True
100185,P00185,6e2f9cc0f5b28782579693d87af2b63e0b30840361e1f9082753a3f0906c6dee,MEM7000185,GRP1025,OakStreet-South,301-72-9306,Karen,Williams,1962-06-16,F,+19528726814,9160 Lake St,,San Antonio,TX,78205,USA,"9160 Lake St, San Antonio, TX 78205, USA",PCP0102,Active,EHR,P00185,ING-PAT-20261005-00185,2026-10-05T10:07:15,2026-10-05T10:09:15,2023-06-01T10:09:15,2026-10-05T10:09:15,2026-10-05T08:04:15,7a6b49ca0ba4760dbb04f28a4484c82363a075e7a5728784e52d6799e54e6bce,CURRENT,True
100186,P00186,559debcf6ac7dec6d99d237c240dc26d9fb5bea5d65315a254b8b41649c6bdd6,MEM7000186,GRP1026,OakStreet-East,512-28-7893,James,Smith,1983-02-22,F,+14026572804,413 Lake Rd,,Chicago,IL,60601,USA,"413 Lake Rd, Chicago, IL 60601, USA",PCP0109,Active,EHR,P00186,ING-PAT-20261005-00186,2026-10-05T10:07:18,2026-10-05T10:09:18,2025-06-11T10:09:18,2026-10-05T10:09:18,2026-10-05T08:16:18,bc659ac87a16ec59fdbcad7dd4a80b3eb9886fd896a0389425b653b5f20e8b92,CURRENT,True
100187,P00187,7e8f559ee7bd77c8379bad528ffccf6be44edb29bf7eb12c31cb9b2eb4fa5408,MEM7000187,GRP1027,OakStreet-Southwest,836-52-7638,Patricia,Jackson,1955-08-18,M,+17554727233,2068 Oak Ave,,Houston,TX,77024,USA,"2068 Oak Ave, Houston, TX 77024, USA",PCP0042,Active,EHR,P00187,ING-PAT-20261005-00187,2026-10-05T10:07:21,2026-10-05T10:09:21,2024-03-10T10:09:21,2026-10-05T10:09:21,2026-10-05T08:35:21,2ea9a028b319e65b7d4cf71eabb4c9cc4fa97bd903a0801e08638acb137e6f3d,CURRENT,True
100188,P00188,772c3d00ba63611e113d73f1f44358eb31f95977e2cba90a4e25a4984d478b3c,MEM7000188,GRP1028,OakStreet-Central,241-29-8949,Joseph,Johnson,1981-01-09,M,+12654181770,5940 Oak Ave,,Phoenix,AZ,85004,USA,"5940 Oak Ave, Phoenix, AZ 85004, USA",PCP0013,Active,EHR,P00188,ING-PAT-20261005-00188,2026-10-05T10:07:24,2026-10-05T10:09:24,2024-12-08T10:09:24,2026-10-05T10:09:24,2026-10-05T07:27:24,6a3318d8fe46935beaac2fc0fdd1d2bc36bd3160f18ce885b5cd14316f33b6a4,CURRENT,True
100189,P00189,01ab91b5d9c3066f50df782b96d32baff23284c6395f89dfc59b287dff033f3d,MEM7000189,GRP1029,OakStreet-South,723-39-3425,Ashley,Lewis,1958-01-16,F,+15694739577,8716 Oak Rd,,San Antonio,TX,78205,USA,"8716 Oak Rd, San Antonio, TX 78205, USA",PCP0108,Active,EHR,P00189,ING-PAT-20261005-00189,2026-10-05T10:07:27,2026-10-05T10:09:27,2023-07-22T10:09:27,2026-10-05T10:09:27,2026-10-05T08:41:27,5fa112e5daca9b72145ed2ba10b9238da1be030ef7aae21072b6c42857b306ae,CURRENT,True
100190,P00190,ffe5c05c80568890d6c0769804beccc70cd9f53079acb2a67a5e5ced0c96e8c3,MEM7000190,GRP1030,OakStreet-East,379-12-3206,Steven,White,1949-02-18,F,+13264488152,8525 Pine St,Apt 950,San Antonio,TX,78205,USA,"8525 Pine St Apt 950, San Antonio, TX 78205, USA",PCP0041,Active,EHR,P00190,ING-PAT-20261005-00190,2026-10-05T10:07:30,2026-10-05T10:09:30,2025-04-18T10:09:30,2026-10-05T10:09:30,2026-10-05T06:36:30,76373ed5a407802e13045278d82bfda223cfc6e7137bfcc13bd684acbf68cd5d,CURRENT,True
100191,P00191,c29134d40a9019fd0c57a63f9d5bcd25d4f1aca2c74d378d378b76ae679bae16,MEM7000191,GRP1031,OakStreet-Southwest,110-56-4264,Anthony,Smith,1947-02-11,M,+16978675889,7759 Oak St,,Phoenix,AZ,85004,USA,"7759 Oak St, Phoenix, AZ 85004, USA",PCP0101,Active,EHR,P00191,ING-PAT-20261005-00191,2026-10-05T10:07:33,2026-10-05T10:09:33,2025-06-21T10:09:33,2026-10-05T10:09:33,2026-10-05T07:18:33,2519b81d6af17f574b801854ba4883bc1213a5477af1e8e454a07cd0518754f2,CURRENT,True
100192,P00192,3432df4bf403275a13ae5b2160046cec5232e6cb6a5e3f5ab162c7e7144c9a24,MEM7000192,GRP1032,OakStreet-Central,774-31-6115,Joseph,Martin,1960-08-19,F,+13965807223,2453 Washington St,Apt 975,Orlando,FL,32801,USA,"2453 Washington St Apt 975, Orlando, FL 32801, USA",PCP0075,Active,EHR,P00192,ING-PAT-20261005-00192,2026-10-05T10:07:36,2026-10-05T10:09:36,2023-03-09T10:09:36,2026-10-05T10:09:36,2026-10-05T06:23:36,5ef5df3f26ac4a496f8f3721433b8e7f88368a52d16d810e8fc6b91d1f9c8de7,CURRENT,True
100193,P00193,a455401fa41157d87abf1352655280f9a3a0f6b7d7c6b70f26129ec8d3055274,MEM7000193,GRP1033,OakStreet-South,763-33-6020,Daniel,Gonzalez,1995-01-22,F,+16875528666,6740 Market Ave,,Atlanta,GA,30303,USA,"6740 Market Ave, Atlanta, GA 30303, USA",PCP0084,Active,EHR,P00193,ING-PAT-20261005-00193,2026-10-05T10:07:39,2026-10-05T10:09:39,2023-07-07T10:09:39,2026-10-05T10:09:39,2026-10-05T08:38:39,95f244bef063fd2bacd83ecf567480f504a34f153787522b98c76e7c0d3f439c,CURRENT,True
100194,P00194,ca6f0d419f21fee53697e24946b2b210833faf0d19b3e77173fc2088b5acaa96,MEM7000194,GRP1034,OakStreet-East,353-24-0413,Mark,Wilson,1974-03-01,F,+12756708108,8316 Main Rd,Apt 14,Phoenix,AZ,85004,USA,"8316 Main Rd Apt 14, Phoenix, AZ 85004, USA",PCP0035,Active,EHR,P00194,ING-PAT-20261005-00194,2026-10-05T10:07:42,2026-10-05T10:09:42,2023-05-13T10:09:42,2026-10-05T10:09:42,2026-10-05T06:25:42,c789b8466b78ac0e808d799ccab1249036d21958728fe19afa5559621a393e0f,CURRENT,True
100195,P00195,cd2401180d0e91e03fc8f7d0abb3d1ba143fbdf7fe3c346f93005fd7d35bf82a,MEM7000195,GRP1035,OakStreet-Southwest,195-87-4062,Robert,Moore,2001-07-14,M,+17787573000,4274 Main Blvd,,Chicago,IL,60601,USA,"4274 Main Blvd, Chicago, IL 60601, USA",PCP0108,Active,EHR,P00195,ING-PAT-20261005-00195,2026-10-05T10:07:45,2026-10-05T10:09:45,2025-01-14T10:09:45,2026-10-05T10:09:45,2026-10-05T08:09:45,d3add09cb3b727ddcbd90651b4ff7bdf6fe38582346e46f61554c657924b993c,CURRENT,True
100196,P00196,93c698457214770c695e122e94c86023c203196cf9601cd67e3b844866d2d8b1,MEM7000196,GRP1036,OakStreet-Central,891-99-9502,Linda,Smith,1956-02-21,M,+15877663546,9708 Washington Ave,Apt 899,Houston,TX,77002,USA,"9708 Washington Ave Apt 899, Houston, TX 77002, USA",PCP0051,Active,EHR,P00196,ING-PAT-20261005-00196,2026-10-05T10:07:48,2026-10-05T10:09:48,2024-08-19T10:09:48,2026-10-05T10:09:48,2026-10-05T08:31:48,a1ecdf122dc0577e0d8d866e54899ed32ac809b6f8c140d83a95e168d24adef4,CURRENT,True
100197,P00197,c7ca311f6411bf2edac36d791930bdf3a24c858ce6574f241e45a22c5a99fb2a,MEM7000197,GRP1037,OakStreet-South,396-28-5105,Karen,Sanchez,1949-03-23,F,+12999296896,1853 Oak Blvd,,Phoenix,AZ,85004,USA,"1853 Oak Blvd, Phoenix, AZ 85004, USA",PCP0084,Active,EHR,P00197,ING-PAT-20261005-00197,2026-10-05T10:07:51,2026-10-05T10:09:51,2024-10-19T10:09:51,2026-10-05T10:09:51,2026-10-05T06:16:51,b0e1eb7f7ec5230f1c84677f96ec906227a6eabfd7bf7cea0a900348dd1986c1,CURRENT,True
100198,P00198,efd73833136bd87114161cbe2f084fe4df4ac0cfce80ed867458f8ecfa8b3099,MEM7000198,GRP1038,OakStreet-East,147-79-3503,Joseph,Johnson,1996-08-09,F,+16445862163,611 Park St,,Austin,TX,78701,USA,"611 Park St, Austin, TX 78701, USA",PCP0036,Active,EHR,P00198,ING-PAT-20261005-00198,2026-10-05T10:07:54,2026-10-05T10:09:54,2024-12-20T10:09:54,2026-10-05T10:09:54,2026-10-05T09:50:54,d41c6c44a3e44a8af2fa726f3dc4315c7a9a292f6a5911afabdfecf57d1b0fde,CURRENT,True
100199,P00199,56b9196bfd00afbcf32a8a2e29b68654e2eaea257f81bff10d712c17cdbe4bc9,MEM7000199,GRP1039,OakStreet-Southwest,434-52-2178,Robert,White,1973-06-11,M,+18985599577,2370 Park St,Apt 387,Houston,TX,77002,USA,"2370 Park St Apt 387, Houston, TX 77002, USA",PCP0070,Active,EHR,P00199,ING-PAT-20261005-00199,2026-10-05T10:07:57,2026-10-05T10:09:57,2022-08-11T10:09:57,2026-10-05T10:09:57,2026-10-05T09:17:57,5f87a41c028ace990a064973dcc7f590c1146cd5ff9da52b3ef28328521c3014,CURRENT,True
100200,P00200,77688c6694fe41f14e3e6c463054484ea2b154925151b56ccdfe894156afd076,MEM7000200,GRP1000,OakStreet-Central,849-78-6388,Lisa,Perez,1989-07-25,M,+19769621488,1527 Washington Blvd,,Phoenix,AZ,85004,USA,"1527 Washington Blvd, Phoenix, AZ 85004, USA",PCP0107,Active,EHR,P00200,ING-PAT-20261005-00200,2026-10-05T10:08:00,2026-10-05T10:10:00,2022-07-06T10:10:00,2026-10-05T10:10:00,2026-10-05T07:16:00,fb61d284306d0024bad71d66154e46935df66e80d8c56fbb4c236b97399c8f9b,CURRENT,True
100201,P00201,d66ad05d20827f8f031b0c237cb451d0afa228cfd1d9c0a3774519b046f609a0,MEM7000201,GRP1001,OakStreet-South,557-97-6945,Margaret,Miller,1967-11-28,M,+15214765136,3573 Oak Blvd,Apt 23,San Antonio,TX,78205,USA,"3573 Oak Blvd Apt 23, San Antonio, TX 78205, USA",PCP0018,Active,EHR,P00201,ING-PAT-20261005-00201,2026-10-05T10:08:03,2026-10-05T10:10:03,2023-05-06T10:10:03,2026-10-05T10:10:03,2026-10-05T09:17:03,3120c00d5a377108e799aab4235c790cd8121ede5252f340e5b5922f6b800b46,CURRENT,True
100202,P00202,44caa3771b7bc524f92c104521bd2d65f4e7908949fdef1cf3f4ff5b6c5ed535,MEM7000202,GRP1002,OakStreet-East,564-97-2050,James,Thompson,1969-03-12,M,+13225823943,9837 Market Ave,,Houston,TX,77005,USA,"9837 Market Ave, Houston, TX 77005, USA",PCP0054,Active,EHR,P00202,ING-PAT-20261005-00202,2026-10-05T10:08:06,2026-10-05T10:10:06,2025-08-25T10:10:06,2026-10-05T10:10:06,2026-10-05T08:06:06,36e2700af6c9371312132468604a835564e3292c076dee1cfae836a557fc05f3,CURRENT,True
100203,P00203,b4e04666b4c5e7556f5f2128f4495251ee8e40b94f16325f3dde3dfdde58aa06,MEM7000203,GRP1003,OakStreet-Southwest,384-44-6407,William,Rodriguez,1955-11-19,F,+14818922946,7810 Lake Rd,Apt 489,San Antonio,TX,78205,USA,"7810 Lake Rd Apt 489, San Antonio, TX 78205, USA",PCP0088,Active,EHR,P00203,ING-PAT-20261005-00203,2026-10-05T10:08:09,2026-10-05T10:10:09,2024-01-24T10:10:09,2026-10-05T10:10:09,2026-10-05T09:24:09,2fd8de966ac69e88ff49385dfcce7fb7ed7f169a039bd23b95b6df06934ee035,CURRENT,True
100204,P00204,cd27dc67b7db1aa823ea3418352d37d1415b8c96a8e781b7c9a4c5058076cf68,MEM7000204,GRP1004,OakStreet-Central,319-45-8109,Jennifer,Gonzalez,2000-05-12,F,+19719443620,4388 Park St,Apt 288,Houston,TX,77002,USA,"4388 Park St Apt 288, Houston, TX 77002, USA",PCP0017,Active,EHR,P00204,ING-PAT-20261005-00204,2026-10-05T10:08:12,2026-10-05T10:10:12,2023-10-05T10:10:12,2026-10-05T10:10:12,2026-10-05T06:46:12,3fc6fe33901dfcbc442c20224456a6e4cd6105067ede81d195b52212c0c6456c,CURRENT,True
100205,P00205,f7ec818d1c7467fe8d195ea76fe818ec9024580b6c155d8a5f1701c1faa8209d,MEM7000205,GRP1005,OakStreet-South,328-40-3950,Jennifer,Johnson,1960-11-07,M,+19867474941,6129 Main Rd,,San Antonio,TX,78205,USA,"6129 Main Rd, San Antonio, TX 78205, USA",PCP0093,Active,EHR,P00205,ING-PAT-20261005-00205,2026-10-05T10:08:15,2026-10-05T10:10:15,2025-03-09T10:10:15,2026-10-05T10:10:15,2026-10-05T09:26:15,94dee49817887780161b9945812e19b0babf86f5ea0589baaa2c9403e74e0f2b,CURRENT,True
100206,P00206,258df37cd60e2c2a3eb765c8d67f633aa5d54f11461bac59238a93e2425cf936,MEM7000206,GRP1006,OakStreet-East,386-46-9657,Mark,Moore,1980-09-09,F,+19788743624,2927 Lake Blvd,,Orlando,FL,32801,USA,"2927 Lake Blvd, Orlando, FL 32801, USA",PCP0112,Active,EHR,P00206,ING-PAT-20261005-00206,2026-10-05T10:08:18,2026-10-05T10:10:18,2024-09-23T10:10:18,2026-10-05T10:10:18,2026-10-05T07:16:18,7915eb6621ef1f133d3e92abd9a3d7d2493202b06d8123712bb50703c7299977,CURRENT,True
100207,P00207,dca255184733360fbecba4b3ad7df3f9bd5f53f66f52ac841445610c84b960a9,MEM7000207,GRP1007,OakStreet-Southwest,276-60-8885,Robert,Davis,1983-06-21,F,+15279722578,1916 Lake St,,Houston,TX,77024,USA,"1916 Lake St, Houston, TX 77024, USA",PCP0023,Active,EHR,P00207,ING-PAT-20261005-00207,2026-10-05T10:08:21,2026-10-05T10:10:21,2025-09-15T10:10:21,2026-10-05T10:10:21,2026-10-05T09:57:21,1431c07f58261ac2cef89c480e8665011af18e215fb395cc33675a1736c66d9a,CURRENT,True
100208,P00208,dd3e160ea0e074805442bacbf47e36e9cd7c02eff020e73415691002944a777b,MEM7000208,GRP1008,OakStreet-Central,564-83-0805,Nancy,Lee,1967-08-06,M,+18562603122,4574 Oak Ave,,Phoenix,AZ,85004,USA,"4574 Oak Ave, Phoenix, AZ 85004, USA",PCP0043,Active,EHR,P00208,ING-PAT-20261005-00208,2026-10-05T10:08:24,2026-10-05T10:10:24,2025-02-08T10:10:24,2026-10-05T10:10:24,2026-10-05T09:21:24,2bebfbef9b58827a0afea78a0c5bfb65cab7fa4b1ad8bd903655a0274b12a319,CURRENT,True
100209,P00209,af6a4a60dfc48fe650fd08cafd07ff789a0310ce54a4680f1d53da1ac878630e,MEM7000209,GRP1009,OakStreet-South,811-54-9895,Daniel,Davis,1998-10-25,F,+15437112846,5340 Main Rd,,Austin,TX,78701,USA,"5340 Main Rd, Austin, TX 78701, USA",PCP0033,Active,EHR,P00209,ING-PAT-20261005-00209,2026-10-05T10:08:27,2026-10-05T10:10:27,2023-06-26T10:10:27,2026-10-05T10:10:27,2026-10-05T08:31:27,1ae6a09b2b46c0d28ab0d2ed321cb40b421bb6b65b239d2eeda71e1f47a4a096,CURRENT,True
100210,P00210,72dce8b1d136827d35be03e2b1351e8c96c185352b95bf7b32b1b2ed7a3f830f,MEM7000210,GRP1010,OakStreet-East,549-68-2541,Joseph,Smith,1987-04-27,M,+15658911578,5680 Main Ave,,Dallas,TX,75201,USA,"5680 Main Ave, Dallas, TX 75201, USA",PCP0086,Active,EHR,P00210,ING-PAT-20261005-00210,2026-10-05T10:08:30,2026-10-05T10:10:30,2025-10-04T10:10:30,2026-10-05T10:10:30,2026-10-05T09:40:30,8577edd6045c58ebd6c05c56ec01ef6bf13b146e5d258d9353e9a04945654c15,CURRENT,True
100211,P00211,fc0917bf6c4b013dbdc65956786d780297207738e95fbecc9c98bc62eb8310c7,MEM7000211,GRP1011,OakStreet-Southwest,447-98-1269,Karen,Rodriguez,1938-09-17,F,+16019335874,2994 Market Blvd,,Dallas,TX,75201,USA,"2994 Market Blvd, Dallas, TX 75201, USA",PCP0092,Inactive,EHR,P00211,ING-PAT-20261005-00211,2026-10-05T10:08:33,2026-10-05T10:10:33,2025-07-04T10:10:33,2026-10-05T10:10:33,2026-10-05T07:17:33,2179787dc6eb5f3836dc348710db5e5acc0c4345aa4f7f0a00fa695dce5ba393,CURRENT,True
100212,P00212,f1204fa4be32811835aa1f4796dee8726872a512513adccc5d3bfe0bc5b11c40,MEM7000212,GRP1012,OakStreet-Central,375-28-1786,Michael,Ramirez,1977-10-10,F,+15583994548,4229 Oak Ave,,Houston,TX,77005,USA,"4229 Oak Ave, Houston, TX 77005, USA",PCP0023,Active,EHR,P00212,ING-PAT-20261005-00212,2026-10-05T10:08:36,2026-10-05T10:10:36,2023-12-03T10:10:36,2026-10-05T10:10:36,2026-10-05T09:58:36,f62b2b3d74ab96eaab5c061c95e2f325c699bff0a45c2bd0eed89178b5a148c4,CURRENT,True
100213,P00213,46c5f72d67d1f77aef6d8e2f28a4810dac4bc12bc11e52df9e61a44457946d7d,MEM7000213,GRP1013,OakStreet-South,470-87-6502,Michael,Ramirez,1941-01-15,M,+15326444566,7716 Park St,,Phoenix,AZ,85004,USA,"7716 Park St, Phoenix, AZ 85004, USA",PCP0022,Active,EHR,P00213,ING-PAT-20261005-00213,2026-10-05T10:08:39,2026-10-05T10:10:39,2025-08-23T10:10:39,2026-10-05T10:10:39,2026-10-05T07:59:39,afe3982dcb1847f1e335f630febaf1eb11caa0bf4ebaa3b79556fd5588711725,CURRENT,True
100214,P00214,54b07311c77e66f88e3aef1d05d532763c70df09bb55528d1b8a0c453cd752d2,MEM7000214,GRP1014,OakStreet-East,319-47-6734,Michael,Martin,1978-08-25,F,+14645342477,9165 Main Rd,,Dallas,TX,75201,USA,"9165 Main Rd, Dallas, TX 75201, USA",PCP0075,Active,EHR,P00214,ING-PAT-20261005-00214,2026-10-05T10:08:42,2026-10-05T10:10:42,2024-06-14T10:10:42,2026-10-05T10:10:42,2026-10-05T09:49:42,287bf250120976933061072cb6e4634c472ad7b30f7391f6b94ffabf870de342,CURRENT,True
100215,P00215,39ddf7c9b52fbbf5c5f76e275272e9f9469749eb1508b1393092b701bdfc57e3,MEM7000215,GRP1015,OakStreet-Southwest,591-62-4017,Matthew,Perez,1997-11-11,M,+16569304060,5423 Oak Ave,,San Antonio,TX,78205,USA,"5423 Oak Ave, San Antonio, TX 78205, USA",PCP0008,Active,EHR,P00215,ING-PAT-20261005-00215,2026-10-05T10:08:45,2026-10-05T10:10:45,2024-10-11T10:10:45,2026-10-05T10:10:45,2026-10-05T06:10:45,340da7cec8777df174b37cba3bf28b52b86bea3a5b4e1426689fd2400a554edc,CURRENT,True
100216,P00216,b86e35fc2606d86ebf6699136faa8250d4c72ad9bab8cba0423bce3f98c901c1,MEM7000216,GRP1016,OakStreet-Central,575-17-3037,Susan,Lopez,1961-11-18,M,+14877818182,354 Main Blvd,,San Antonio,TX,78205,USA,"354 Main Blvd, San Antonio, TX 78205, USA",PCP0095,Active,EHR,P00216,ING-PAT-20261005-00216,2026-10-05T10:08:48,2026-10-05T10:10:48,2022-08-19T10:10:48,2026-10-05T10:10:48,2026-10-05T08:40:48,54e82f15a4d842d93c73b8b99b5f52edb67e82c9284613d64e047dc032cab25a,CURRENT,True
100217,P00217,b5c810dd0c751ac52709df0c175c8ea4c4c4cb0fc68965c6ebc98af3e61bae48,MEM7000217,GRP1017,OakStreet-South,885-93-6536,Mary,Harris,1940-06-20,M,+19866737402,9688 Oak Rd,,Orlando,FL,32801,USA,"9688 Oak Rd, Orlando, FL 32801, USA",PCP0016,Active,EHR,P00217,ING-PAT-20261005-00217,2026-10-05T10:08:51,2026-10-05T10:10:51,2021-11-25T10:10:51,2026-10-05T10:10:51,2026-10-05T08:15:51,3065fad05fd70770f6933311fc01ea4445e34ff884eeed5377432155cdd8457f,CURRENT,True
100218,P00218,0a89251257cf637e4c1e5b79446f9243d8559297db4d9fa2fde5a9b00e325679,MEM7000218,GRP1018,OakStreet-East,342-14-4918,Lisa,Thompson,1985-02-12,F,+14402231893,5110 Lake Blvd,,Houston,TX,77005,USA,"5110 Lake Blvd, Houston, TX 77005, USA",PCP0036,Active,EHR,P00218,ING-PAT-20261005-00218,2026-10-05T10:08:54,2026-10-05T10:10:54,2022-02-24T10:10:54,2026-10-05T10:10:54,2026-10-05T07:50:54,41681fdb8301f4c1b6adcbf111e434ed6f2331f9488c334d1f8b46e5da625404,CURRENT,True
100219,P00219,46b7cf90dc0acb600fbfb1b5896cbe0c53a21e301b64284441c4f89971326044,MEM7000219,GRP1019,OakStreet-Southwest,193-76-2987,Betty,Martin,1952-06-22,M,+18122262037,4720 Park Rd,,Dallas,TX,75201,USA,"4720 Park Rd, Dallas, TX 75201, USA",PCP0093,Active,EHR,P00219,ING-PAT-20261005-00219,2026-10-05T10:08:57,2026-10-05T10:10:57,2023-08-28T10:10:57,2026-10-05T10:10:57,2026-10-05T07:14:57,fb7f3c7055730c1604a9ad8892e3ce75d1b1c7deb7457e6991d62ba93ede682c,CURRENT,True
100220,P00220,ed97558bbba0c2df9c40c331886727036215cdb51f1a33f574c185b7fc55c7a9,MEM7000220,GRP1020,OakStreet-Central,423-41-7848,Barbara,Perez,1946-08-06,F,+14284788322,8342 Main Ave,,Atlanta,GA,30303,USA,"8342 Main Ave, Atlanta, GA 30303, USA",PCP0051,Active,EHR,P00220,ING-PAT-20261005-00220,2026-10-05T10:09:00,2026-10-05T10:11:00,2024-06-09T10:11:00,2026-10-05T10:11:00,2026-10-05T08:24:00,b9ccf8acc547e31984fe199bb028e88071a1c0a78c3846331aa790f505548549,CURRENT,True
100221,P00221,e2d256f6caa2dd3d4b063c91154bdb89f4cb5c38c6debe22a3f8941e64a961e2,MEM7000221,GRP1021,OakStreet-South,794-66-2348,Betty,Thompson,1954-04-05,F,+19467308633,8055 Market Rd,,San Antonio,TX,78205,USA,"8055 Market Rd, San Antonio, TX 78205, USA",PCP0075,Active,EHR,P00221,ING-PAT-20261005-00221,2026-10-05T10:09:03,2026-10-05T10:11:03,2024-12-27T10:11:03,2026-10-05T10:11:03,2026-10-05T08:32:03,e843f8af0f0f1f23e0b939a0a55e69cbf7f3b869d50d4cff7601c914ab89b557,CURRENT,True
100222,P00222,80d0dac71652d59bd51aadde30142f5b5289441fdb119cb49d9f5a05bba33c1d,MEM7000222,GRP1022,OakStreet-East,670-22-3976,Margaret,Rodriguez,1966-05-02,F,+13424874219,7041 Market Ave,,Houston,TX,77024,USA,"7041 Market Ave, Houston, TX 77024, USA",PCP0011,Active,EHR,P00222,ING-PAT-20261005-00222,2026-10-05T10:09:06,2026-10-05T10:11:06,2022-02-13T10:11:06,2026-10-05T10:11:06,2026-10-05T07:46:06,c5a3a26a8fab6efdcf3fc7b6c65ac98067f7e5ee09d99f70346f7fc336d46afc,CURRENT,True
100223,P00223,64d0d16682b82a00da78e6089043fd83acfd866ae0e5701a6a2bc16fb32d932d,MEM7000223,GRP1023,OakStreet-Southwest,583-22-7194,Anthony,Lee,1951-12-03,M,+17346432571,9634 Main Rd,,Houston,TX,77005,USA,"9634 Main Rd, Houston, TX 77005, USA",PCP0044,Active,EHR,P00223,ING-PAT-20261005-00223,2026-10-05T10:09:09,2026-10-05T10:11:09,2022-02-21T10:11:09,2026-10-05T10:11:09,2026-10-05T06:46:09,e46a5251d451aafa55583d55bb51eb34bfe036c044a120d5e91d63a9765265d6,CURRENT,True
100224,P00224,73067a09ebfa3202bdb51b41507fe95b619dc390fad8af34b43fcbf339318f9f,MEM7000224,GRP1024,OakStreet-Central,821-46-8044,Nancy,Smith,1953-10-05,F,+15586713174,9023 Lake St,Apt 79,Orlando,FL,32801,USA,"9023 Lake St Apt 79, Orlando, FL 32801, USA",PCP0071,Active,EHR,P00224,ING-PAT-20261005-00224,2026-10-05T10:09:12,2026-10-05T10:11:12,2023-05-26T10:11:12,2026-10-05T10:11:12,2026-10-05T08:24:12,a00ac7358617f32ff7b5f0966b40816a38e26f0c9887ac6a8019f720f39f1cd7,CURRENT,True
100225,P00225,777a07a523df00450f83f0e1b00b3c655b736faea4c01adc89cb1f218d6e733e,MEM7000225,GRP1025,OakStreet-South,215-32-5076,Michael,Wilson,1974-05-17,F,+17566807740,9252 Main Blvd,,Atlanta,GA,30303,USA,"9252 Main Blvd, Atlanta, GA 30303, USA",PCP0016,Active,EHR,P00225,ING-PAT-20261005-00225,2026-10-05T10:09:15,2026-10-05T10:11:15,2023-04-21T10:11:15,2026-10-05T10:11:15,2026-10-05T08:44:15,dbb337e2e628729d0f3b703b80a49c1d0ea93a27a7e15ae661c4c939a7ed4308,CURRENT,True
100226,P00226,15e003359b60238c2cbc3c959b71037e6af36bc4def246372c3b918214a88879,MEM7000226,GRP1026,OakStreet-East,293-99-8618,Patricia,Thompson,1948-05-19,F,+12767267478,4004 Washington St,,Austin,TX,78701,USA,"4004 Washington St, Austin, TX 78701, USA",PCP0015,Active,EHR,P00226,ING-PAT-20261005-00226,2026-10-05T10:09:18,2026-10-05T10:11:18,2022-11-03T10:11:18,2026-10-05T10:11:18,2026-10-05T08:10:18,fd5a46bfa36d63f9eef57eaa451f567baecb63ff57f004f26c96827874a0a6e5,CURRENT,True
100227,P00227,14c7bfa48cd7efdda47444fb8020781ad9a0e10dd4f7b48e76718cea2ffd9c5e,MEM7000227,GRP1027,OakStreet-Southwest,564-31-6920,Nancy,White,1982-03-27,M,+15094499881,3746 Washington St,,Austin,TX,78701,USA,"3746 Washington St, Austin, TX 78701, USA",PCP0120,Active,EHR,P00227,ING-PAT-20261005-00227,2026-10-05T10:09:21,2026-10-05T10:11:21,2022-12-26T10:11:21,2026-10-05T10:11:21,2026-10-05T08:05:21,64c5f1a0572c235cdb83c3682ec57b957ef53b8f03c64b09ad06a8eb7d208b16,CURRENT,True
100228,P00228,3fd1a1861ee374d4982d77aa25af06f0204a1e4b06f12cd37228ef9a194e37ec,MEM7000228,GRP1028,OakStreet-Central,776-16-4105,Daniel,Clark,1978-05-13,F,+19313783707,795 Pine Blvd,,Phoenix,AZ,85004,USA,"795 Pine Blvd, Phoenix, AZ 85004, USA",PCP0111,Active,EHR,P00228,ING-PAT-20261005-00228,2026-10-05T10:09:24,2026-10-05T10:11:24,2025-10-28T10:11:24,2026-10-05T10:11:24,2026-10-05T08:10:24,696c7b62fb4cf727e1394bf36765c217fe0f2a2bb70c0b878654166b13f8401f,CURRENT,True
100229,P00229,3035193cc71d43b98d812b83331c4b2133bec92e47c05299352ffa2339eeaba9,MEM7000229,GRP1029,OakStreet-South,878-32-4932,Barbara,Martinez,1979-06-16,F,+13479426732,7724 Main Blvd,,Austin,TX,78701,USA,"7724 Main Blvd, Austin, TX 78701, USA",PCP0003,Active,EHR,P00229,ING-PAT-20261005-00229,2026-10-05T10:09:27,2026-10-05T10:11:27,2022-05-29T10:11:27,2026-10-05T10:11:27,2026-10-05T07:42:27,197dd968c5cdcdd482646ed67a5b56f92ef0e9c7058ba3f20dcc58cc261d8244,CURRENT,True
100230,P00230,0372430b7b7a2d4f61961b0ff0220a64b7720b4037f7d13d4cc58a4be1a54575,MEM7000230,GRP1030,OakStreet-East,200-73-2348,Robert,Wilson,1945-09-25,F,+19544345755,8231 Oak Ave,,Chicago,IL,60601,USA,"8231 Oak Ave, Chicago, IL 60601, USA",PCP0043,Active,EHR,P00230,ING-PAT-20261005-00230,2026-10-05T10:09:30,2026-10-05T10:11:30,2023-09-13T10:11:30,2026-10-05T10:11:30,2026-10-05T07:14:30,27f086d0d11fe56e353366274c3ed850f1fe2e07b35bfc26b376b50cec093ec0,CURRENT,True
100231,P00231,f79188724d916ff48d23b80469c850420b57cdfc461702196f6baa75cc92984a,MEM7000231,GRP1031,OakStreet-Southwest,531-37-4893,Mark,Jackson,1982-12-25,M,+12343497333,8144 Market Rd,,Houston,TX,77024,USA,"8144 Market Rd, Houston, TX 77024, USA",PCP0036,Active,EHR,P00231,ING-PAT-20261005-00231,2026-10-05T10:09:33,2026-10-05T10:11:33,2023-11-29T10:11:33,2026-10-05T10:11:33,2026-10-05T10:06:33,5a67dd89858573a4b24aa880303085820bb47bcca9c855c81bef08e5f110b856,CURRENT,True
100232,P00232,956ebf789292cb014b239b7e15163309f9639c0053c3cb02b9b4df50827e04f7,MEM7000232,GRP1032,OakStreet-Central,592-74-5614,Margaret,Hernandez,1955-01-18,M,+17213956183,7151 Oak St,,Chicago,IL,60601,USA,"7151 Oak St, Chicago, IL 60601, USA",PCP0110,Active,EHR,P00232,ING-PAT-20261005-00232,2026-10-05T10:09:36,2026-10-05T10:11:36,2025-08-31T10:11:36,2026-10-05T10:11:36,2026-10-05T06:23:36,c888ae270c426ef4c125dd9a270c81112703905a617173d5c5ce44ddfed83f90,CURRENT,True
100233,P00233,830d79af102dc6cd8a54c4555fdd5890724ff8114bfe76312ea7f5418bbd3be4,MEM7000233,GRP1033,OakStreet-South,203-27-0189,John,Clark,1943-09-10,F,+12103801415,1234 Market St,,Chicago,IL,60601,USA,"1234 Market St, Chicago, IL 60601, USA",PCP0047,Active,EHR,P00233,ING-PAT-20261005-00233,2026-10-05T10:09:39,2026-10-05T10:11:39,2022-08-22T10:11:39,2026-10-05T10:11:39,2026-10-05T09:23:39,63af9372453cc18c4e4cf1c34fafb8d276a12dc569d961e17bcc0b038957a317,CURRENT,True
100234,P00234,2b7e3325a4019621020abe091673e3908b59b615e9394f1fa3684b407989f056,MEM7000234,GRP1034,OakStreet-East,838-42-6100,Betty,White,1976-12-04,M,+18182017429,197 Park Ave,,Austin,TX,78701,USA,"197 Park Ave, Austin, TX 78701, USA",PCP0048,Active,EHR,P00234,ING-PAT-20261005-00234,2026-10-05T10:09:42,2026-10-05T10:11:42,2022-12-22T10:11:42,2026-10-05T10:11:42,2026-10-05T06:30:42,08e10a4126000f390ac6a8ff2a2007ab20631f114ce6a8bd71485d97beb3136e,CURRENT,True
100235,P00235,a92ed1b8088a27e917df2753292a44c84cfd0208d4da0bbf937d14f7349ca79d,MEM7000235,GRP1035,OakStreet-Southwest,495-68-0609,Joseph,Smith,1966-09-08,M,+15307501171,2421 Park Blvd,,San Antonio,TX,78205,USA,"2421 Park Blvd, San Antonio, TX 78205, USA",PCP0070,Active,EHR,P00235,ING-PAT-20261005-00235,2026-10-05T10:09:45,2026-10-05T10:11:45,2025-05-13T10:11:45,2026-10-05T10:11:45,2026-10-05T07:24:45,1a5384dde1898fc04e7830a81cbff7d597f64d3c81737983134050f829924f46,CURRENT,True
100236,P00236,49731e3e547ce369076d4fdc950cf08d8f7124d9bf3b3c7beade97d5b056297b,MEM7000236,GRP1036,OakStreet-Central,478-61-0622,Jessica,Smith,1971-08-01,F,+18044505390,3614 Park Rd,,Houston,TX,77024,USA,"3614 Park Rd, Houston, TX 77024, USA",PCP0048,Active,EHR,P00236,ING-PAT-20261005-00236,2026-10-05T10:09:48,2026-10-05T10:11:48,2024-09-25T10:11:48,2026-10-05T10:11:48,2026-10-05T09:09:48,943da4d0e8b3d6c443536cf09c14bf8452a3f0249ee91b0febd7a11f0b75f169,CURRENT,True
100237,P00237,5a4167d429a52128b5ad9809f7aeff29d4829d3e7993c1d1871352ee010ea1a2,MEM7000237,GRP1037,OakStreet-South,202-77-2956,David,Thompson,1978-09-13,M,+14977608422,5512 Main Blvd,,San Antonio,TX,78205,USA,"5512 Main Blvd, San Antonio, TX 78205, USA",PCP0034,Active,EHR,P00237,ING-PAT-20261005-00237,2026-10-05T10:09:51,2026-10-05T10:11:51,2024-11-12T10:11:51,2026-10-05T10:11:51,2026-10-05T07:49:51,3de886cf271d759ca72102c6b21e4a2e4c1cc0ef956feee7c75f729a70fb951c,CURRENT,True
100238,P00238,531b9eceb5d5702fd2370ceb33ff59c21a46ab7a325f2f2f64a7e131688dd40a,MEM7000238,GRP1038,OakStreet-East,682-89-0509,Mark,Garcia,1962-07-20,M,+12296389648,847 Park St,,Chicago,IL,60601,USA,"847 Park St, Chicago, IL 60601, USA",PCP0115,Active,EHR,P00238,ING-PAT-20261005-00238,2026-10-05T10:09:54,2026-10-05T10:11:54,2022-03-10T10:11:54,2026-10-05T10:11:54,2026-10-05T08:39:54,59fa102ee3748481279105ce7b3de96c42937cdee24cd67d8bf84856c810998f,CURRENT,True
100239,P00239,1af56e50e6b718dacb71acfa5bf730513f7851ee4876d18b94b76bf2233cd155,MEM7000239,GRP1039,OakStreet-Southwest,365-50-1432,John,Rodriguez,1982-11-08,F,+15865222924,7334 Main Ave,,Austin,TX,78701,USA,"7334 Main Ave, Austin, TX 78701, USA",PCP0093,Active,EHR,P00239,ING-PAT-20261005-00239,2026-10-05T10:09:57,2026-10-05T10:11:57,2023-11-12T10:11:57,2026-10-05T10:11:57,2026-10-05T08:21:57,3c03764155c14f960a6c571ce39541760f38ab66476a581d017bda875e546a78,CURRENT,True
100240,P00240,7c4ee57794ee1c4ad62a8c9c0189cd4ed9c1dab6828f11d5ad5417b116f5e08c,MEM7000240,GRP1000,OakStreet-Central,763-93-8380,Karen,Sanchez,1955-02-15,F,+16824065956,555 Washington Blvd,,San Antonio,TX,78205,USA,"555 Washington Blvd, San Antonio, TX 78205, USA",PCP0082,Active,EHR,P00240,ING-PAT-20261005-00240,2026-10-05T10:10:00,2026-10-05T10:12:00,2022-06-20T10:12:00,2026-10-05T10:12:00,2026-10-05T06:50:00,8489af78008c6b88a69bfdeeb9518eb6a01276d1198f25df13ea3b95ea2d2358,CURRENT,True
100241,P00241,744fa023d7d9c9e9169c629e6c0fd9d4e01718b29f87d5c69761889d8967c6b0,MEM7000241,GRP1001,OakStreet-South,814-70-3503,Nancy,Harris,1935-10-09,M,+13245356893,4809 Washington Rd,,Dallas,TX,75201,USA,"4809 Washington Rd, Dallas, TX 75201, USA",PCP0005,Active,EHR,P00241,ING-PAT-20261005-00241,2026-10-05T10:10:03,2026-10-05T10:12:03,2023-10-28T10:12:03,2026-10-05T10:12:03,2026-10-05T08:00:03,5228f8dd606cab32f93888577c9e6439ec13fe1d64f8ef2c0389b117d5a13d71,CURRENT,True
100242,P00242,970eb7fa19ae75d069ee0fd900d57800e6817ded2b699a8533531c5c7c695bbd,MEM7000242,GRP1002,OakStreet-East,499-74-9724,Steven,Brown,1964-10-20,F,+18386928811,5331 Market St,,Dallas,TX,75201,USA,"5331 Market St, Dallas, TX 75201, USA",PCP0055,Active,EHR,P00242,ING-PAT-20261005-00242,2026-10-05T10:10:06,2026-10-05T10:12:06,2024-11-20T10:12:06,2026-10-05T10:12:06,2026-10-05T08:22:06,7de9f4a4092fba2f8ba264e99715f3e3d37a5e2a4d93eb2e5527258db7915841,CURRENT,True
100243,P00243,c1ce19dc943c79296033f3f762992a10196171ff33797c1bf55388eb009b2fd5,MEM7000243,GRP1003,OakStreet-Southwest,544-30-7574,Mary,Smith,1977-07-15,M,+16499367047,3755 Oak St,,Phoenix,AZ,85004,USA,"3755 Oak St, Phoenix, AZ 85004, USA",PCP0112,Active,EHR,P00243,ING-PAT-20261005-00243,2026-10-05T10:10:09,2026-10-05T10:12:09,2022-03-24T10:12:09,2026-10-05T10:12:09,2026-10-05T07:10:09,ddca48045023ae508ecbdd912ef3e1d2098774bff871ef86d1c3775beba28ba3,CURRENT,True
100244,P00244,0992c145feaa53991f5eb9315e9324ecb8677814caeebead80aa6b4e90bcea38,MEM7000244,GRP1004,OakStreet-Central,567-16-4261,Charles,Perez,1939-05-09,F,+15765699055,2704 Oak Ave,,Chicago,IL,60601,USA,"2704 Oak Ave, Chicago, IL 60601, USA",PCP0006,Active,EHR,P00244,ING-PAT-20261005-00244,2026-10-05T10:10:12,2026-10-05T10:12:12,2022-08-17T10:12:12,2026-10-05T10:12:12,2026-10-05T07:03:12,5b5e990f747ed8dce6340e1f3283bce1a9cc7f2719b34f563a77e08708038e50,CURRENT,True
100245,P00245,a6680f91b4d1edcd6012882e12995d53e0605629e895f6fcc1fc5582fedec442,MEM7000245,GRP1005,OakStreet-South,805-13-8100,William,Gonzalez,1967-12-04,F,+17482013949,5398 Park Ave,,Orlando,FL,32801,USA,"5398 Park Ave, Orlando, FL 32801, USA",PCP0016,Active,EHR,P00245,ING-PAT-20261005-00245,2026-10-05T10:10:15,2026-10-05T10:12:15,2023-01-20T10:12:15,2026-10-05T10:12:15,2026-10-05T08:15:15,1a24136378e04080d3ba184e2d52653679aa41c320e99d398e3a9bbc32ab2e19,CURRENT,True
100246,P00246,55913a74ff6c701a27814a12cfce08e08847fa186eb158e14f1519090751f686,MEM7000246,GRP1006,OakStreet-East,371-27-4369,Mary,Martinez,1966-07-20,F,+14663113110,3262 Pine Ave,,Houston,TX,77024,USA,"3262 Pine Ave, Houston, TX 77024, USA",PCP0074,Active,EHR,P00246,ING-PAT-20261005-00246,2026-10-05T10:10:18,2026-10-05T10:12:18,2022-04-17T10:12:18,2026-10-05T10:12:18,2026-10-05T09:57:18,025d6fcead3ba23db5d8c784c47f2b815e9e089f389e914b3e357f10027aa17e,CURRENT,True
100247,P00247,3ee5a2c97906141fdb2103fa77029d77163b28506af085f3fdaf3e9b8a7334d3,MEM7000247,GRP1007,OakStreet-Southwest,629-70-2605,Lisa,Walker,1953-06-07,M,+18078577032,3403 Oak Rd,,Austin,TX,78701,USA,"3403 Oak Rd, Austin, TX 78701, USA",PCP0082,Active,EHR,P00247,ING-PAT-20261005-00247,2026-10-05T10:10:21,2026-10-05T10:12:21,2025-07-17T10:12:21,2026-10-05T10:12:21,2026-10-05T06:21:21,7d583f8cf183ac62faf56203d6616d27a8e108e47cc0bc873377a561630a6c35,CURRENT,True
100248,P00248,45260cf863102108cda4a07b8ed3a7499deedc9bd859307a7737e1a5bccc7e9f,MEM7000248,GRP1008,OakStreet-Central,260-98-2463,Margaret,Hernandez,1958-03-13,M,+17322558425,1645 Lake Blvd,Apt 799,Phoenix,AZ,85004,USA,"1645 Lake Blvd Apt 799, Phoenix, AZ 85004, USA",PCP0037,Active,EHR,P00248,ING-PAT-20261005-00248,2026-10-05T10:10:24,2026-10-05T10:12:24,2022-05-24T10:12:24,2026-10-05T10:12:24,2026-10-05T09:07:24,e46c52cfc64cf39dd722c41ed30321aeb515194799c85cb7a03affc94fe3c53c,CURRENT,True
100249,P00249,7c38615b669f4d99cbe35272544dc992c7ffe81c367bac72fa77de4e84620073,MEM7000249,GRP1009,OakStreet-South,734-84-8378,Steven,Martinez,1989-01-11,F,+15779479624,2560 Pine Rd,,Orlando,FL,32801,USA,"2560 Pine Rd, Orlando, FL 32801, USA",PCP0103,Active,EHR,P00249,ING-PAT-20261005-00249,2026-10-05T10:10:27,2026-10-05T10:12:27,2024-03-07T10:12:27,2026-10-05T10:12:27,2026-10-05T06:24:27,7a0798791659ea2adb9b1f766a6fa33b8473308c86bdd7db8eab540f5e28d703,CURRENT,True
100250,P00250,d1f43695514de53eca594fd3aab4459e52f37c5d1ead06cadb848ea75259d54c,MEM7000250,GRP1010,OakStreet-East,327-78-6898,Karen,Garcia,1967-04-03,M,+14618081864,9243 Washington Rd,,Dallas,TX,75201,USA,"9243 Washington Rd, Dallas, TX 75201, USA",PCP0085,Active,EHR,P00250,ING-PAT-20261005-00250,2026-10-05T10:10:30,2026-10-05T10:12:30,2025-08-24T10:12:30,2026-10-05T10:12:30,2026-10-05T09:02:30,672108266a98b30438ac56aa39fc7ad909dd3f6b6e5097d9d2d33a4ce8b68c5d,CURRENT,True
100251,P00251,eb72533183fe43368bd9cfbc8e22f3a235a954cb0c2c1b928a615eceed037b69,MEM7000251,GRP1011,OakStreet-Southwest,220-15-7207,Jessica,Gonzalez,1977-01-13,F,+19385622225,3157 Oak Blvd,,Houston,TX,77002,USA,"3157 Oak Blvd, Houston, TX 77002, USA",PCP0045,Active,EHR,P00251,ING-PAT-20261005-00251,2026-10-05T10:10:33,2026-10-05T10:12:33,2025-06-17T10:12:33,2026-10-05T10:12:33,2026-10-05T07:20:33,7adf0aa20033067447684a1fc828fae307e5520aa993c8b3448a424c54b8b474,CURRENT,True
100252,P00252,5daa619bdb434ab3a553080a6f3b15982d455e27ad4a7dab0ee66bf91f1e5e1c,MEM7000252,GRP1012,OakStreet-Central,316-67-4839,Susan,Brown,1935-08-25,M,+17442644671,9100 Main St,,Phoenix,AZ,85004,USA,"9100 Main St, Phoenix, AZ 85004, USA",PCP0119,Active,EHR,P00252,ING-PAT-20261005-00252,2026-10-05T10:10:36,2026-10-05T10:12:36,2023-10-08T10:12:36,2026-10-05T10:12:36,2026-10-05T07:54:36,4e1101a1ccc08b2c26cd46f31b21df64c228f97c25f269cbf71a24c839b8d728,CURRENT,True
100253,P00253,60c3ec27d725484274419b927fdf77eb48c1c0a721e23aa1d6f0dbdb358a1ba6,MEM7000253,GRP1013,OakStreet-South,527-14-0033,Daniel,Jackson,1986-01-11,M,+13282714387,2588 Pine Blvd,,Austin,TX,78701,USA,"2588 Pine Blvd, Austin, TX 78701, USA",PCP0044,Active,EHR,P00253,ING-PAT-20261005-00253,2026-10-05T10:10:39,2026-10-05T10:12:39,2022-11-20T10:12:39,2026-10-05T10:12:39,2026-10-05T08:37:39,a889725267f294999e1d1d91102734abd07e0548a3b5678faed2f7837d1701d6,CURRENT,True
100254,P00254,47e5beeee012a88af9ea4ea4a481d094d1b883130a8e8385404df15361191a3d,MEM7000254,GRP1014,OakStreet-East,581-33-4660,Robert,Brown,1979-12-05,F,+15524856146,8969 Lake Rd,,Orlando,FL,32801,USA,"8969 Lake Rd, Orlando, FL 32801, USA",PCP0041,Active,EHR,P00254,ING-PAT-20261005-00254,2026-10-05T10:10:42,2026-10-05T10:12:42,2021-11-20T10:12:42,2026-10-05T10:12:42,2026-10-05T09:46:42,743d1a018dec6e1f9f6b296a3e79550e40cd1bb4dab361bce15d84c3c91c62c9,CURRENT,True
100255,P00255,a6b91f582edb71193eccce6612fdd1e7f16d8533c8795e60680dc66c05b61b39,MEM7000255,GRP1015,OakStreet-Southwest,887-25-0331,Patricia,Davis,1955-10-27,F,+19715644086,5846 Main St,Apt 999,Orlando,FL,32801,USA,"5846 Main St Apt 999, Orlando, FL 32801, USA",PCP0101,Active,EHR,P00255,ING-PAT-20261005-00255,2026-10-05T10:10:45,2026-10-05T10:12:45,2022-03-13T10:12:45,2026-10-05T10:12:45,2026-10-05T06:55:45,a284b9a38a8573ce1128ae27bdd0d8cf1001c3a841c636e52882f8a5ed8c1a1e,CURRENT,True
100256,P00256,60e2bafcf0ef4a30a34c7876ee9938f242232701f2236c4b65e2702c086833cd,MEM7000256,GRP1016,OakStreet-Central,226-87-8702,David,Miller,1940-11-17,F,+14913612187,6466 Washington St,,Atlanta,GA,30303,USA,"6466 Washington St, Atlanta, GA 30303, USA",PCP0098,Active,EHR,P00256,ING-PAT-20261005-00256,2026-10-05T10:10:48,2026-10-05T10:12:48,2023-03-06T10:12:48,2026-10-05T10:12:48,2026-10-05T06:12:48,46c8a21f3ed96228ec243959929764a1fd7595b2202d42455a46f2f15b2ad97b,CURRENT,True
100257,P00257,b71ddf5d1a80a7216389fc00e124c384f67ffa43b3f24212ba2822f90bb62328,MEM7000257,GRP1017,OakStreet-South,674-73-4617,Charles,Ramirez,1994-07-27,F,+15675814128,1691 Market Rd,,Houston,TX,77005,USA,"1691 Market Rd, Houston, TX 77005, USA",PCP0048,Active,EHR,P00257,ING-PAT-20261005-00257,2026-10-05T10:10:51,2026-10-05T10:12:51,2025-08-04T10:12:51,2026-10-05T10:12:51,2026-10-05T09:28:51,6ac723ae7f4c38489359bb487fb3606e23ed810e8bde81171eafdf5ba6270c74,CURRENT,True
100258,P00258,fdcc87b0cd0bb0bf6ec3c30f12f77782b2fa22525dbf401bbcddb948e07e4cbe,MEM7000258,GRP1018,OakStreet-East,625-74-1394,Robert,Lee,1991-01-28,F,+12715853462,8480 Lake Ave,,San Antonio,TX,78205,USA,"8480 Lake Ave, San Antonio, TX 78205, USA",PCP0111,Active,EHR,P00258,ING-PAT-20261005-00258,2026-10-05T10:10:54,2026-10-05T10:12:54,2024-08-24T10:12:54,2026-10-05T10:12:54,2026-10-05T07:23:54,13332b9adaf6d55d8dbfddc23dc568d124d3a3e34a916aac39b957427c308f9a,CURRENT,True
100259,P00259,7e71ba7cb9eec5ffadd97074d6e08f0ee95088cec5c4f93d0f677dee667ff0b8,MEM7000259,GRP1019,OakStreet-Southwest,718-60-1477,Karen,Smith,2000-12-09,M,+18586655337,160 Park Rd,Apt 458,Orlando,FL,32801,USA,"160 Park Rd Apt 458, Orlando, FL 32801, USA",PCP0050,Active,EHR,P00259,ING-PAT-20261005-00259,2026-10-05T10:10:57,2026-10-05T10:12:57,2021-12-30T10:12:57,2026-10-05T10:12:57,2026-10-05T09:13:57,9eaabfdb0b05e333b770f3b2d5c3477bada647f3e82478fa93977e98a885c9a5,CURRENT,True
100260,P00260,c54761e1d5692d423a7240c12aedf6d409c1f370d7ab6a0c406335051d2e7c35,MEM7000260,GRP1020,OakStreet-Central,889-81-1213,John,Clark,1955-05-14,M,+17712043913,3536 Pine Rd,,Phoenix,AZ,85004,USA,"3536 Pine Rd, Phoenix, AZ 85004, USA",PCP0097,Active,EHR,P00260,ING-PAT-20261005-00260,2026-10-05T10:11:00,2026-10-05T10:13:00,2022-11-12T10:13:00,2026-10-05T10:13:00,2026-10-05T08:16:00,1358307954d74bf2536506eea169ffe1f21e2a308f9e26b4597e3f2d7992afc8,CURRENT,True
100261,P00261,e59fa624723d14581573e6194dfbb3589cddf62285b20d9c1399e31040ea76fb,MEM7000261,GRP1021,OakStreet-South,145-96-0428,Robert,Anderson,1954-08-13,F,+18779251150,5907 Main Rd,,Dallas,TX,75201,USA,"5907 Main Rd, Dallas, TX 75201, USA",PCP0063,Active,EHR,P00261,ING-PAT-20261005-00261,2026-10-05T10:11:03,2026-10-05T10:13:03,2023-06-13T10:13:03,2026-10-05T10:13:03,2026-10-05T09:42:03,906a4ebbd7a8c676c6b04dcab811f277bd7a5c5ea3c327356f82d4e6ebec197c,CURRENT,True
100262,P00262,a9fd3467de2d42638c1ee7b44c5a9cf5756ab4feb51d394e6f0df79f2cf79fad,MEM7000262,GRP1022,OakStreet-East,649-58-8445,Patricia,White,1993-05-05,M,+19075909331,1808 Lake St,,Chicago,IL,60601,USA,"1808 Lake St, Chicago, IL 60601, USA",PCP0015,Active,EHR,P00262,ING-PAT-20261005-00262,2026-10-05T10:11:06,2026-10-05T10:13:06,2023-02-07T10:13:06,2026-10-05T10:13:06,2026-10-05T09:19:06,8e929f37a1c52121165ed9c3af7354de9668412c3c89f79d1fc3ac7ac078fe92,CURRENT,True
100263,P00263,aa7686a5537035943cc3704e83a1343649dbc19e8a51b445dd381270218002a6,MEM7000263,GRP1023,OakStreet-Southwest,794-97-4606,Linda,Jackson,1963-03-08,M,+17315673584,2005 Washington Ave,,Houston,TX,77005,USA,"2005 Washington Ave, Houston, TX 77005, USA",PCP0027,Active,EHR,P00263,ING-PAT-20261005-00263,2026-10-05T10:11:09,2026-10-05T10:13:09,2024-07-12T10:13:09,2026-10-05T10:13:09,2026-10-05T08:37:09,6ceb8d17e5b9abb12edcde2365fc7bf27c1735ec578cdbf8f47e230e618fa128,CURRENT,True
100264,P00264,15c1d30a10dc53ba129b56583d7e633c4a2e78b29bf290956fbe8517d73a190d,MEM7000264,GRP1024,OakStreet-Central,771-77-0437,Charles,Moore,1998-10-25,M,+13273889564,4879 Pine Rd,,San Antonio,TX,78205,USA,"4879 Pine Rd, San Antonio, TX 78205, USA",PCP0001,Active,EHR,P00264,ING-PAT-20261005-00264,2026-10-05T10:11:12,2026-10-05T10:13:12,2024-09-04T10:13:12,2026-10-05T10:13:12,2026-10-05T07:38:12,9e20854007e20f4e04d8e6a6930a84f26ca163db96fff2388e01ec0e944a1a80,CURRENT,True
100265,P00265,1145f5cf4f678070d182bdcb6b702080ed26ffdd9de5552e0572fd18c09f2adb,MEM7000265,GRP1025,OakStreet-South,355-21-0091,Barbara,Gonzalez,1999-01-11,F,+14492749401,9285 Market St,,San Antonio,TX,78205,USA,"9285 Market St, San Antonio, TX 78205, USA",PCP0108,Active,EHR,P00265,ING-PAT-20261005-00265,2026-10-05T10:11:15,2026-10-05T10:13:15,2025-10-31T10:13:15,2026-10-05T10:13:15,2026-10-05T07:38:15,b20f821e2f5bbb4a6a56d0c9ece583b2bccc43cb249d66980beecc171e53d179,CURRENT,True
100266,P00266,6cba37a43e4bb5caa32ee97c0c93f047e2bf2d069d86f7a1c36dde134f2d7e3a,MEM7000266,GRP1026,OakStreet-East,195-26-2930,Jennifer,Jones,1983-05-27,M,+17586511563,3882 Lake St,,Houston,TX,77002,USA,"3882 Lake St, Houston, TX 77002, USA",PCP0085,Active,EHR,P00266,ING-PAT-20261005-00266,2026-10-05T10:11:18,2026-10-05T10:13:18,2022-09-17T10:13:18,2026-10-05T10:13:18,2026-10-05T07:24:18,9b441edc75b4dd844d87e5511b27b188f8d09a31f3f8e4d08d3d8d3fba44d0ef,CURRENT,True
100267,P00267,e683132da130d52d69da0f450b86bdee06a30436462e5a874756775402d3f7fa,MEM7000267,GRP1027,OakStreet-Southwest,368-18-5377,Jennifer,Lee,1982-10-04,F,+14789193886,1888 Oak Blvd,Apt 332,Houston,TX,77024,USA,"1888 Oak Blvd Apt 332, Houston, TX 77024, USA",PCP0023,Active,EHR,P00267,ING-PAT-20261005-00267,2026-10-05T10:11:21,2026-10-05T10:13:21,2022-11-30T10:13:21,2026-10-05T10:13:21,2026-10-05T07:10:21,9a91ae40609806a6866176954e3a5d8e4fb1a7a8b0c873945ce33e23ab4e2b7c,CURRENT,True
100268,P00268,03ea88433d45edae610fb0d7bc03dcd796bd6ac7ffd85c49abc134c51084137b,MEM7000268,GRP1028,OakStreet-Central,481-54-5133,James,Jones,1957-03-24,M,+17579209535,2243 Pine Rd,,Austin,TX,78701,USA,"2243 Pine Rd, Austin, TX 78701, USA",PCP0093,Active,EHR,P00268,ING-PAT-20261005-00268,2026-10-05T10:11:24,2026-10-05T10:13:24,2025-01-17T10:13:24,2026-10-05T10:13:24,2026-10-05T07:14:24,94eea693fc7db8d149a2044beb0b47792f52342630b2c3fa88c7ac5056f9a449,CURRENT,True
100269,P00269,6589fe09d74f365ee9743a48d9fad189c434e9dc766104aee5f1dd1b7ab66f4f,MEM7000269,GRP1029,OakStreet-South,208-60-0692,Lisa,Walker,1964-08-13,F,+19285196957,231 Main Ave,,Atlanta,GA,30303,USA,"231 Main Ave, Atlanta, GA 30303, USA",PCP0088,Active,EHR,P00269,ING-PAT-20261005-00269,2026-10-05T10:11:27,2026-10-05T10:13:27,2024-11-07T10:13:27,2026-10-05T10:13:27,2026-10-05T08:42:27,2503763ecfdec28613aae72fed6a3af073156981f569a9a02ca5f27cc0c570c6,CURRENT,True
100270,P00270,91a30ce59e6da3123a0f1a86e1bb4ccd21e4e474f29d28d61322205e90773fb0,MEM7000270,GRP1030,OakStreet-East,164-21-1476,Joseph,White,1992-04-04,M,+14532815663,2520 Oak Ave,,Atlanta,GA,30303,USA,"2520 Oak Ave, Atlanta, GA 30303, USA",PCP0063,Active,EHR,P00270,ING-PAT-20261005-00270,2026-10-05T10:11:30,2026-10-05T10:13:30,2024-03-10T10:13:30,2026-10-05T10:13:30,2026-10-05T09:36:30,1f8fbb3a57bb293ce4c7d003e4535a9cb8fd116ac88323e75a0618b97178b177,CURRENT,True
100271,P00271,bd5f6981c80cdc4cd910bf0397360a99573a407ca7e2e36a1fcc4374c5ce33eb,MEM7000271,GRP1031,OakStreet-Southwest,713-51-8753,Joseph,Brown,1977-01-04,F,+15975074808,2847 Park St,,Phoenix,AZ,85004,USA,"2847 Park St, Phoenix, AZ 85004, USA",PCP0008,Active,EHR,P00271,ING-PAT-20261005-00271,2026-10-05T10:11:33,2026-10-05T10:13:33,2022-11-04T10:13:33,2026-10-05T10:13:33,2026-10-05T08:01:33,a93c37310fb32976d1a69661509caa06e86e9bfb7f4069030e7b6f2ce7b570fc,CURRENT,True
100272,P00272,54506f1e88699df5faf265bc38b8ee629db009de0391f49ca9db54c615768123,MEM7000272,GRP1032,OakStreet-Central,870-72-7256,Barbara,Martinez,1950-04-26,M,+19176097429,8425 Washington Rd,,Houston,TX,77024,USA,"8425 Washington Rd, Houston, TX 77024, USA",PCP0075,Active,EHR,P00272,ING-PAT-20261005-00272,2026-10-05T10:11:36,2026-10-05T10:13:36,2023-09-01T10:13:36,2026-10-05T10:13:36,2026-10-05T09:46:36,d5e4b7b8a952de45b1373c8d69d8e9cad547e1fb055efd0725565bd3d995fb03,CURRENT,True
100273,P00273,e98b57652bdaa831fcafa9cdbbcb01bbde81b377316a840663636d2c8fe4fe93,MEM7000273,GRP1033,OakStreet-South,357-46-2833,Steven,Harris,1958-09-06,F,+18107534019,656 Lake Ave,Apt 213,San Antonio,TX,78205,USA,"656 Lake Ave Apt 213, San Antonio, TX 78205, USA",PCP0007,Active,EHR,P00273,ING-PAT-20261005-00273,2026-10-05T10:11:39,2026-10-05T10:13:39,2022-10-31T10:13:39,2026-10-05T10:13:39,2026-10-05T07:24:39,f9de46cc19e8f96b8865a5d32b1ef0a84ca111bb6f4d33ecfd3952ca1c220090,CURRENT,True
100274,P00274,d131098c72e3a344dbe2d4e37cf96c7090fbbde9c0964af9e91512f4a57f601e,MEM7000274,GRP1034,OakStreet-East,843-62-6918,Joseph,White,1986-09-09,M,+18664531731,6425 Washington Ave,,Atlanta,GA,30303,USA,"6425 Washington Ave, Atlanta, GA 30303, USA",PCP0044,Active,EHR,P00274,ING-PAT-20261005-00274,2026-10-05T10:11:42,2026-10-05T10:13:42,2022-12-11T10:13:42,2026-10-05T10:13:42,2026-10-05T07:29:42,9e04929c669df0ab897dba95db7e61b5eb1a3c62fbff54b63955c0afde337a2c,CURRENT,True
100275,P00275,5b63a967aea00857fb670980acc1f8b88a7c6e9b2791cd9bac49d4dff5bd8a6b,MEM7000275,GRP1035,OakStreet-Southwest,440-42-4229,Robert,Martin,1974-07-04,F,+16258071745,7925 Pine Blvd,Apt 684,Atlanta,GA,30303,USA,"7925 Pine Blvd Apt 684, Atlanta, GA 30303, USA",PCP0090,Active,EHR,P00275,ING-PAT-20261005-00275,2026-10-05T10:11:45,2026-10-05T10:13:45,2022-02-06T10:13:45,2026-10-05T10:13:45,2026-10-05T09:02:45,c0b856162f53b7c46427ae3cf24311d9f771e5ed3d62c05c8ce399b7c5da4902,CURRENT,True
100276,P00276,8355eddb21bf2105717cde2c4759a5b5e222ee372e4e4149a9304dabd1bab143,MEM7000276,GRP1036,OakStreet-Central,620-81-5252,Patricia,Lopez,1974-01-08,M,+12712992970,4248 Park Blvd,Apt 98,San Antonio,TX,78205,USA,"4248 Park Blvd Apt 98, San Antonio, TX 78205, USA",PCP0063,Active,EHR,P00276,ING-PAT-20261005-00276,2026-10-05T10:11:48,2026-10-05T10:13:48,2022-02-28T10:13:48,2026-10-05T10:13:48,2026-10-05T09:12:48,f2a362c96793e0dd55c23c36b3fe91cf9947f576723e8f87bf7530c062c1e58c,CURRENT,True
100277,P00277,6c641bbbea5322f26f2d26b378ef89c6f4415c59fba8534abc12168c562a0e4e,MEM7000277,GRP1037,OakStreet-South,286-73-7026,Sarah,White,1945-03-14,F,+19117081769,2400 Washington Rd,Apt 403,Dallas,TX,75201,USA,"2400 Washington Rd Apt 403, Dallas, TX 75201, USA",PCP0114,Active,EHR,P00277,ING-PAT-20261005-00277,2026-10-05T10:11:51,2026-10-05T10:13:51,2023-02-02T10:13:51,2026-10-05T10:13:51,2026-10-05T09:08:51,dbc9c6b28c54fdb1f9360299cd6e99ea4971f6e805941b7dea3d54a951150d56,CURRENT,True
100278,P00278,973363ae8ad5e3c44974d8c0db614706bd103e612ad3d895d9fecab8a507b386,MEM7000278,GRP1038,OakStreet-East,148-45-9412,Sarah,Perez,1991-01-07,M,+14807897346,6107 Main St,,Phoenix,AZ,85004,USA,"6107 Main St, Phoenix, AZ 85004, USA",PCP0023,Active,EHR,P00278,ING-PAT-20261005-00278,2026-10-05T10:11:54,2026-10-05T10:13:54,2024-01-11T10:13:54,2026-10-05T10:13:54,2026-10-05T09:16:54,80040cba39c01c800d32f940d722fb71e133eeb90042502998a22c97ed9165fc,CURRENT,True
100279,P00279,f6397ee9ac0aa35db6b496a85179425d927329bed1260f0bcf13e8099b8e4657,MEM7000279,GRP1039,OakStreet-Southwest,553-33-7518,Richard,Ramirez,1955-11-17,M,+16596191110,7237 Lake Blvd,,Houston,TX,77005,USA,"7237 Lake Blvd, Houston, TX 77005, USA",PCP0002,Active,EHR,P00279,ING-PAT-20261005-00279,2026-10-05T10:11:57,2026-10-05T10:13:57,2023-01-03T10:13:57,2026-10-05T10:13:57,2026-10-05T07:55:57,26706d046d5186c31eff1320c20439d0a4727ad3f0233cdf8e5e2cabda3c46b5,CURRENT,True
100280,P00280,db38253bdba557e1967e8b8a99a29bc1568753093fe662d5f557c4c139687c3d,MEM7000280,GRP1000,OakStreet-Central,615-31-2858,Charles,Williams,2002-01-07,F,+12135771388,2237 Park St,,Chicago,IL,60601,USA,"2237 Park St, Chicago, IL 60601, USA",PCP0103,Active,EHR,P00280,ING-PAT-20261005-00280,2026-10-05T10:12:00,2026-10-05T10:14:00,2022-01-18T10:14:00,2026-10-05T10:14:00,2026-10-05T08:33:00,f6a3da46cc4c767154b180ee9a359befa93164f5ee3a12a841fa12034b518bb4,CURRENT,True
100281,P00281,3576b63686aace996ac16a28327232a3604c496639c879a768b4edf7429a291e,MEM7000281,GRP1001,OakStreet-South,113-88-2057,Mary,Perez,1938-02-15,F,+14492236752,1034 Main Ave,,Austin,TX,78701,USA,"1034 Main Ave, Austin, TX 78701, USA",PCP0011,Active,EHR,P00281,ING-PAT-20261005-00281,2026-10-05T10:12:03,2026-10-05T10:14:03,2023-05-03T10:14:03,2026-10-05T10:14:03,2026-10-05T09:51:03,b848836fd6cfef0bb818b416f56af59cba8f1113b889fd8a35171f58f3436d32,CURRENT,True
100282,P00282,c360311315ba75ca11e3f314393f98e62b5ab0a75a14dd625cda3584e5041546,MEM7000282,GRP1002,OakStreet-East,575-60-4161,Betty,Taylor,1964-07-16,M,+18373028230,4947 Washington Rd,,Houston,TX,77002,USA,"4947 Washington Rd, Houston, TX 77002, USA",PCP0040,Inactive,EHR,P00282,ING-PAT-20261005-00282,2026-10-05T10:12:06,2026-10-05T10:14:06,2023-05-26T10:14:06,2026-10-05T10:14:06,2026-10-05T09:36:06,79e01c13867f00c2ac8ea26dae8083b2b9b419ef0bc469ba38ec83296cc2b432,CURRENT,True
100283,P00283,2bc0c6d9ae2209614825393ecac3216352c50e6b5833e1f9a93ba073c4859f17,MEM7000283,GRP1003,OakStreet-Southwest,844-65-0002,Richard,Miller,1938-09-15,M,+15354781207,7929 Washington Ave,Apt 997,Atlanta,GA,30303,USA,"7929 Washington Ave Apt 997, Atlanta, GA 30303, USA",PCP0042,Active,EHR,P00283,ING-PAT-20261005-00283,2026-10-05T10:12:09,2026-10-05T10:14:09,2023-01-11T10:14:09,2026-10-05T10:14:09,2026-10-05T09:36:09,093c905f3792ec76ec40e264e06391d33fb7d2cbdab265e2c57849776c47eeda,CURRENT,True
100284,P00284,873930c91b7b9cbe8846002bea49ac6dd2debd7dccd09559574c536615888011,MEM7000284,GRP1004,OakStreet-Central,135-60-5173,Charles,Jones,1990-04-06,M,+18652584789,8364 Washington St,,Dallas,TX,75201,USA,"8364 Washington St, Dallas, TX 75201, USA",PCP0001,Active,EHR,P00284,ING-PAT-20261005-00284,2026-10-05T10:12:12,2026-10-05T10:14:12,2023-09-14T10:14:12,2026-10-05T10:14:12,2026-10-05T08:39:12,2f00b52c92a640307ea8749858f37feac297ec51d5dd2100b6650a76a9bfeba2,CURRENT,True
100285,P00285,4f17f5c9ec3fb61887cd16a7fdaa3dd3b4b1a36e78bfaae3ee35b7ae215aa806,MEM7000285,GRP1005,OakStreet-South,742-68-9219,John,Walker,1942-04-08,M,+18769531893,7818 Park Blvd,,Houston,TX,77024,USA,"7818 Park Blvd, Houston, TX 77024, USA",PCP0019,Active,EHR,P00285,ING-PAT-20261005-00285,2026-10-05T10:12:15,2026-10-05T10:14:15,2022-08-31T10:14:15,2026-10-05T10:14:15,2026-10-05T06:32:15,a880458d228848494f3fa32069b0bfbd8b2c3ee410f60685540dd3040fc98cd3,CURRENT,True
100286,P00286,740ccab39a5e0246ed8ba3fc422449f61df2298fc62e330161e234b3e275df30,MEM7000286,GRP1006,OakStreet-East,356-55-6703,Margaret,Perez,1946-05-15,F,+17214077347,9129 Washington St,,Atlanta,GA,30303,USA,"9129 Washington St, Atlanta, GA 30303, USA",PCP0104,Active,EHR,P00286,ING-PAT-20261005-00286,2026-10-05T10:12:18,2026-10-05T10:14:18,2024-06-24T10:14:18,2026-10-05T10:14:18,2026-10-05T07:56:18,a3133af9e0a2d95477d28ac2459cab8802b149fe47627e318cd8775971f3e7c5,CURRENT,True
100287,P00287,e36e55132764f7913edbb9c9ac3cb6d5d637f5bda37145c55b2e47507ecbe8c9,MEM7000287,GRP1007,OakStreet-Southwest,353-46-4443,Jessica,Jones,1973-05-18,M,+12819515605,4880 Pine Blvd,,Phoenix,AZ,85004,USA,"4880 Pine Blvd, Phoenix, AZ 85004, USA",PCP0044,Active,EHR,P00287,ING-PAT-20261005-00287,2026-10-05T10:12:21,2026-10-05T10:14:21,2025-06-21T10:14:21,2026-10-05T10:14:21,2026-10-05T09:31:21,680a9d06227fd7a460786876fb6e165874367d03aad283dee7f26bb2550969be,CURRENT,True
100288,P00288,962ebffc9bf10014946814e6b22af9530c7a4ed8bea316f52b58dd8749d686de,MEM7000288,GRP1008,OakStreet-Central,322-85-4997,Mary,Davis,1972-09-14,F,+14576009933,2150 Lake St,,Houston,TX,77002,USA,"2150 Lake St, Houston, TX 77002, USA",PCP0016,Active,EHR,P00288,ING-PAT-20261005-00288,2026-10-05T10:12:24,2026-10-05T10:14:24,2022-08-01T10:14:24,2026-10-05T10:14:24,2026-10-05T08:37:24,c3fd7b2fc57c911c66313c06934f973c13836de10f8e07ff8d3e49f90c023eb1,CURRENT,True
100289,P00289,de8a0a5a7786fc6fbd8cf32da1ced87088cd4fba9f4ed7708c7539ac3fb63253,MEM7000289,GRP1009,OakStreet-South,694-10-0920,Richard,Davis,1946-04-06,F,+12604755318,3691 Lake St,,Chicago,IL,60601,USA,"3691 Lake St, Chicago, IL 60601, USA",PCP0040,Active,EHR,P00289,ING-PAT-20261005-00289,2026-10-05T10:12:27,2026-10-05T10:14:27,2022-02-07T10:14:27,2026-10-05T10:14:27,2026-10-05T06:18:27,ecb50c9a6c9ab8d3cf44d3b7c6254cf2552e631c55011c433522821d65d370a1,CURRENT,True
100290,P00290,000cecdf0be3fe9a16b1c21bed7f15fa249b511adf538c3ddca536a3b1497321,MEM7000290,GRP1010,OakStreet-East,788-79-5424,Karen,Jackson,1966-12-15,F,+12883183715,7005 Main Ave,,Houston,TX,77024,USA,"7005 Main Ave, Houston, TX 77024, USA",PCP0070,Active,EHR,P00290,ING-PAT-20261005-00290,2026-10-05T10:12:30,2026-10-05T10:14:30,2025-09-01T10:14:30,2026-10-05T10:14:30,2026-10-05T06:58:30,fdecab87a9e595210e9e39ec636d8ee940fa24929f85e36ec30c6585d3d6db9d,CURRENT,True
100291,P00291,ea4a62769fe89a4ee371bdcecb07d70a1dd5c4f021d7ee5323393a086591a989,MEM7000291,GRP1011,OakStreet-Southwest,100-95-4572,Richard,Williams,1970-05-24,F,+18893106150,8048 Oak Blvd,,Atlanta,GA,30303,USA,"8048 Oak Blvd, Atlanta, GA 30303, USA",PCP0026,Active,EHR,P00291,ING-PAT-20261005-00291,2026-10-05T10:12:33,2026-10-05T10:14:33,2023-05-02T10:14:33,2026-10-05T10:14:33,2026-10-05T08:03:33,857ef825f2aa6585e1a31c22eaddf8675c0625796a9350f725b43aa168797e1d,CURRENT,True
100292,P00292,c202b5ad4d22ba4c22e0b0449baed5996842d531edb165d8d48288ee2f9ad3ef,MEM7000292,GRP1012,OakStreet-Central,860-29-4634,Jennifer,Gonzalez,1938-01-10,M,+12026964381,8255 Oak Blvd,,Houston,TX,77024,USA,"8255 Oak Blvd, Houston, TX 77024, USA",PCP0006,Active,EHR,P00292,ING-PAT-20261005-00292,2026-10-05T10:12:36,2026-10-05T10:14:36,2025-02-02T10:14:36,2026-10-05T10:14:36,2026-10-05T07:00:36,bcf32e0dff6895d380b6e09ab5cc5c45567f7a8f5ed470220359b720baa3b9d2,CURRENT,True
100293,P00293,accd88a1b1d61d325ef396b53840228e7ac6f25bea607ad340b7a6b471598120,MEM7000293,GRP1013,OakStreet-South,281-50-7835,Linda,Lewis,1981-05-25,F,+17887277271,8298 Main St,,Houston,TX,77024,USA,"8298 Main St, Houston, TX 77024, USA",PCP0072,Active,EHR,P00293,ING-PAT-20261005-00293,2026-10-05T10:12:39,2026-10-05T10:14:39,2025-03-25T10:14:39,2026-10-05T10:14:39,2026-10-05T09:35:39,9d7e8fe0a7a8d87a258f31e0ed7ed448e9d544124d66dcb19562817e8de162d7,CURRENT,True
100294,P00294,df051eb785b2e59a8d47c27f3c522c122d2e73b0c1d5cc70e2f8fff2ad71b0ad,MEM7000294,GRP1014,OakStreet-East,558-70-5613,Patricia,Taylor,1969-10-09,F,+12916862881,9442 Lake Ave,,San Antonio,TX,78205,USA,"9442 Lake Ave, San Antonio, TX 78205, USA",PCP0041,Active,EHR,P00294,ING-PAT-20261005-00294,2026-10-05T10:12:42,2026-10-05T10:14:42,2022-02-23T10:14:42,2026-10-05T10:14:42,2026-10-05T06:26:42,478dec1919f248ccc0e09d90816316bca2dbab8dd3b4ac14b8b28785e6a2927e,CURRENT,True
100295,P00295,4bfb51c5dfd1c41880844c5f174aba514227f4d8d495d9321435e523f2163877,MEM7000295,GRP1015,OakStreet-Southwest,641-36-8412,Sarah,Martinez,1999-01-15,F,+16687054365,6960 Market Rd,,San Antonio,TX,78205,USA,"6960 Market Rd, San Antonio, TX 78205, USA",PCP0099,Active,EHR,P00295,ING-PAT-20261005-00295,2026-10-05T10:12:45,2026-10-05T10:14:45,2023-04-28T10:14:45,2026-10-05T10:14:45,2026-10-05T09:19:45,83d0b6103f98b91c88ece0436b07946e7dd4585af5dbba1df2054e21b389cb37,CURRENT,True
100296,P00296,8635b97e4857179fbeba2bae8b9afccd78e0d11f955e0ecbf6f7584b0f930d81,MEM7000296,GRP1016,OakStreet-Central,246-43-7305,Daniel,Smith,1962-10-06,F,+12557031271,3955 Pine Rd,,Houston,TX,77005,USA,"3955 Pine Rd, Houston, TX 77005, USA",PCP0029,Active,EHR,P00296,ING-PAT-20261005-00296,2026-10-05T10:12:48,2026-10-05T10:14:48,2025-03-29T10:14:48,2026-10-05T10:14:48,2026-10-05T06:21:48,c816ad3c6a29ea334c779c65258f17cce4f44a096a09b586f0d5d36752494996,CURRENT,True
100297,P00297,e5a9348dd4f253a1ebd7d8ff2d14fad4a1b0f37298edc8593608828cc8032d29,MEM7000297,GRP1017,OakStreet-South,349-54-2662,Joseph,Ramirez,1944-06-21,M,+13145004179,7222 Oak St,,Orlando,FL,32801,USA,"7222 Oak St, Orlando, FL 32801, USA",PCP0099,Active,EHR,P00297,ING-PAT-20261005-00297,2026-10-05T10:12:51,2026-10-05T10:14:51,2023-09-06T10:14:51,2026-10-05T10:14:51,2026-10-05T09:09:51,39fe905f53143d2f4fff0ee8392f06793296d2eafd43681a499f414f73c2132c,CURRENT,True
100298,P00298,9169751e9e0ed2de4a16f078b8d4cce7180cf122a4d150989b1b8a029ebe815c,MEM7000298,GRP1018,OakStreet-East,598-42-0112,Matthew,Moore,1969-11-09,F,+17987817316,5417 Park St,,Atlanta,GA,30303,USA,"5417 Park St, Atlanta, GA 30303, USA",PCP0118,Active,EHR,P00298,ING-PAT-20261005-00298,2026-10-05T10:12:54,2026-10-05T10:14:54,2025-06-26T10:14:54,2026-10-05T10:14:54,2026-10-05T06:42:54,7b23b5904811fc5625dc9f8feb1df9afdd60ca8da811f438f60c71bada622502,CURRENT,True
100299,P00299,ab55b3435b69332f6847b89171338f47789f39d68ca894644ad1303316ed00a6,MEM7000299,GRP1019,OakStreet-Southwest,413-59-9428,Steven,Miller,1973-06-26,F,+17917376433,7135 Park Ave,Apt 500,Chicago,IL,60601,USA,"7135 Park Ave Apt 500, Chicago, IL 60601, USA",PCP0005,Inactive,EHR,P00299,ING-PAT-20261005-00299,2026-10-05T10:12:57,2026-10-05T10:14:57,2022-10-19T10:14:57,2026-10-05T10:14:57,2026-10-05T08:59:57,252d088986a824bd2ecae4aabf655987cbbf65b1518095c788c6224716ca73a4,CURRENT,True
100300,P00300,8da1315bd3d510c82a66331888ed928694a4f3f2e4550d1ad223659cefb29584,MEM7000300,GRP1020,OakStreet-Central,596-16-4210,Ashley,Lewis,1989-02-19,F,+12388572062,9966 Park St,,Houston,TX,77002,USA,"9966 Park St, Houston, TX 77002, USA",PCP0101,Active,EHR,P00300,ING-PAT-20261005-00300,2026-10-05T10:13:00,2026-10-05T10:15:00,2022-11-24T10:15:00,2026-10-05T10:15:00,2026-10-05T06:19:00,4b8f2bc50918ee444070ac01c5350796c0c19cfa2028f349d2e2d54e83550d7e,CURRENT,True
100301,P00301,7250865ee6b099e4a1f23deb6f247457106152e4fb69c43eca91a7bbbf238576,MEM7000301,GRP1021,OakStreet-South,491-47-6653,Jennifer,Gonzalez,1949-05-16,M,+15522469761,9089 Washington Rd,,Houston,TX,77024,USA,"9089 Washington Rd, Houston, TX 77024, USA",PCP0024,Active,EHR,P00301,ING-PAT-20261005-00301,2026-10-05T10:13:03,2026-10-05T10:15:03,2022-08-30T10:15:03,2026-10-05T10:15:03,2026-10-05T10:11:03,1cbf64cd7543eb737b5966ec73c43fbc4eb2b02e9e4bf0944aa8f6e5cfda63ee,CURRENT,True
100302,P00302,86b8630bece08c26f1d11c30108136c22b549a04d16cc8353c765b3549c01927,MEM7000302,GRP1022,OakStreet-East,243-71-7015,Daniel,Miller,1995-09-18,M,+13546432282,5305 Lake Rd,,Phoenix,AZ,85004,USA,"5305 Lake Rd, Phoenix, AZ 85004, USA",PCP0029,Active,EHR,P00302,ING-PAT-20261005-00302,2026-10-05T10:13:06,2026-10-05T10:15:06,2023-02-02T10:15:06,2026-10-05T10:15:06,2026-10-05T06:44:06,eaeadf107704816efb49a081a35462b16033abf899a96eaca10f4a78d6a473fb,CURRENT,True
100303,P00303,3019e6f351663aaedc1f5bfb7099cdeec29d99b9463d4daab3bbdee7fc3ea18e,MEM7000303,GRP1023,OakStreet-Southwest,696-50-4500,Richard,Martinez,1996-03-07,M,+17584373396,6870 Washington Blvd,,Dallas,TX,75201,USA,"6870 Washington Blvd, Dallas, TX 75201, USA",PCP0075,Active,EHR,P00303,ING-PAT-20261005-00303,2026-10-05T10:13:09,2026-10-05T10:15:09,2024-08-12T10:15:09,2026-10-05T10:15:09,2026-10-05T06:15:09,1c0b3e8c9dbaad2cbe8f2629de3ca2e70228f0137575497d7b90132e165e2f67,CURRENT,True
100304,P00304,d136590b2891f4836521cebfe86ed7c49a20cd71c7c3a4ab890bc1e53667c545,MEM7000304,GRP1024,OakStreet-Central,418-85-6725,Barbara,Thompson,1981-12-03,F,+14772674548,6337 Pine Ave,,San Antonio,TX,78205,USA,"6337 Pine Ave, San Antonio, TX 78205, USA",PCP0036,Active,EHR,P00304,ING-PAT-20261005-00304,2026-10-05T10:13:12,2026-10-05T10:15:12,2023-09-21T10:15:12,2026-10-05T10:15:12,2026-10-05T08:48:12,333088916215438a56ff6c25b501ef79eff9d4eef6ec9feb14b05557eaf19645,CURRENT,True
100305,P00305,8aa6415cf4462b94adb3f19324a137f11f8bfa8d785b13eb02250f0217a4ae6e,MEM7000305,GRP1025,OakStreet-South,525-38-7629,William,Lopez,1948-03-17,F,+18526037384,1591 Pine Rd,,Houston,TX,77005,USA,"1591 Pine Rd, Houston, TX 77005, USA",PCP0112,Active,EHR,P00305,ING-PAT-20261005-00305,2026-10-05T10:13:15,2026-10-05T10:15:15,2025-11-22T10:15:15,2026-10-05T10:15:15,2026-10-05T08:33:15,a1529da5d1327010da8f9ca0aac85ca991db97b7e34435526682d086052ef179,CURRENT,True
100306,P00306,fd92ef1a648dd546dd2f0b08102da10ffe6e248ff82d3e03b3c0f69728014ddb,MEM7000306,GRP1026,OakStreet-East,646-32-5150,Jessica,Gonzalez,1978-10-20,M,+18718539327,867 Washington Blvd,,Chicago,IL,60601,USA,"867 Washington Blvd, Chicago, IL 60601, USA",PCP0118,Active,EHR,P00306,ING-PAT-20261005-00306,2026-10-05T10:13:18,2026-10-05T10:15:18,2022-02-21T10:15:18,2026-10-05T10:15:18,2026-10-05T06:24:18,1c0296567f9af8e941d0f67927d9d74183724eb8a3109b4304eee7cdf32252c5,CURRENT,True
100307,P00307,ded7fe9376cc1d841cf621707c3f201850f403cd991282abade456c1b4db6148,MEM7000307,GRP1027,OakStreet-Southwest,544-65-7078,David,Lewis,1990-10-15,F,+12144458989,8403 Market Blvd,,Houston,TX,77005,USA,"8403 Market Blvd, Houston, TX 77005, USA",PCP0003,Active,EHR,P00307,ING-PAT-20261005-00307,2026-10-05T10:13:21,2026-10-05T10:15:21,2022-06-17T10:15:21,2026-10-05T10:15:21,2026-10-05T08:38:21,553eaf273ab29af1386810d2ec35da37afcc9c8d97db8569d59146f40f660187,CURRENT,True
100308,P00308,8bfb583b69949942a681f3bb6ca34578a1b13c5bf74ae0185135eea6f027a366,MEM7000308,GRP1028,OakStreet-Central,202-39-9936,Anthony,Williams,1967-07-12,M,+19037276861,7278 Lake St,,Dallas,TX,75201,USA,"7278 Lake St, Dallas, TX 75201, USA",PCP0080,Active,EHR,P00308,ING-PAT-20261005-00308,2026-10-05T10:13:24,2026-10-05T10:15:24,2025-10-08T10:15:24,2026-10-05T10:15:24,2026-10-05T08:29:24,05b4a7fbea95bda383ea19f7fcfe5a386d528c04327166d02979ac4553dfe769,CURRENT,True
100309,P00309,20d64740b3cf154b34f5513e1a4f14e7d44e2a2663db9c0017ab6aa4b397f8eb,MEM7000309,GRP1029,OakStreet-South,736-84-1326,Elizabeth,Perez,1963-04-14,F,+16263824682,3642 Oak Blvd,,Houston,TX,77005,USA,"3642 Oak Blvd, Houston, TX 77005, USA",PCP0106,Inactive,EHR,P00309,ING-PAT-20261005-00309,2026-10-05T10:13:27,2026-10-05T10:15:27,2025-11-27T10:15:27,2026-10-05T10:15:27,2026-10-05T06:32:27,5cbc4362266ac1464b29ba7ea246e6587e109503ab4a51d9b1ec31ccd67b3423,CURRENT,True
100310,P00310,8dff66bb4f4f0d9555580e48b7fca78e15708cd1c681196cced71743d9e03fcb,MEM7000310,GRP1030,OakStreet-East,751-19-3812,Anthony,Brown,1947-06-06,M,+14588683105,8928 Park Ave,,Atlanta,GA,30303,USA,"8928 Park Ave, Atlanta, GA 30303, USA",PCP0065,Active,EHR,P00310,ING-PAT-20261005-00310,2026-10-05T10:13:30,2026-10-05T10:15:30,2023-01-25T10:15:30,2026-10-05T10:15:30,2026-10-05T08:38:30,1e675022397c98bd6d05277ffee60212bb78418f22e0f719942599f8b3ba4fc1,CURRENT,True
100311,P00311,50e1678e37f204194bfa730351b46990f20cf35cca9ea4044b03e9243f0db559,MEM7000311,GRP1031,OakStreet-Southwest,158-21-4855,Patricia,Walker,1954-10-05,M,+15386115971,3208 Lake Ave,Apt 681,Dallas,TX,75201,USA,"3208 Lake Ave Apt 681, Dallas, TX 75201, USA",PCP0098,Active,EHR,P00311,ING-PAT-20261005-00311,2026-10-05T10:13:33,2026-10-05T10:15:33,2025-01-11T10:15:33,2026-10-05T10:15:33,2026-10-05T09:58:33,413b6965884daab97a91ce13d40b77cf94f16f10b8e77963b2eeb04dfbf56639,CURRENT,True
100312,P00312,39e754bf6522ee0ee108e30a21671c04ab0e9910b3f5bb5e6c620c86558c17d2,MEM7000312,GRP1032,OakStreet-Central,157-62-6617,Margaret,Jones,1975-02-21,F,+16723521917,5760 Market Rd,,San Antonio,TX,78205,USA,"5760 Market Rd, San Antonio, TX 78205, USA",PCP0066,Active,EHR,P00312,ING-PAT-20261005-00312,2026-10-05T10:13:36,2026-10-05T10:15:36,2023-06-15T10:15:36,2026-10-05T10:15:36,2026-10-05T06:27:36,df760bfafb53ad551f6dbdf9c4d9d510323f4956bdf59899c96939a55fbd71fc,CURRENT,True
100313,P00313,f771004f89c6b80af6aa9c093000be1c7601999f1a6131696a005872609e1fb7,MEM7000313,GRP1033,OakStreet-South,212-43-6151,Elizabeth,Lewis,1984-10-01,M,+16335534742,2038 Park Rd,,Houston,TX,77002,USA,"2038 Park Rd, Houston, TX 77002, USA",PCP0030,Active,EHR,P00313,ING-PAT-20261005-00313,2026-10-05T10:13:39,2026-10-05T10:15:39,2025-07-07T10:15:39,2026-10-05T10:15:39,2026-10-05T08:22:39,99317705d006cf5269cac1c81cf18b911f27eda499e58e70b01636b318fdb92a,CURRENT,True
100314,P00314,cc97032f96403e5d29a4da7b5b5de29948748456fa13509c9a5548a5db6b9d63,MEM7000314,GRP1034,OakStreet-East,615-63-0038,James,Anderson,1954-03-04,M,+13187843160,6355 Washington St,,Houston,TX,77002,USA,"6355 Washington St, Houston, TX 77002, USA",PCP0001,Active,EHR,P00314,ING-PAT-20261005-00314,2026-10-05T10:13:42,2026-10-05T10:15:42,2025-03-24T10:15:42,2026-10-05T10:15:42,2026-10-05T08:37:42,221354a7f04cc0a4d8e071f4de7241fa1ffcd49b12bd6ea5d9ea2416a3ec1d41,CURRENT,True
100315,P00315,3b5aefe4cf2c27e5f4062841e7d2d14657d39cf2d0f79779210b8cc2e6e105aa,MEM7000315,GRP1035,OakStreet-Southwest,413-52-1646,Elizabeth,Martinez,1999-01-17,M,+14854782277,7674 Park Ave,Apt 354,San Antonio,TX,78205,USA,"7674 Park Ave Apt 354, San Antonio, TX 78205, USA",PCP0084,Active,EHR,P00315,ING-PAT-20261005-00315,2026-10-05T10:13:45,2026-10-05T10:15:45,2023-05-20T10:15:45,2026-10-05T10:15:45,2026-10-05T08:43:45,24ff0275f135084f3beef2dfd3630b62e4c8b629999be70db15e59aa9562385a,CURRENT,True
100316,P00316,080c0dd2d60ba6c0ab2ac19f2ff0c143a815bafa87ed403c6f1159bd0c4b33b8,MEM7000316,GRP1036,OakStreet-Central,714-17-1252,Charles,Williams,1935-06-13,M,+12508616100,7273 Park Ave,,Chicago,IL,60601,USA,"7273 Park Ave, Chicago, IL 60601, USA",PCP0037,Active,EHR,P00316,ING-PAT-20261005-00316,2026-10-05T10:13:48,2026-10-05T10:15:48,2023-01-31T10:15:48,2026-10-05T10:15:48,2026-10-05T07:56:48,a569f36fd4329c1fc2935f492f431af6118e390f33d6650386c9b1cbaadafa85,CURRENT,True
100317,P00317,eb504be91e1657d97db8c4ac50c2c2470cd2b558ae63d1694a5c1bf174cca2e9,MEM7000317,GRP1037,OakStreet-South,120-97-1596,Mark,Clark,1966-11-23,M,+18009097140,8099 Market Ave,Apt 332,Houston,TX,77024,USA,"8099 Market Ave Apt 332, Houston, TX 77024, USA",PCP0041,Active,EHR,P00317,ING-PAT-20261005-00317,2026-10-05T10:13:51,2026-10-05T10:15:51,2024-06-09T10:15:51,2026-10-05T10:15:51,2026-10-05T10:05:51,c3f27258065440e734a1dff5253003e853b2a578f0f6d4bd67666cdc6734904a,CURRENT,True
100318,P00318,44f846db5a9dd436e8008675359f2ada5ee0ba69c8d902bc1d2270b89b811840,MEM7000318,GRP1038,OakStreet-East,809-60-9343,Karen,Taylor,1946-12-01,M,+13386044123,9212 Washington Blvd,Apt 588,Orlando,FL,32801,USA,"9212 Washington Blvd Apt 588, Orlando, FL 32801, USA",PCP0115,Active,EHR,P00318,ING-PAT-20261005-00318,2026-10-05T10:13:54,2026-10-05T10:15:54,2023-10-28T10:15:54,2026-10-05T10:15:54,2026-10-05T08:42:54,25843d0dbbc44e9a519b69369072c872ca4b27d9cca0fc268689e964c93950ae,CURRENT,True
100319,P00319,532f0978b43fa4e6614e0f7e392698675087dc9f5a565dbc3785f57a3c7c61f4,MEM7000319,GRP1039,OakStreet-Southwest,213-25-9647,Thomas,Taylor,1977-11-03,F,+15375713853,746 Pine Rd,Apt 89,Orlando,FL,32801,USA,"746 Pine Rd Apt 89, Orlando, FL 32801, USA",PCP0029,Active,EHR,P00319,ING-PAT-20261005-00319,2026-10-05T10:13:57,2026-10-05T10:15:57,2022-01-15T10:15:57,2026-10-05T10:15:57,2026-10-05T10:10:57,eb964a7f50d316e22d78c0b144af409e1743c7672b48d92fdfb83dd2d6e3e8c5,CURRENT,True
100320,P00320,538175838b2e77c518ed0451571e309375fa41214ac5a1c757c6ee3608c28eed,MEM7000320,GRP1000,OakStreet-Central,642-62-5469,Mark,Martinez,1966-06-11,F,+16238008159,5770 Washington Ave,Apt 69,Phoenix,AZ,85004,USA,"5770 Washington Ave Apt 69, Phoenix, AZ 85004, USA",PCP0107,Inactive,EHR,P00320,ING-PAT-20261005-00320,2026-10-05T10:14:00,2026-10-05T10:16:00,2022-01-27T10:16:00,2026-10-05T10:16:00,2026-10-05T10:01:00,a10ba2da9569a8a3bd20f87856cb70654ea143d6cade0c5121b5a427a255a6c5,CURRENT,True
100321,P00321,5351b869f8ac3a65ba69021118f61c7a4f81c7e65982b0ff817222f3e0aabd31,MEM7000321,GRP1001,OakStreet-South,778-21-1304,James,Hernandez,1999-04-07,M,+13657096233,4237 Market Rd,,Chicago,IL,60601,USA,"4237 Market Rd, Chicago, IL 60601, USA",PCP0031,Active,EHR,P00321,ING-PAT-20261005-00321,2026-10-05T10:14:03,2026-10-05T10:16:03,2024-07-15T10:16:03,2026-10-05T10:16:03,2026-10-05T09:00:03,300007c38036f5ee8713db01477f160be0b48c722fdc20e58b46215bb64f3c4d,CURRENT,True
100322,P00322,c10e0f510ae621173ce776bc747c2e397e14090e441be03bbd51048523917c34,MEM7000322,GRP1002,OakStreet-East,239-19-9302,Margaret,Martinez,1972-04-18,F,+18696199146,7223 Market Blvd,Apt 288,Houston,TX,77024,USA,"7223 Market Blvd Apt 288, Houston, TX 77024, USA",PCP0019,Active,EHR,P00322,ING-PAT-20261005-00322,2026-10-05T10:14:06,2026-10-05T10:16:06,2022-06-03T10:16:06,2026-10-05T10:16:06,2026-10-05T07:29:06,01c827ee4e0ca45c010936525e43229386114c32178dd2d52bff63864470130a,CURRENT,True
100323,P00323,4f65cd21d87f696118eeec092a583e935869544f73eeca646f9a91199a6ef70b,MEM7000323,GRP1003,OakStreet-Southwest,878-83-4270,Betty,Gonzalez,1975-10-20,M,+18949723057,7200 Lake St,Apt 417,Houston,TX,77024,USA,"7200 Lake St Apt 417, Houston, TX 77024, USA",PCP0015,Active,EHR,P00323,ING-PAT-20261005-00323,2026-10-05T10:14:09,2026-10-05T10:16:09,2025-11-22T10:16:09,2026-10-05T10:16:09,2026-10-05T07:33:09,1b6463eac249a87072c5c76308d10604222645005c15e98d25b8cf37209115b2,CURRENT,True
100324,P00324,abdaacc735d3d90cd4027b633db7a1c1e69711b171270af71dc7cd019b8f184d,MEM7000324,GRP1004,OakStreet-Central,384-30-4831,Richard,Clark,1939-03-05,M,+12617891720,8735 Market St,,Houston,TX,77005,USA,"8735 Market St, Houston, TX 77005, USA",PCP0059,Active,EHR,P00324,ING-PAT-20261005-00324,2026-10-05T10:14:12,2026-10-05T10:16:12,2022-07-27T10:16:12,2026-10-05T10:16:12,2026-10-05T09:34:12,ad33ff26ac6394ad9c587bff40697bc8b67aab12a79b797666bf7c8367274145,CURRENT,True
100325,P00325,b7e6b7c4835887327ce28182bad4c30faedf38b515a5fd5864a7614215ad8b97,MEM7000325,GRP1005,OakStreet-South,585-93-7861,Daniel,Williams,1989-12-08,M,+13957837809,8365 Washington Rd,Apt 451,Atlanta,GA,30303,USA,"8365 Washington Rd Apt 451, Atlanta, GA 30303, USA",PCP0053,Active,EHR,P00325,ING-PAT-20261005-00325,2026-10-05T10:14:15,2026-10-05T10:16:15,2025-03-29T10:16:15,2026-10-05T10:16:15,2026-10-05T07:16:15,0a76f108728b8800acb638455c02c62b7956a9bf9b1e8bccc2743d3a30d6f145,CURRENT,True
100326,P00326,299d1748e415ebcd3d9964d707119f1c7afc2c3ae93f02eef7dbd6e58415048e,MEM7000326,GRP1006,OakStreet-East,840-19-9276,Joseph,Taylor,2003-04-08,F,+15044605266,8688 Oak Ave,,Houston,TX,77002,USA,"8688 Oak Ave, Houston, TX 77002, USA",PCP0092,Active,EHR,P00326,ING-PAT-20261005-00326,2026-10-05T10:14:18,2026-10-05T10:16:18,2023-01-05T10:16:18,2026-10-05T10:16:18,2026-10-05T08:29:18,630c22c2ff6d239d75513e439fa90bf50c5b24959fe88a1d19603c0fd76ff07b,CURRENT,True
100327,P00327,0dc9c990588cdba0bb6fec67a06c39ed0169fe02e77735a93f6415aab18ab27b,MEM7000327,GRP1007,OakStreet-Southwest,293-64-5823,Jessica,Lewis,1948-12-19,F,+16193989255,5105 Market St,,Houston,TX,77024,USA,"5105 Market St, Houston, TX 77024, USA",PCP0067,Active,EHR,P00327,ING-PAT-20261005-00327,2026-10-05T10:14:21,2026-10-05T10:16:21,2024-06-14T10:16:21,2026-10-05T10:16:21,2026-10-05T08:30:21,8592fe820b6020187303a8b7a8705231ecda02521dddd58c4bfd4c884628dbf4,CURRENT,True
100328,P00328,750dc3a1d3e78c94fa3e31d1e68db8c1a8c512ea75a084ef70941bfd8a3cf442,MEM7000328,GRP1008,OakStreet-Central,281-12-0953,Margaret,Davis,1978-12-06,M,+16532223308,2606 Lake Blvd,Apt 837,Chicago,IL,60601,USA,"2606 Lake Blvd Apt 837, Chicago, IL 60601, USA",PCP0103,Active,EHR,P00328,ING-PAT-20261005-00328,2026-10-05T10:14:24,2026-10-05T10:16:24,2025-10-02T10:16:24,2026-10-05T10:16:24,2026-10-05T07:26:24,f188d8912b74fb48ef1d148573af94911398214f8992cbe146168be926236635,CURRENT,True
100329,P00329,23fb3001002d5d992bf12dbb014059045f39d36b07f4bfe57381d991324536bc,MEM7000329,GRP1009,OakStreet-South,492-23-3619,Charles,White,1953-01-18,M,+17838113386,7603 Oak St,Apt 90,Dallas,TX,75201,USA,"7603 Oak St Apt 90, Dallas, TX 75201, USA",PCP0036,Active,EHR,P00329,ING-PAT-20261005-00329,2026-10-05T10:14:27,2026-10-05T10:16:27,2025-09-22T10:16:27,2026-10-05T10:16:27,2026-10-05T08:10:27,fea3d987fdef9d50a797c73f6ce187987525038225802c9f88860bf7b563aa2b,CURRENT,True
100330,P00330,076f21dff506b599482723ab999b3a3f3f56d94a6395417534adeefbf0a20529,MEM7000330,GRP1010,OakStreet-East,246-16-5468,Daniel,Smith,2000-02-02,M,+18348314229,2652 Oak St,,Orlando,FL,32801,USA,"2652 Oak St, Orlando, FL 32801, USA",PCP0057,Active,EHR,P00330,ING-PAT-20261005-00330,2026-10-05T10:14:30,2026-10-05T10:16:30,2022-06-27T10:16:30,2026-10-05T10:16:30,2026-10-05T08:01:30,ddb2de30b668d0448adabbeb9493e5d4496e874bc251978f50315fe20a5b6902,CURRENT,True
100331,P00331,ddabe7efde9c72a3a095881222ed79df0ba8d5da3fd14412eb977f63a02b00ae,MEM7000331,GRP1011,OakStreet-Southwest,263-72-1851,Ashley,Ramirez,1994-05-22,M,+16652254441,7195 Oak Rd,,San Antonio,TX,78205,USA,"7195 Oak Rd, San Antonio, TX 78205, USA",PCP0118,Active,EHR,P00331,ING-PAT-20261005-00331,2026-10-05T10:14:33,2026-10-05T10:16:33,2022-03-28T10:16:33,2026-10-05T10:16:33,2026-10-05T06:51:33,826833744a58be07817284d2668bae426cfaa936fc801c1f7d51a6d1d1a3c939,CURRENT,True
100332,P00332,3c8beb495b6fdd18cc0fb162db6070ddb5330a49a974bfac3e33933538a6e80b,MEM7000332,GRP1012,OakStreet-Central,366-83-7063,Nancy,Sanchez,1994-07-22,M,+14846844180,8722 Market Blvd,,Houston,TX,77002,USA,"8722 Market Blvd, Houston, TX 77002, USA",PCP0059,Active,EHR,P00332,ING-PAT-20261005-00332,2026-10-05T10:14:36,2026-10-05T10:16:36,2021-11-27T10:16:36,2026-10-05T10:16:36,2026-10-05T10:08:36,2f62347360326d067d91e3444b26b96a6aee0115cb89cb9d73128308635c1034,CURRENT,True
100333,P00333,94701efe848946a2ad11ff82c9ffbe16c2bf58346d86cf653ecedcfb10e5d0fe,MEM7000333,GRP1013,OakStreet-South,645-29-3157,Patricia,Harris,1952-03-03,M,+16483435664,9824 Pine Rd,Apt 376,Dallas,TX,75201,USA,"9824 Pine Rd Apt 376, Dallas, TX 75201, USA",PCP0023,Active,EHR,P00333,ING-PAT-20261005-00333,2026-10-05T10:14:39,2026-10-05T10:16:39,2021-12-06T10:16:39,2026-10-05T10:16:39,2026-10-05T06:24:39,6a1d7f0f9e76fc9c619a589f571d51a55e4c5fb1667277836045cf8ba1671606,CURRENT,True
100334,P00334,b37b112367d6eedd5e59cf558af8965d575c335cf90d40e46f332e5d587be80f,MEM7000334,GRP1014,OakStreet-East,324-65-3188,William,Martin,1953-04-25,M,+18384364121,8130 Pine Ave,,Houston,TX,77005,USA,"8130 Pine Ave, Houston, TX 77005, USA",PCP0060,Active,EHR,P00334,ING-PAT-20261005-00334,2026-10-05T10:14:42,2026-10-05T10:16:42,2023-12-23T10:16:42,2026-10-05T10:16:42,2026-10-05T07:28:42,2719bdb43351f2b119c76333e378000cce52f0bca38c085a0ac78a6249d566e9,CURRENT,True
100335,P00335,2abfce96b124bd80fcb2524c7781f61c766455fe52343e647dd1dcd9be720a80,MEM7000335,GRP1015,OakStreet-Southwest,113-77-2667,Karen,Moore,1998-08-09,F,+17884692647,2911 Oak Blvd,,Phoenix,AZ,85004,USA,"2911 Oak Blvd, Phoenix, AZ 85004, USA",PCP0019,Active,EHR,P00335,ING-PAT-20261005-00335,2026-10-05T10:14:45,2026-10-05T10:16:45,2024-08-16T10:16:45,2026-10-05T10:16:45,2026-10-05T09:58:45,451c65e7a4fa2033aa52664955394b698905f048502eaa7a8dca7c61b047318c,CURRENT,True
100336,P00336,bb4a64c545609148dde661ddc261aba86c138ce8d09d3a8cb45e89a88fcd253d,MEM7000336,GRP1016,OakStreet-Central,472-42-4862,Margaret,Sanchez,1966-07-10,M,+17004999708,3000 Oak St,Apt 948,Orlando,FL,32801,USA,"3000 Oak St Apt 948, Orlando, FL 32801, USA",PCP0040,Active,EHR,P00336,ING-PAT-20261005-00336,2026-10-05T10:14:48,2026-10-05T10:16:48,2023-01-07T10:16:48,2026-10-05T10:16:48,2026-10-05T10:08:48,8c7b9f409a75620383eea2cad8abc84af215f922ac8978a20889eed4c4cd4f53,CURRENT,True
100337,P00337,d27e19a3a858b4d8ba665502e55616b7d5bd5ce99ce21a97aeefe213678102af,MEM7000337,GRP1017,OakStreet-South,571-43-9481,Mark,Martinez,2000-12-18,M,+19372964967,1385 Lake Blvd,Apt 697,Orlando,FL,32801,USA,"1385 Lake Blvd Apt 697, Orlando, FL 32801, USA",PCP0036,Active,EHR,P00337,ING-PAT-20261005-00337,2026-10-05T10:14:51,2026-10-05T10:16:51,2023-04-21T10:16:51,2026-10-05T10:16:51,2026-10-05T06:34:51,796312e7d0ff9b1a7ccda398e1cc9c9d9919dc9384d206cbab07c0591b2b4dec,CURRENT,True
100338,P00338,1818ecf063af26e21cb6b610f10f8b82f09208f82db6d0a847aa7ca4ce9a60ed,MEM7000338,GRP1018,OakStreet-East,578-34-5169,Nancy,Lewis,1995-06-09,M,+18502252642,2227 Washington St,,Houston,TX,77024,USA,"2227 Washington St, Houston, TX 77024, USA",PCP0016,Active,EHR,P00338,ING-PAT-20261005-00338,2026-10-05T10:14:54,2026-10-05T10:16:54,2024-12-09T10:16:54,2026-10-05T10:16:54,2026-10-05T09:39:54,20211a6c412032c302bc0c3f7f88ccea7c008d2079ac7e6f937c9f4702480793,CURRENT,True
100339,P00339,5007bf9b8422563d732d5492a5afa310e66f253d53876d39ce35b6d219ac9521,MEM7000339,GRP1019,OakStreet-Southwest,497-81-4475,Ashley,Anderson,1962-03-09,M,+19804169055,3982 Oak Blvd,,Houston,TX,77002,USA,"3982 Oak Blvd, Houston, TX 77002, USA",PCP0102,Active,EHR,P00339,ING-PAT-20261005-00339,2026-10-05T10:14:57,2026-10-05T10:16:57,2024-11-22T10:16:57,2026-10-05T10:16:57,2026-10-05T07:48:57,fb5ab9528d9d1010fa317160878705d3931188c21640da7810dd7eb4902e927c,CURRENT,True
100340,P00340,ea0aa3befb0c824995fc351154dc962d3eb101a6d087d9e991043561ff9c5e9d,MEM7000340,GRP1020,OakStreet-Central,360-59-6736,Anthony,Miller,1995-10-23,M,+17515052202,7377 Main Rd,,Atlanta,GA,30303,USA,"7377 Main Rd, Atlanta, GA 30303, USA",PCP0052,Active,EHR,P00340,ING-PAT-20261005-00340,2026-10-05T10:15:00,2026-10-05T10:17:00,2023-06-16T10:17:00,2026-10-05T10:17:00,2026-10-05T07:21:00,9aeb71a33b8fd8842285feb0c30af7203f35bb1ac6d0452e3a76972d262b9f79,CURRENT,True
100341,P00341,845578559f4868262e4adebd0e88d8d46d8a7b6076296eb027a890a9f5c1c1ee,MEM7000341,GRP1021,OakStreet-South,614-21-8014,Daniel,Miller,1958-10-21,M,+18484142876,8923 Pine Rd,,San Antonio,TX,78205,USA,"8923 Pine Rd, San Antonio, TX 78205, USA",PCP0005,Active,EHR,P00341,ING-PAT-20261005-00341,2026-10-05T10:15:03,2026-10-05T10:17:03,2023-10-26T10:17:03,2026-10-05T10:17:03,2026-10-05T09:00:03,98f3556811acfd67cfb56e77db4e219d480fc03ca65e2b77be0adfd967a10bfd,CURRENT,True
100342,P00342,1ec9855aadddf54a28d5c791ff7318f2b979fb32cda414c282661c6cbb54ec7f,MEM7000342,GRP1022,OakStreet-East,423-95-6644,Joseph,Walker,1960-04-09,M,+16947937826,2553 Lake Rd,Apt 258,San Antonio,TX,78205,USA,"2553 Lake Rd Apt 258, San Antonio, TX 78205, USA",PCP0068,Active,EHR,P00342,ING-PAT-20261005-00342,2026-10-05T10:15:06,2026-10-05T10:17:06,2025-05-15T10:17:06,2026-10-05T10:17:06,2026-10-05T08:30:06,5a13ec992bec85a6e679647d853b3402320d57e8edeb19d6c5534225faeb7a7f,CURRENT,True
100343,P00343,fc0b2011caf3efa5dc96ec07b98fd83efb846b622c7cc57cd705bad593c334c1,MEM7000343,GRP1023,OakStreet-Southwest,649-55-3376,Steven,Gonzalez,1959-09-23,M,+14526756997,5312 Lake Ave,,Dallas,TX,75201,USA,"5312 Lake Ave, Dallas, TX 75201, USA",PCP0013,Active,EHR,P00343,ING-PAT-20261005-00343,2026-10-05T10:15:09,2026-10-05T10:17:09,2024-11-09T10:17:09,2026-10-05T10:17:09,2026-10-05T09:46:09,a6004009f323d70a06dc079561fdd13531b1e9b81feaf3eb0e3cb679c03d120e,CURRENT,True
100344,P00344,af1f345ca91319ba369b7a38a4ee506af27bb7f56541db7130a89b2d407cf2e5,MEM7000344,GRP1024,OakStreet-Central,481-40-5094,Lisa,Harris,1993-01-13,M,+19013678414,1893 Washington St,,Orlando,FL,32801,USA,"1893 Washington St, Orlando, FL 32801, USA",PCP0019,Active,EHR,P00344,ING-PAT-20261005-00344,2026-10-05T10:15:12,2026-10-05T10:17:12,2024-07-08T10:17:12,2026-10-05T10:17:12,2026-10-05T09:35:12,69a0bef6a8d9bffc17899fbb3b604deebe76eb12cdb45e69dcdefa42b615c1d9,CURRENT,True
100345,P00345,d1a3f7e3cf57ddedb33419ce6fa6b61b884748a01177b3e6d00a9021ef7b46c8,MEM7000345,GRP1025,OakStreet-South,718-55-1498,Patricia,Hernandez,1970-07-03,F,+16297796945,7096 Oak Ave,,San Antonio,TX,78205,USA,"7096 Oak Ave, San Antonio, TX 78205, USA",PCP0066,Active,EHR,P00345,ING-PAT-20261005-00345,2026-10-05T10:15:15,2026-10-05T10:17:15,2023-05-25T10:17:15,2026-10-05T10:17:15,2026-10-05T07:52:15,3f72aabc1a7eac5bee77d2afd5e288f703d98daf7f50686f5815c9f354451739,CURRENT,True
100346,P00346,ed6686f6208e2c5be2918ab5c0a2ec550e7f56d6bdeca4b3643b1113c1fc7ffc,MEM7000346,GRP1026,OakStreet-East,892-93-1098,Jessica,Martin,2000-01-22,F,+12862522689,8238 Park Ave,,Orlando,FL,32801,USA,"8238 Park Ave, Orlando, FL 32801, USA",PCP0010,Active,EHR,P00346,ING-PAT-20261005-00346,2026-10-05T10:15:18,2026-10-05T10:17:18,2022-03-08T10:17:18,2026-10-05T10:17:18,2026-10-05T08:30:18,5bfb324b01cdb8e6dbe0db5c85a47d276e088171605fc4ecbd6dbc4530b33fe3,CURRENT,True
100347,P00347,97a2fde404c5d37ff904501978bbb04d111105bde7f8e9512fcc39f0e15adb09,MEM7000347,GRP1027,OakStreet-Southwest,790-66-1060,Lisa,Walker,1942-09-12,M,+13494007556,8902 Oak St,,San Antonio,TX,78205,USA,"8902 Oak St, San Antonio, TX 78205, USA",PCP0016,Active,EHR,P00347,ING-PAT-20261005-00347,2026-10-05T10:15:21,2026-10-05T10:17:21,2025-04-16T10:17:21,2026-10-05T10:17:21,2026-10-05T09:52:21,95fc19748bf4d2bf136e453caace4b516c29d2651acbc86f0aa0e0fe80f08ed9,CURRENT,True
100348,P00348,80c2b651a102e8c5b40b95f1d3e891a13e3ce92adfa2d77e414089de3c6cb6c9,MEM7000348,GRP1028,OakStreet-Central,594-88-2075,Steven,Ramirez,1947-04-14,F,+13604898333,6787 Main Blvd,,Houston,TX,77005,USA,"6787 Main Blvd, Houston, TX 77005, USA",PCP0048,Active,EHR,P00348,ING-PAT-20261005-00348,2026-10-05T10:15:24,2026-10-05T10:17:24,2023-11-23T10:17:24,2026-10-05T10:17:24,2026-10-05T09:14:24,de13d3cf2d261555ef28c922ea597b0befd39f54b7e055148dc4f68957472600,CURRENT,True
100349,P00349,a803b08388ecf28ac027bad249ca6161b756ee88bb771205fdfbe872f7998ac9,MEM7000349,GRP1029,OakStreet-South,852-22-0517,Betty,Smith,1943-09-07,F,+15886169982,5977 Pine Blvd,,Atlanta,GA,30303,USA,"5977 Pine Blvd, Atlanta, GA 30303, USA",PCP0064,Active,EHR,P00349,ING-PAT-20261005-00349,2026-10-05T10:15:27,2026-10-05T10:17:27,2022-03-15T10:17:27,2026-10-05T10:17:27,2026-10-05T08:08:27,e80f6dbae16ec431af8f38dfac0af19f5ae60b9d7ececcd8a19be85c1ec9a08e,CURRENT,True
100350,P00350,31cb82eecc1bedd3140ca81869410eea008b99bcc264f6224ac1ff2b433b3659,MEM7000350,GRP1030,OakStreet-East,550-59-1011,Margaret,Taylor,1955-05-16,F,+15967983874,1060 Lake Rd,,Houston,TX,77002,USA,"1060 Lake Rd, Houston, TX 77002, USA",PCP0007,Active,EHR,P00350,ING-PAT-20261005-00350,2026-10-05T10:15:30,2026-10-05T10:17:30,2022-01-23T10:17:30,2026-10-05T10:17:30,2026-10-05T10:11:30,70065e5db1514352c89f2163b4ee4f0506cae7c099b5b503742ad203be6e1573,CURRENT,True
100351,P00351,75d15195fc499e8f954068e3895bb26137583646db8443ad9a950630712ec41c,MEM7000351,GRP1031,OakStreet-Southwest,565-24-9866,Patricia,Smith,1935-01-19,M,+19742477892,6233 Park Blvd,,Houston,TX,77024,USA,"6233 Park Blvd, Houston, TX 77024, USA",PCP0019,Active,EHR,P00351,ING-PAT-20261005-00351,2026-10-05T10:15:33,2026-10-05T10:17:33,2025-05-04T10:17:33,2026-10-05T10:17:33,2026-10-05T10:00:33,a83b31153700a78a79d8f60c74dd1f913632c714233d02f17ae47b0282e19192,CURRENT,True
100352,P00352,abb0c85174f9f7c18c7d9797d8cf9a67f4493ed9ea40ae5cc4a1c194f9294dad,MEM7000352,GRP1032,OakStreet-Central,361-57-4226,William,Taylor,1983-04-13,M,+13364434084,574 Lake Rd,,San Antonio,TX,78205,USA,"574 Lake Rd, San Antonio, TX 78205, USA",PCP0074,Inactive,EHR,P00352,ING-PAT-20261005-00352,2026-10-05T10:15:36,2026-10-05T10:17:36,2025-03-04T10:17:36,2026-10-05T10:17:36,2026-10-05T06:20:36,ab9ec02fa1c6c9620199ae8c6a6fe8f1dd3f96021ca8ec56d70293b7df07c8fa,CURRENT,True
100353,P00353,bb7a38a0402f6f9fbc1b07eeaed1032003a48af72abc64dab2bd9dfd42ecc8d0,MEM7000353,GRP1033,OakStreet-South,816-83-4605,Mark,Clark,1974-01-01,M,+19688652531,3268 Main Rd,Apt 809,Houston,TX,77005,USA,"3268 Main Rd Apt 809, Houston, TX 77005, USA",PCP0084,Active,EHR,P00353,ING-PAT-20261005-00353,2026-10-05T10:15:39,2026-10-05T10:17:39,2023-12-16T10:17:39,2026-10-05T10:17:39,2026-10-05T08:58:39,ccc7c45b5de4b6e934a51a2e7f1029ca5b74194336eef49e959383d92b10b0da,CURRENT,True
100354,P00354,1ccca37c1d720099e8c145124eb45ee8b88c59708127f48cbb0c3ad8c568c411,MEM7000354,GRP1034,OakStreet-East,457-17-5122,James,Smith,2001-09-17,F,+18932321505,6598 Pine Ave,,San Antonio,TX,78205,USA,"6598 Pine Ave, San Antonio, TX 78205, USA",PCP0012,Active,EHR,P00354,ING-PAT-20261005-00354,2026-10-05T10:15:42,2026-10-05T10:17:42,2022-01-17T10:17:42,2026-10-05T10:17:42,2026-10-05T07:55:42,96f66f7c95be3cdf359f60f7acaa638ce7a8433a8dbca5a6f9a4ded95299a338,CURRENT,True
100355,P00355,c4bed267a722e0f1e7477a2dfd824150fa17864409ee953a180c36ac1938d392,MEM7000355,GRP1035,OakStreet-Southwest,106-63-3461,Lisa,Thompson,1969-05-19,M,+12743895846,1620 Pine Blvd,,Phoenix,AZ,85004,USA,"1620 Pine Blvd, Phoenix, AZ 85004, USA",PCP0020,Active,EHR,P00355,ING-PAT-20261005-00355,2026-10-05T10:15:45,2026-10-05T10:17:45,2025-11-08T10:17:45,2026-10-05T10:17:45,2026-10-05T07:56:45,cec09d8865f92dfb7911b04bcc631fc7f1aee74b4860a0ad5d29b4f583b968ba,CURRENT,True
100356,P00356,ab16cf38d8da5df6114b6b8ac939b021e2c35a48a6ac0d989540e0c27d1dbbc7,MEM7000356,GRP1036,OakStreet-Central,899-70-1651,Karen,Moore,1963-11-18,M,+15788976299,8128 Main Rd,,Houston,TX,77005,USA,"8128 Main Rd, Houston, TX 77005, USA",PCP0012,Active,EHR,P00356,ING-PAT-20261005-00356,2026-10-05T10:15:48,2026-10-05T10:17:48,2022-09-26T10:17:48,2026-10-05T10:17:48,2026-10-05T07:38:48,c3242a39065a7286588e485a659c26f41c51ff3201a971e031334c2bedd31b59,CURRENT,True
100357,P00357,dbf81952af1ca4992290d981b1c63fbe7c6e1777257a01de2a22ff00c3ef47e3,MEM7000357,GRP1037,OakStreet-South,200-72-4141,James,Gonzalez,1989-01-06,F,+18093402756,374 Lake St,Apt 26,Houston,TX,77002,USA,"374 Lake St Apt 26, Houston, TX 77002, USA",PCP0074,Active,EHR,P00357,ING-PAT-20261005-00357,2026-10-05T10:15:51,2026-10-05T10:17:51,2024-07-27T10:17:51,2026-10-05T10:17:51,2026-10-05T10:08:51,e3e3653171687fe255f3235c427e38dc49879564ab115f9b29520dee39b9e435,CURRENT,True
100358,P00358,f3a51de25ccba28200405843b53dad26024d7dd272031aaa2fcd18253a7b09f7,MEM7000358,GRP1038,OakStreet-East,246-12-5461,Daniel,Harris,2001-04-04,M,+16197378341,6875 Park Blvd,,Atlanta,GA,30303,USA,"6875 Park Blvd, Atlanta, GA 30303, USA",PCP0031,Active,EHR,P00358,ING-PAT-20261005-00358,2026-10-05T10:15:54,2026-10-05T10:17:54,2024-10-23T10:17:54,2026-10-05T10:17:54,2026-10-05T10:00:54,8c299550857c6349226c47a165246042d16e20e70f92945245a39497b409a7a5,CURRENT,True
100359,P00359,970184744095c7950ee7dc018276eeae7a3720067ed7533e5469d7f22164f593,MEM7000359,GRP1039,OakStreet-Southwest,741-58-0879,Lisa,White,1996-04-13,F,+16117675840,9001 Washington St,,Dallas,TX,75201,USA,"9001 Washington St, Dallas, TX 75201, USA",PCP0031,Active,EHR,P00359,ING-PAT-20261005-00359,2026-10-05T10:15:57,2026-10-05T10:17:57,2024-03-25T10:17:57,2026-10-05T10:17:57,2026-10-05T09:26:57,ed17f87dd3932ba5cace6a81944248ddf76f036e740f1148f28e79160286075e,CURRENT,True
100360,P00360,35ea5c76e53fd991dc4d880a79bc7919df02428322dc7a8b4cdfcaac065fd15c,MEM7000360,GRP1000,OakStreet-Central,897-12-9567,Mary,Johnson,1969-05-25,M,+15542055552,3315 Pine Blvd,Apt 641,Phoenix,AZ,85004,USA,"3315 Pine Blvd Apt 641, Phoenix, AZ 85004, USA",PCP0033,Active,EHR,P00360,ING-PAT-20261005-00360,2026-10-05T10:16:00,2026-10-05T10:18:00,2022-01-24T10:18:00,2026-10-05T10:18:00,2026-10-05T09:13:00,5ec2192699cf841659d3d70599ec7b30f0d71c9e4412f8f3a0c1adc385374b93,CURRENT,True
100361,P00361,01632d7b23c5101f014bc5906d124b939e3aef5959627c96d93cc58d96720ad6,MEM7000361,GRP1001,OakStreet-South,797-34-0427,Karen,Rodriguez,1939-08-23,M,+13754824316,9680 Oak Ave,,Phoenix,AZ,85004,USA,"9680 Oak Ave, Phoenix, AZ 85004, USA",PCP0023,Active,EHR,P00361,ING-PAT-20261005-00361,2026-10-05T10:16:03,2026-10-05T10:18:03,2023-05-04T10:18:03,2026-10-05T10:18:03,2026-10-05T07:41:03,58d80e2f16a501d651b23f920c67d57f928d72bf44af2ba059b59d716db718ea,CURRENT,True
100362,P00362,984225906b55a47efc913c4fdaedf84a51b2bb293891503fe38bdbe54b6fbbae,MEM7000362,GRP1002,OakStreet-East,320-76-8170,Margaret,Robinson,1952-09-09,F,+15102559529,9970 Park Ave,,San Antonio,TX,78205,USA,"9970 Park Ave, San Antonio, TX 78205, USA",PCP0058,Active,EHR,P00362,ING-PAT-20261005-00362,2026-10-05T10:16:06,2026-10-05T10:18:06,2025-02-18T10:18:06,2026-10-05T10:18:06,2026-10-05T07:21:06,858ba64b051c231adfb0d6b65404431f9883aa8dbc28930eff5465dc6840cc65,CURRENT,True
100363,P00363,fcc7dd485069aa6d8d96775ad3303daaf7ced128c9481fe4652ee8ba3995a05f,MEM7000363,GRP1003,OakStreet-Southwest,365-56-2471,Susan,Hernandez,1975-01-16,M,+13987127424,7616 Lake Rd,Apt 389,Austin,TX,78701,USA,"7616 Lake Rd Apt 389, Austin, TX 78701, USA",PCP0108,Active,EHR,P00363,ING-PAT-20261005-00363,2026-10-05T10:16:09,2026-10-05T10:18:09,2025-09-14T10:18:09,2026-10-05T10:18:09,2026-10-05T07:51:09,0424d01756e416697fa77313957991a1fe340989ed376375780e9b740a22dd6d,CURRENT,True
100364,P00364,cee0ba69562d607965dcebd2db7a86bbfdf835c2bcaf06f84b10598fe420953d,MEM7000364,GRP1004,OakStreet-Central,690-81-9312,Matthew,Rodriguez,1965-11-18,F,+14406207153,3571 Main St,,Houston,TX,77024,USA,"3571 Main St, Houston, TX 77024, USA",PCP0031,Active,EHR,P00364,ING-PAT-20261005-00364,2026-10-05T10:16:12,2026-10-05T10:18:12,2024-08-28T10:18:12,2026-10-05T10:18:12,2026-10-05T09:02:12,8e89e56ea237a9a554687794b7628cee547f460e8796b73af3c2eb145acd23e5,CURRENT,True
100365,P00365,6af1397783a12e7e9998c821d131576255e44e9887c0c56453b027ac47a8c77b,MEM7000365,GRP1005,OakStreet-South,300-30-1543,William,Garcia,1948-11-05,M,+14503502193,1466 Pine Blvd,,Phoenix,AZ,85004,USA,"1466 Pine Blvd, Phoenix, AZ 85004, USA",PCP0086,Active,EHR,P00365,ING-PAT-20261005-00365,2026-10-05T10:16:15,2026-10-05T10:18:15,2021-11-07T10:18:15,2026-10-05T10:18:15,2026-10-05T06:48:15,8c952c84691859f017aa5ea17a125c45d3da263621d087c3e40cef1b8875479c,CURRENT,True
100366,P00366,e1c7568acbac2ea52e06c7fb41da469553526d22ed63e59f2ac4d8a263f16e92,MEM7000366,GRP1006,OakStreet-East,256-81-4227,Barbara,Anderson,1953-07-03,M,+19647235883,4628 Main Rd,,Dallas,TX,75201,USA,"4628 Main Rd, Dallas, TX 75201, USA",PCP0016,Active,EHR,P00366,ING-PAT-20261005-00366,2026-10-05T10:16:18,2026-10-05T10:18:18,2025-11-25T10:18:18,2026-10-05T10:18:18,2026-10-05T08:18:18,3aab9027281dd6ef41d10f21c9a22311493a924550a71f83c169058e579528cc,CURRENT,True
100367,P00367,1d465d0fdb5417e8f87834b317a00ab3344bfa24b399c158c2395fefe0344065,MEM7000367,GRP1007,OakStreet-Southwest,224-55-9600,Barbara,Thompson,1975-10-14,F,+18394489878,1711 Park Rd,,Dallas,TX,75201,USA,"1711 Park Rd, Dallas, TX 75201, USA",PCP0026,Active,EHR,P00367,ING-PAT-20261005-00367,2026-10-05T10:16:21,2026-10-05T10:18:21,2021-11-25T10:18:21,2026-10-05T10:18:21,2026-10-05T09:58:21,02583286ac7eb176c6c0fcd2e8d515e734bcf714db6848b01e5c9abf217866d7,CURRENT,True
100368,P00368,3006ff101dad07e4a1238c97d5f69bed137d0f74c85ae54da5f5a9ac8b5c531e,MEM7000368,GRP1008,OakStreet-Central,384-27-4981,David,White,1987-02-10,M,+13653149646,3459 Pine Blvd,,San Antonio,TX,78205,USA,"3459 Pine Blvd, San Antonio, TX 78205, USA",PCP0012,Active,EHR,P00368,ING-PAT-20261005-00368,2026-10-05T10:16:24,2026-10-05T10:18:24,2022-11-07T10:18:24,2026-10-05T10:18:24,2026-10-05T09:07:24,fb1baa3b5a96f0c1ac38f276f816bbd1e12748d2905664a701d9e219dc8db4b0,CURRENT,True
100369,P00369,24ff7757e4ed23763c8df6daf4898b8cf7b20c2aad532079d1cbbd9c90ad2a60,MEM7000369,GRP1009,OakStreet-South,620-37-2628,Patricia,Clark,1961-10-21,M,+18769866298,7433 Park Ave,,Dallas,TX,75201,USA,"7433 Park Ave, Dallas, TX 75201, USA",PCP0083,Active,EHR,P00369,ING-PAT-20261005-00369,2026-10-05T10:16:27,2026-10-05T10:18:27,2023-06-01T10:18:27,2026-10-05T10:18:27,2026-10-05T06:42:27,8234c9cadd9ceb4a60d3ebd41c76de99569539647869dcf616ebd254a2190aa3,CURRENT,True
100370,P00370,bb0af15055baef0cb0d1e191996c67353ee145caf945748c16a1a7afb8a90966,MEM7000370,GRP1010,OakStreet-East,144-39-5492,Michael,Gonzalez,1994-12-26,M,+12416839980,3059 Lake Blvd,,Dallas,TX,75201,USA,"3059 Lake Blvd, Dallas, TX 75201, USA",PCP0113,Active,EHR,P00370,ING-PAT-20261005-00370,2026-10-05T10:16:30,2026-10-05T10:18:30,2024-08-14T10:18:30,2026-10-05T10:18:30,2026-10-05T07:46:30,7a19a5a537377950d074731676a0b70f2c0ce02a28b8745947db459b7952efaa,CURRENT,True
100371,P00371,451268d504adaae2c8b920d73a45b6132817b68acfe15d89a20f15fe173d10a8,MEM7000371,GRP1011,OakStreet-Southwest,625-58-3372,James,Anderson,2001-04-09,F,+19569627273,7128 Market St,,San Antonio,TX,78205,USA,"7128 Market St, San Antonio, TX 78205, USA",PCP0038,Inactive,EHR,P00371,ING-PAT-20261005-00371,2026-10-05T10:16:33,2026-10-05T10:18:33,2024-04-28T10:18:33,2026-10-05T10:18:33,2026-10-05T08:17:33,9fac4e63e7eb175b4c69412514b5ce013e99b0b53ce506489d97db420d9f222b,CURRENT,True
100372,P00372,67fdca9c2c05d23c4f04d0588e59146a1a2b2cb9efd20ccbe5af221211a8b1e3,MEM7000372,GRP1012,OakStreet-Central,174-30-3429,Elizabeth,Harris,1957-01-11,F,+19208698231,7883 Main Rd,Apt 878,Dallas,TX,75201,USA,"7883 Main Rd Apt 878, Dallas, TX 75201, USA",PCP0039,Active,EHR,P00372,ING-PAT-20261005-00372,2026-10-05T10:16:36,2026-10-05T10:18:36,2023-10-17T10:18:36,2026-10-05T10:18:36,2026-10-05T07:56:36,a8fd7f439581a41908f694b2a8a987881713c1dd972c6fa0cad5ede7ce66b9c6,CURRENT,True
100373,P00373,f20a9c110e3d18c177581f7172e3ce06a71b68a8d30b9a59311784bcea4bd554,MEM7000373,GRP1013,OakStreet-South,373-16-6087,Robert,Rodriguez,1992-09-21,M,+17206798870,4518 Market Blvd,,Phoenix,AZ,85004,USA,"4518 Market Blvd, Phoenix, AZ 85004, USA",PCP0066,Active,EHR,P00373,ING-PAT-20261005-00373,2026-10-05T10:16:39,2026-10-05T10:18:39,2022-12-26T10:18:39,2026-10-05T10:18:39,2026-10-05T08:49:39,558c50e9f3d2373eabc021ae09be4d726bdb80e4b5d69c84bdb3bb3dc2cec240,CURRENT,True
100374,P00374,dc21ec3dc2206d6d85645a44973af3f475c1135dfc4d8dc40b83111a2d655c32,MEM7000374,GRP1014,OakStreet-East,632-57-7867,Barbara,Thompson,1955-12-12,F,+15073151186,6806 Park Rd,Apt 803,San Antonio,TX,78205,USA,"6806 Park Rd Apt 803, San Antonio, TX 78205, USA",PCP0082,Active,EHR,P00374,ING-PAT-20261005-00374,2026-10-05T10:16:42,2026-10-05T10:18:42,2022-02-06T10:18:42,2026-10-05T10:18:42,2026-10-05T06:31:42,72fe2497813518be380c3e913e49c5fbd1cbcea28139d4212a40b787f79f3ae3,CURRENT,True
100375,P00375,3db564a2a3ac9787c5a1f390b04683de1b0322e26289a978ec847697ccd297b2,MEM7000375,GRP1015,OakStreet-Southwest,265-72-3533,Richard,Garcia,1997-06-09,F,+13499127260,8386 Pine Ave,,Houston,TX,77005,USA,"8386 Pine Ave, Houston, TX 77005, USA",PCP0008,Active,EHR,P00375,ING-PAT-20261005-00375,2026-10-05T10:16:45,2026-10-05T10:18:45,2025-08-30T10:18:45,2026-10-05T10:18:45,2026-10-05T07:31:45,ad6ec2a6bc80ce7e57d66732c40478e770e90808670d4db278d367d0b64b310b,CURRENT,True
100376,P00376,ecd679f7f07c8e4218fafaef180d71bcb657849eff122eba33494dd51e8d8f94,MEM7000376,GRP1016,OakStreet-Central,538-49-0520,Mark,Gonzalez,1949-04-19,M,+18736289503,1959 Market Rd,,Phoenix,AZ,85004,USA,"1959 Market Rd, Phoenix, AZ 85004, USA",PCP0107,Active,EHR,P00376,ING-PAT-20261005-00376,2026-10-05T10:16:48,2026-10-05T10:18:48,2024-08-18T10:18:48,2026-10-05T10:18:48,2026-10-05T07:39:48,ad460727c8c19845c3a450dab7763901362e8ec8a947c65144b4e7fad01032c1,CURRENT,True
100377,P00377,7b680dd3659f00eaa83723e3ffde270ff7c45b09b7a0680083e7525e7e1c7a33,MEM7000377,GRP1017,OakStreet-South,106-93-7166,Patricia,Anderson,1990-03-10,M,+16976497779,2240 Lake Blvd,Apt 596,San Antonio,TX,78205,USA,"2240 Lake Blvd Apt 596, San Antonio, TX 78205, USA",PCP0098,Active,EHR,P00377,ING-PAT-20261005-00377,2026-10-05T10:16:51,2026-10-05T10:18:51,2024-08-28T10:18:51,2026-10-05T10:18:51,2026-10-05T06:58:51,620bb664b825fc320880996e80f775a8df61955435188baaccb9a6020f7617d8,CURRENT,True
100378,P00378,998b870888a6c10934596cc48a6b1f51d7ef16acdf9fa9ce9584fd6a9fcf2aed,MEM7000378,GRP1018,OakStreet-East,799-41-6372,John,Perez,1975-04-03,M,+12257019356,4256 Lake Ave,,Atlanta,GA,30303,USA,"4256 Lake Ave, Atlanta, GA 30303, USA",PCP0050,Active,EHR,P00378,ING-PAT-20261005-00378,2026-10-05T10:16:54,2026-10-05T10:18:54,2022-12-27T10:18:54,2026-10-05T10:18:54,2026-10-05T06:33:54,b79f8008314097b13ec83bda2504bedc8197a6e18b51cf104c735623f6a88638,CURRENT,True
100379,P00379,95cd375387d8f6e9478f0d1c824bdf9ae023fe38684257d0420cddb9c651f415,MEM7000379,GRP1019,OakStreet-Southwest,859-19-5337,Betty,Martinez,2004-07-22,F,+17415354437,6685 Lake Blvd,,Phoenix,AZ,85004,USA,"6685 Lake Blvd, Phoenix, AZ 85004, USA",PCP0019,Active,EHR,P00379,ING-PAT-20261005-00379,2026-10-05T10:16:57,2026-10-05T10:18:57,2022-12-25T10:18:57,2026-10-05T10:18:57,2026-10-05T08:02:57,e58286a681fa18d77eb98a67edcff58c1b60b2bfd84aadceb435be8d6d3ac9f3,CURRENT,True
100380,P00380,b3210f44ed03be9131f1ecc37fe8750d9aa2463e77e0262a22ab15b7d42df8d0,MEM7000380,GRP1020,OakStreet-Central,127-10-0460,Ashley,Brown,2000-04-14,F,+14727925508,9407 Pine Ave,,Dallas,TX,75201,USA,"9407 Pine Ave, Dallas, TX 75201, USA",PCP0116,Active,EHR,P00380,ING-PAT-20261005-00380,2026-10-05T10:17:00,2026-10-05T10:19:00,2022-10-25T10:19:00,2026-10-05T10:19:00,2026-10-05T07:36:00,a323cd745773ca71acbb8f88c8a405175342d06ba606e7319f8e5e5d56c63b6d,CURRENT,True
100381,P00381,1bf4631817775ae08171f8c37998a1b211002641fa23e776789b17c009fc11b3,MEM7000381,GRP1021,OakStreet-South,709-58-8372,Barbara,Lee,1969-08-13,M,+14826042982,4011 Oak Rd,,Chicago,IL,60601,USA,"4011 Oak Rd, Chicago, IL 60601, USA",PCP0083,Active,EHR,P00381,ING-PAT-20261005-00381,2026-10-05T10:17:03,2026-10-05T10:19:03,2024-09-23T10:19:03,2026-10-05T10:19:03,2026-10-05T06:59:03,8597fa8084e1626d21320a6e8151a1e869a892323744fd2f5334d4cf2364b74b,CURRENT,True
100382,P00382,b1858df7dd5c0ff7d1c87ac5cff786077b31ee098a6c04e7e781c66512b84363,MEM7000382,GRP1022,OakStreet-East,640-76-4457,Barbara,Perez,1983-02-19,M,+17507256425,2905 Lake St,,Phoenix,AZ,85004,USA,"2905 Lake St, Phoenix, AZ 85004, USA",PCP0112,Active,EHR,P00382,ING-PAT-20261005-00382,2026-10-05T10:17:06,2026-10-05T10:19:06,2025-06-26T10:19:06,2026-10-05T10:19:06,2026-10-05T07:59:06,aec045ca30b3f1433fd2d24cf36d24a2fc6b6d8c7d12c6434000a584a0c2f534,CURRENT,True
100383,P00383,0d18dde7765bccd1aa4bc1b318a8ab531efdbc0b5cbb92bbdadb98a5115675fb,MEM7000383,GRP1023,OakStreet-Southwest,590-56-7128,James,Garcia,1935-06-22,F,+15355586938,6837 Main St,,Houston,TX,77002,USA,"6837 Main St, Houston, TX 77002, USA",PCP0063,Active,EHR,P00383,ING-PAT-20261005-00383,2026-10-05T10:17:09,2026-10-05T10:19:09,2025-07-27T10:19:09,2026-10-05T10:19:09,2026-10-05T06:25:09,1fcb66e318f8c96cfcccc545c2df97988f11e5b602907161934077cabbf2905a,CURRENT,True
100384,P00384,b4fa9cacec0bc902782b5c35ab7bf32d2bdeec0cf5eac6674ada16d73e001bf2,MEM7000384,GRP1024,OakStreet-Central,558-72-9354,Anthony,Jones,1960-02-17,M,+17419662268,9978 Pine Ave,,Houston,TX,77002,USA,"9978 Pine Ave, Houston, TX 77002, USA",PCP0104,Active,EHR,P00384,ING-PAT-20261005-00384,2026-10-05T10:17:12,2026-10-05T10:19:12,2025-01-29T10:19:12,2026-10-05T10:19:12,2026-10-05T07:46:12,cd83d33ef565f3a2f2d70bf0af260858fc5b28b04371263502198d3858a58afa,CURRENT,True
100385,P00385,c647f54f38b7fa826b20f2aab4114ec4ff2c8a878dd1bcb9283f5335c73bf511,MEM7000385,GRP1025,OakStreet-South,800-68-5484,Steven,Anderson,1945-02-28,F,+16423098633,2807 Market St,,Houston,TX,77024,USA,"2807 Market St, Houston, TX 77024, USA",PCP0020,Active,EHR,P00385,ING-PAT-20261005-00385,2026-10-05T10:17:15,2026-10-05T10:19:15,2024-06-08T10:19:15,2026-10-05T10:19:15,2026-10-05T09:01:15,5d46ec929d73030a8d4183583cec4e608a718e99fd2ae5f4f10875456460cb31,CURRENT,True
100386,P00386,3e55d4616f7493afa88c056eaf6e9ce3d5dba65b327c1a092f13345ac9b6f127,MEM7000386,GRP1026,OakStreet-East,546-58-5324,Mary,Davis,1968-03-01,M,+12095002512,5925 Pine St,,Houston,TX,77024,USA,"5925 Pine St, Houston, TX 77024, USA",PCP0027,Active,EHR,P00386,ING-PAT-20261005-00386,2026-10-05T10:17:18,2026-10-05T10:19:18,2024-08-03T10:19:18,2026-10-05T10:19:18,2026-10-05T06:46:18,ff833e3f0c4ff161b3311bb1802f82c44750e8d1dd4a59fd106565b1746d8b25,CURRENT,True
100387,P00387,9b6c11c0125b6b105f7399406004e4c4a0cfbfad2bcdf5c492d5f7d7e36ec8d8,MEM7000387,GRP1027,OakStreet-Southwest,267-71-1656,Joseph,Hernandez,1989-03-28,M,+12097714325,5781 Oak Ave,,Orlando,FL,32801,USA,"5781 Oak Ave, Orlando, FL 32801, USA",PCP0015,Active,EHR,P00387,ING-PAT-20261005-00387,2026-10-05T10:17:21,2026-10-05T10:19:21,2022-05-17T10:19:21,2026-10-05T10:19:21,2026-10-05T06:31:21,180e7d626587535ad9858d5be3a7e84a2b2f124e8ed640ff1590c43c9a1f7d45,CURRENT,True
100388,P00388,a315accf8e89e222ec25cc392738eecdc527f0c8a566881f5c7487787b7488c8,MEM7000388,GRP1028,OakStreet-Central,622-34-1399,Jessica,Ramirez,1986-12-03,M,+12693816452,435 Pine St,,Austin,TX,78701,USA,"435 Pine St, Austin, TX 78701, USA",PCP0072,Active,EHR,P00388,ING-PAT-20261005-00388,2026-10-05T10:17:24,2026-10-05T10:19:24,2023-03-07T10:19:24,2026-10-05T10:19:24,2026-10-05T07:30:24,4f684cd50d85453282889adb7c43c077bd5d42d707c91dba7a81f33f83aac487,CURRENT,True
100389,P00389,681dd103074b81bbc69b2e248599b0c1f40ca83cfdfe3079c1bd1e91b7505a6e,MEM7000389,GRP1029,OakStreet-South,140-15-9194,Nancy,Sanchez,1984-09-26,F,+14772632985,2415 Lake Blvd,Apt 253,Atlanta,GA,30303,USA,"2415 Lake Blvd Apt 253, Atlanta, GA 30303, USA",PCP0074,Active,EHR,P00389,ING-PAT-20261005-00389,2026-10-05T10:17:27,2026-10-05T10:19:27,2023-01-03T10:19:27,2026-10-05T10:19:27,2026-10-05T08:28:27,0853e124bfaeab38b53b36d84a680e721a7cfafb8f92fa4f3ab6fd5fd79ecbfe,CURRENT,True
100390,P00390,e2422882f6944dcc181d975e0a64ddb520c156a53e8eb0b4feb6ae7176c6afd3,MEM7000390,GRP1030,OakStreet-East,242-41-7039,Jennifer,Rodriguez,1984-04-04,F,+12389465405,3073 Market Blvd,Apt 652,Chicago,IL,60601,USA,"3073 Market Blvd Apt 652, Chicago, IL 60601, USA",PCP0048,Active,EHR,P00390,ING-PAT-20261005-00390,2026-10-05T10:17:30,2026-10-05T10:19:30,2024-08-01T10:19:30,2026-10-05T10:19:30,2026-10-05T08:24:30,9ceb1ddebc724ff69749569099e7beb427a09ca7790001598190d20eaa1b34bd,CURRENT,True
100391,P00391,a2c6b98d888357035d4960d4a0782ba18882d3925d85a296f23a1dfdfde03d67,MEM7000391,GRP1031,OakStreet-Southwest,509-67-0826,Betty,Walker,1997-06-04,F,+19218925985,5278 Lake Rd,,Houston,TX,77024,USA,"5278 Lake Rd, Houston, TX 77024, USA",PCP0095,Active,EHR,P00391,ING-PAT-20261005-00391,2026-10-05T10:17:33,2026-10-05T10:19:33,2024-02-18T10:19:33,2026-10-05T10:19:33,2026-10-05T07:24:33,d8b5f082cbdc473903a204a38018695f38e845d92968ff3eca3c214779ad651d,CURRENT,True
100392,P00392,fb7197bc178dd37056f390588d833d57aceee42f80e4b63db93bf85a595936d2,MEM7000392,GRP1032,OakStreet-Central,167-31-0302,Patricia,Hernandez,1960-04-07,M,+19828978755,3488 Washington Blvd,,Houston,TX,77005,USA,"3488 Washington Blvd, Houston, TX 77005, USA",PCP0113,Active,EHR,P00392,ING-PAT-20261005-00392,2026-10-05T10:17:36,2026-10-05T10:19:36,2022-04-05T10:19:36,2026-10-05T10:19:36,2026-10-05T09:11:36,e92f47751ad077b69bbb31f5040f41e0190e9dacab885d105838e755b1018f05,CURRENT,True
100393,P00393,2dddedd32a3b3dfebb85215f3c3c4ee9a2da77aa5680da29d17fba40b99aac52,MEM7000393,GRP1033,OakStreet-South,571-75-9995,Elizabeth,Lopez,1990-08-07,F,+17905483361,7926 Market Ave,Apt 547,Phoenix,AZ,85004,USA,"7926 Market Ave Apt 547, Phoenix, AZ 85004, USA",PCP0018,Active,EHR,P00393,ING-PAT-20261005-00393,2026-10-05T10:17:39,2026-10-05T10:19:39,2023-10-03T10:19:39,2026-10-05T10:19:39,2026-10-05T07:19:39,b4394586527d6a5a9d2ccebe6865136d281ce0a2b2beeee573d859cd60b014a4,CURRENT,True
100394,P00394,c428c657069a454e8a5a4e19b34170093b370cf327864dae13c3a7ce1c266408,MEM7000394,GRP1034,OakStreet-East,366-32-0930,Karen,Hernandez,1945-11-05,F,+17847844756,8346 Lake Blvd,,Austin,TX,78701,USA,"8346 Lake Blvd, Austin, TX 78701, USA",PCP0091,Active,EHR,P00394,ING-PAT-20261005-00394,2026-10-05T10:17:42,2026-10-05T10:19:42,2025-07-07T10:19:42,2026-10-05T10:19:42,2026-10-05T08:17:42,d5f5d230269383b880c65163cdd3ceae660c6b0526c9ce854116fd38f6adda8e,CURRENT,True
100395,P00395,5d096a7de4b901bec3154d2eed7f5c1f1a841262b81dfc8afee35d4ff579003c,MEM7000395,GRP1035,OakStreet-Southwest,558-50-6293,James,Johnson,1940-03-18,F,+13924871192,8760 Main Rd,,Chicago,IL,60601,USA,"8760 Main Rd, Chicago, IL 60601, USA",PCP0081,Active,EHR,P00395,ING-PAT-20261005-00395,2026-10-05T10:17:45,2026-10-05T10:19:45,2025-01-02T10:19:45,2026-10-05T10:19:45,2026-10-05T07:11:45,2514d19950b8ec4ae9ccba063d5fb2f7fc3fe4458b3dd6f51b1b12865ea7ca06,CURRENT,True
100396,P00396,ba0983eb18d36aabc4b7f0c1b6638fb5f6a55004d830e7e81549216e29376075,MEM7000396,GRP1036,OakStreet-Central,366-54-3242,Susan,Garcia,2003-01-22,M,+14389196334,3855 Park Ave,,San Antonio,TX,78205,USA,"3855 Park Ave, San Antonio, TX 78205, USA",PCP0003,Active,EHR,P00396,ING-PAT-20261005-00396,2026-10-05T10:17:48,2026-10-05T10:19:48,2021-11-06T10:19:48,2026-10-05T10:19:48,2026-10-05T09:15:48,f23404de766bf7622b4540f8cd8f3fa2eb786aef2fe27534ee0b095fd39962ce,CURRENT,True
100397,P00397,409877ad6e902e05e52576c4411d54451255aad68f49eac99490ee6e47cb562a,MEM7000397,GRP1037,OakStreet-South,786-42-1329,Steven,Clark,1988-07-28,M,+12907281784,7657 Lake Rd,Apt 779,Austin,TX,78701,USA,"7657 Lake Rd Apt 779, Austin, TX 78701, USA",PCP0045,Active,EHR,P00397,ING-PAT-20261005-00397,2026-10-05T10:17:51,2026-10-05T10:19:51,2025-11-01T10:19:51,2026-10-05T10:19:51,2026-10-05T08:28:51,2bb01f7f546709f7fd769490c986034160b79f038d613a3fab1e1ecb166c46c5,CURRENT,True
100398,P00398,35f3abe4a21eb1c9f63ec1b6b40521cddd80e23d67d5cedd8dbc33dddb5b69c7,MEM7000398,GRP1038,OakStreet-East,849-40-8944,Margaret,Sanchez,1967-06-25,M,+13029535306,1680 Park Rd,Apt 744,Houston,TX,77005,USA,"1680 Park Rd Apt 744, Houston, TX 77005, USA",PCP0031,Active,EHR,P00398,ING-PAT-20261005-00398,2026-10-05T10:17:54,2026-10-05T10:19:54,2025-10-19T10:19:54,2026-10-05T10:19:54,2026-10-05T10:15:54,95b279b5192605e2288759caf8ee1b95ff9920daec6cdfa3fd5a9275b0145a0d,CURRENT,True
100399,P00399,cae2b23c9d92bce693f69081bc4fd69eb853154c664428b7bb3d7d69c60c0f1e,MEM7000399,GRP1039,OakStreet-Southwest,612-52-0954,Michael,Anderson,1955-12-18,F,+13785849217,533 Lake Rd,,Orlando,FL,32801,USA,"533 Lake Rd, Orlando, FL 32801, USA",PCP0094,Active,EHR,P00399,ING-PAT-20261005-00399,2026-10-05T10:17:57,2026-10-05T10:19:57,2024-06-26T10:19:57,2026-10-05T10:19:57,2026-10-05T08:17:57,d1c4bf6b42ab149fc5682e79616725a62967a7ae035411c759bc55d1cfaf1b69,CURRENT,True
100400,P00400,21726e948cc1d9d6db05c1ee8d949bbf2fceef73e4867da36c84a6de466a39c0,MEM7000400,GRP1000,OakStreet-Central,740-90-6216,Patricia,Hernandez,1953-07-12,M,+12503363302,9523 Pine Blvd,,Atlanta,GA,30303,USA,"9523 Pine Blvd, Atlanta, GA 30303, USA",PCP0033,Active,EHR,P00400,ING-PAT-20261005-00400,2026-10-05T10:18:00,2026-10-05T10:20:00,2023-04-22T10:20:00,2026-10-05T10:20:00,2026-10-05T09:06:00,bf3945813906114ebf0b595597dd5d41053d140dbe0b118a8565dc9c6d2246f8,CURRENT,True
100401,P00401,6951da53ca9238e8af438c490dde581b914be03227e955b2fe1aed527eb049c6,MEM7000401,GRP1001,OakStreet-South,727-48-4421,Joseph,Rodriguez,1969-02-06,F,+14305322725,1477 Market Rd,,Austin,TX,78701,USA,"1477 Market Rd, Austin, TX 78701, USA",PCP0087,Active,EHR,P00401,ING-PAT-20261005-00401,2026-10-05T10:18:03,2026-10-05T10:20:03,2023-04-21T10:20:03,2026-10-05T10:20:03,2026-10-05T06:20:03,a906f75c13b021208fbb28740eb72ac29dd1e197691e4d68930c7325ba1f5083,CURRENT,True
100402,P00402,7bffbe9ce6e93109b56235d6cda5baec6e8677a75fd65f259bcc6bca259715a2,MEM7000402,GRP1002,OakStreet-East,493-12-5253,Sarah,Thompson,1991-08-10,F,+14683222917,3244 Main St,,Houston,TX,77002,USA,"3244 Main St, Houston, TX 77002, USA",PCP0064,Active,EHR,P00402,ING-PAT-20261005-00402,2026-10-05T10:18:06,2026-10-05T10:20:06,2021-11-16T10:20:06,2026-10-05T10:20:06,2026-10-05T08:24:06,0992d1e4f8b1ac1b30450030ecf1376d3e7f790affaa5f39f0e28220d6761332,CURRENT,True
100403,P00403,40732cd835f7aebc2e9201c80b276d8745ec51b4d4e8871a6daf3303f94ae7c6,MEM7000403,GRP1003,OakStreet-Southwest,158-63-1516,Elizabeth,Brown,1963-02-09,F,+17552463179,7390 Park Blvd,Apt 816,Dallas,TX,75201,USA,"7390 Park Blvd Apt 816, Dallas, TX 75201, USA",PCP0066,Active,EHR,P00403,ING-PAT-20261005-00403,2026-10-05T10:18:09,2026-10-05T10:20:09,2022-12-10T10:20:09,2026-10-05T10:20:09,2026-10-05T08:28:09,cb0b76ad839aa2928a216f58c70fe94ae3fb27b365c05e4a30aa949e2d9d19d5,CURRENT,True
100404,P00404,b3a81e27689cdebc494f3f1adc43600e38e7979083c4bd7a774daff43d8bdc86,MEM7000404,GRP1004,OakStreet-Central,377-94-0073,Karen,Johnson,1961-01-17,F,+13019406142,2480 Park Blvd,Apt 635,San Antonio,TX,78205,USA,"2480 Park Blvd Apt 635, San Antonio, TX 78205, USA",PCP0054,Active,EHR,P00404,ING-PAT-20261005-00404,2026-10-05T10:18:12,2026-10-05T10:20:12,2022-09-25T10:20:12,2026-10-05T10:20:12,2026-10-05T07:25:12,9864442d60df0c779709a74b3e703306f806fae7ee650326c6fac998f7398c75,CURRENT,True
100405,P00405,8a77e4c0f247bb9a68cb7ab3700f258f90124b1df9620cc3ee7d7e035ab1450c,MEM7000405,GRP1005,OakStreet-South,584-51-3747,Barbara,Walker,1941-12-03,M,+12468594061,5545 Lake Ave,,Orlando,FL,32801,USA,"5545 Lake Ave, Orlando, FL 32801, USA",PCP0018,Active,EHR,P00405,ING-PAT-20261005-00405,2026-10-05T10:18:15,2026-10-05T10:20:15,2025-07-20T10:20:15,2026-10-05T10:20:15,2026-10-05T08:57:15,4b061651e9949ddae49953557b44146cb670dc2dd1f499383daabf319bc60b7b,CURRENT,True
100406,P00406,4deb0178fa59b94e7345210b388b9fb33a554e72cc9c58be7e67e6b9f7c771df,MEM7000406,GRP1006,OakStreet-East,459-26-7422,Nancy,Harris,1990-09-25,F,+12223278125,2783 Market Ave,Apt 781,Atlanta,GA,30303,USA,"2783 Market Ave Apt 781, Atlanta, GA 30303, USA",PCP0115,Active,EHR,P00406,ING-PAT-20261005-00406,2026-10-05T10:18:18,2026-10-05T10:20:18,2024-01-28T10:20:18,2026-10-05T10:20:18,2026-10-05T08:04:18,69f16918627ae90eedad7fcbb32b4b5960f9323fd5fb80d192e41b65ffc800b0,CURRENT,True
100407,P00407,f71bc28790efab4bb674b8304f6a043b0e21b017f99627572bd9797e99e448b2,MEM7000407,GRP1007,OakStreet-Southwest,716-44-1199,Barbara,Sanchez,1946-08-19,F,+19027087145,8938 Main Blvd,,Orlando,FL,32801,USA,"8938 Main Blvd, Orlando, FL 32801, USA",PCP0108,Active,EHR,P00407,ING-PAT-20261005-00407,2026-10-05T10:18:21,2026-10-05T10:20:21,2023-06-18T10:20:21,2026-10-05T10:20:21,2026-10-05T06:40:21,6651a9c9912dcd26ef76e7e240ce8bdd773adaae4b9ae3e6fe05505c9d3746fc,CURRENT,True
100408,P00408,2e310a3e2a9ad1b5132fc3b0a10a869e0ab9c5bf948421280d6a6a615621e3ba,MEM7000408,GRP1008,OakStreet-Central,771-13-7708,Daniel,Williams,1989-06-25,M,+14394972761,568 Washington Blvd,Apt 981,Houston,TX,77024,USA,"568 Washington Blvd Apt 981, Houston, TX 77024, USA",PCP0035,Active,EHR,P00408,ING-PAT-20261005-00408,2026-10-05T10:18:24,2026-10-05T10:20:24,2023-10-03T10:20:24,2026-10-05T10:20:24,2026-10-05T06:29:24,78225b0a1695ddaa40c6e533f67610e2fc1c007db1424182340eb286c788d4b8,CURRENT,True
100409,P00409,c6e79ee45b6136aec2749f45a53e6d8d7c9458f15616d35d127804a5a4c8923d,MEM7000409,GRP1009,OakStreet-South,879-64-4042,Anthony,Perez,1952-12-13,F,+16242474125,243 Washington St,,Houston,TX,77005,USA,"243 Washington St, Houston, TX 77005, USA",PCP0067,Active,EHR,P00409,ING-PAT-20261005-00409,2026-10-05T10:18:27,2026-10-05T10:20:27,2025-01-06T10:20:27,2026-10-05T10:20:27,2026-10-05T08:48:27,e58b2a5ab9aaf491c5289686b6cadde760280a79af301139898825e870086ca1,CURRENT,True
100410,P00410,7afcb6c780c2feed007af200c2c436824d1e3a8192d589d5de08ce1f43a44b14,MEM7000410,GRP1010,OakStreet-East,262-19-2654,Daniel,Ramirez,1994-11-06,F,+17677419371,433 Market Blvd,,Chicago,IL,60601,USA,"433 Market Blvd, Chicago, IL 60601, USA",PCP0017,Active,EHR,P00410,ING-PAT-20261005-00410,2026-10-05T10:18:30,2026-10-05T10:20:30,2025-11-28T10:20:30,2026-10-05T10:20:30,2026-10-05T10:00:30,e947cdcfe9ba9fcaa24672a81194bab2b27b1e3fc929b4d731c2ea810352491a,CURRENT,True
100411,P00411,c857f36a41f7729a2c1e263c2ab4a68538d0a6e2a5a11b7490aaf0a734735541,MEM7000411,GRP1011,OakStreet-Southwest,383-36-2972,Margaret,Brown,1979-07-23,F,+16888764287,5120 Market Ave,,Atlanta,GA,30303,USA,"5120 Market Ave, Atlanta, GA 30303, USA",PCP0006,Active,EHR,P00411,ING-PAT-20261005-00411,2026-10-05T10:18:33,2026-10-05T10:20:33,2023-02-13T10:20:33,2026-10-05T10:20:33,2026-10-05T09:17:33,772e4a6fde0d54364ac1fa1bed83c3a106739d44a83d8890826f1b89b803f35e,CURRENT,True
100412,P00412,c12538a1dbbd3535c6c1534b8bd7058a34f3161b2d9ac29d110a6f26260b1b8d,MEM7000412,GRP1012,OakStreet-Central,389-85-7837,Karen,Taylor,1995-08-02,F,+17354686281,526 Lake St,,Atlanta,GA,30303,USA,"526 Lake St, Atlanta, GA 30303, USA",PCP0042,Active,EHR,P00412,ING-PAT-20261005-00412,2026-10-05T10:18:36,2026-10-05T10:20:36,2023-12-05T10:20:36,2026-10-05T10:20:36,2026-10-05T08:55:36,d49342a36aa51082a3dcd305f2234fa10e68caf2738e52dac59beb9426fb91af,CURRENT,True
100413,P00413,64d5d67137923c486b64cd4908ad3cae2e1dca54927014f052f0a6f1308a5509,MEM7000413,GRP1013,OakStreet-South,745-34-1984,Karen,Robinson,1987-09-25,M,+16034236969,5661 Pine Ave,,San Antonio,TX,78205,USA,"5661 Pine Ave, San Antonio, TX 78205, USA",PCP0014,Active,EHR,P00413,ING-PAT-20261005-00413,2026-10-05T10:18:39,2026-10-05T10:20:39,2024-10-25T10:20:39,2026-10-05T10:20:39,2026-10-05T07:30:39,b4af6de8d8cb81a562697c9314d020ee5c351b1aa5f0445c320cf717aedff7c6,CURRENT,True
100414,P00414,c672815b44a698fda7021edfbdbc503a0971778fbf7e87b5dd3feb4aa0d3d441,MEM7000414,GRP1014,OakStreet-East,261-12-8405,Joseph,Johnson,2001-05-12,M,+12437739249,9123 Market St,,Austin,TX,78701,USA,"9123 Market St, Austin, TX 78701, USA",PCP0065,Active,EHR,P00414,ING-PAT-20261005-00414,2026-10-05T10:18:42,2026-10-05T10:20:42,2021-11-25T10:20:42,2026-10-05T10:20:42,2026-10-05T08:20:42,0d0dcfe53ef3067602c53300d2a829c16e1839b5b233c9f2333b5b3db339623b,CURRENT,True
100415,P00415,790176d08caca9769bbb79dbf78042cc098a681a6723dd9eaa6f0898b2e0cf4a,MEM7000415,GRP1015,OakStreet-Southwest,660-73-5513,Jennifer,White,1937-08-27,M,+12095734647,7634 Pine St,,Houston,TX,77005,USA,"7634 Pine St, Houston, TX 77005, USA",PCP0018,Active,EHR,P00415,ING-PAT-20261005-00415,2026-10-05T10:18:45,2026-10-05T10:20:45,2022-05-12T10:20:45,2026-10-05T10:20:45,2026-10-05T07:26:45,8fcbf43fb6e6c14ea82a63451ea43eda242f20bf15b42e1e3cd0fddf682dd22a,CURRENT,True
100416,P00416,2eea89cf56cc2817f788af68d0d102d98e08f591d0edd94762625450908f9187,MEM7000416,GRP1016,OakStreet-Central,457-24-2784,Margaret,Smith,1949-12-17,F,+12526794835,906 Lake Rd,,Atlanta,GA,30303,USA,"906 Lake Rd, Atlanta, GA 30303, USA",PCP0090,Active,EHR,P00416,ING-PAT-20261005-00416,2026-10-05T10:18:48,2026-10-05T10:20:48,2024-10-19T10:20:48,2026-10-05T10:20:48,2026-10-05T07:20:48,a41ccf5e3c909c44ef786067705ca83bfe663191755a48b2d961e5f4ab8a1b46,CURRENT,True
100417,P00417,ab15072777505d544e6e6c076efdd7f9827c8ae917a518ded645fa5a864562be,MEM7000417,GRP1017,OakStreet-South,536-45-9263,Barbara,Lee,1981-12-19,F,+15177192841,4356 Market St,,Houston,TX,77024,USA,"4356 Market St, Houston, TX 77024, USA",PCP0088,Active,EHR,P00417,ING-PAT-20261005-00417,2026-10-05T10:18:51,2026-10-05T10:20:51,2024-05-13T10:20:51,2026-10-05T10:20:51,2026-10-05T07:12:51,5db7b9dddc4b8e283edc84fc5582995a0925d69ec6ad4f80fc1e1b05bfeb0866,CURRENT,True
100418,P00418,d4100cb914bdd4ceef0b604e3a5177a3de4a6c9becf3621e90cb3ecd2adca689,MEM7000418,GRP1018,OakStreet-East,872-43-5770,Mark,Martinez,1961-09-13,F,+18525967679,7441 Washington St,,Houston,TX,77024,USA,"7441 Washington St, Houston, TX 77024, USA",PCP0033,Active,EHR,P00418,ING-PAT-20261005-00418,2026-10-05T10:18:54,2026-10-05T10:20:54,2023-04-26T10:20:54,2026-10-05T10:20:54,2026-10-05T08:11:54,d8f52b29a4f83a79d16f2d06db4c2636a16a380520eda99312241cb54e2d1ae5,CURRENT,True
100419,P00419,04a77b44c1ce15146e238569589d3690a040dea02f24503aa84845d6464a5505,MEM7000419,GRP1019,OakStreet-Southwest,752-32-7996,Patricia,Martin,1964-09-17,M,+16332572445,6355 Market St,Apt 342,Houston,TX,77002,USA,"6355 Market St Apt 342, Houston, TX 77002, USA",PCP0115,Active,EHR,P00419,ING-PAT-20261005-00419,2026-10-05T10:18:57,2026-10-05T10:20:57,2025-09-08T10:20:57,2026-10-05T10:20:57,2026-10-05T08:46:57,92552c4626bfd8ab7f022d82a0f26855790b9e298c0bc846de210cfff2947e3f,CURRENT,True
100420,P00420,1736a5546a9e46dc689e3d5bb95d26ace0ca0291f965d4a3aaec003923aa7d13,MEM7000420,GRP1020,OakStreet-Central,830-27-4638,Betty,Gonzalez,1937-02-07,M,+17916105154,5061 Oak Blvd,,Chicago,IL,60601,USA,"5061 Oak Blvd, Chicago, IL 60601, USA",PCP0025,Active,EHR,P00420,ING-PAT-20261005-00420,2026-10-05T10:19:00,2026-10-05T10:21:00,2025-04-17T10:21:00,2026-10-05T10:21:00,2026-10-05T06:31:00,76acc98dedd7d0bb56d1f24a4760a1f88496b45e61e7918c16832c504fc4d973,CURRENT,True
100421,P00421,4b2982d139fa1c3f22d8dacb044d4181da54fa648573fcfe3f58892b447f859e,MEM7000421,GRP1021,OakStreet-South,116-18-9538,Thomas,Lopez,1954-04-04,F,+12106617306,9452 Lake Rd,,Chicago,IL,60601,USA,"9452 Lake Rd, Chicago, IL 60601, USA",PCP0071,Active,EHR,P00421,ING-PAT-20261005-00421,2026-10-05T10:19:03,2026-10-05T10:21:03,2024-08-21T10:21:03,2026-10-05T10:21:03,2026-10-05T07:29:03,0b289f078b0204a4e0be907834486a4b87a58c84962821841b9ea00cff6ecbb7,CURRENT,True
100422,P00422,62302a8c11267916615a6bebdea05c748709ba0b3ba4a02ebb4b0018575bf988,MEM7000422,GRP1022,OakStreet-East,682-93-7443,Susan,Davis,1992-01-20,M,+19505493235,9111 Park Blvd,,Phoenix,AZ,85004,USA,"9111 Park Blvd, Phoenix, AZ 85004, USA",PCP0073,Active,EHR,P00422,ING-PAT-20261005-00422,2026-10-05T10:19:06,2026-10-05T10:21:06,2023-02-19T10:21:06,2026-10-05T10:21:06,2026-10-05T08:39:06,805241d81647615df359fd7fda1e464ebcb5a022e8765d429cb9084ee0f04bde,CURRENT,True
100423,P00423,1cc31ee568a116746ffa10862123338ac8a2e022008e475ba9325ba488f24bd3,MEM7000423,GRP1023,OakStreet-Southwest,458-27-6668,Mary,Clark,1936-02-17,F,+16866086957,8596 Park Blvd,Apt 775,Dallas,TX,75201,USA,"8596 Park Blvd Apt 775, Dallas, TX 75201, USA",PCP0006,Active,EHR,P00423,ING-PAT-20261005-00423,2026-10-05T10:19:09,2026-10-05T10:21:09,2023-03-16T10:21:09,2026-10-05T10:21:09,2026-10-05T08:16:09,a748c2fedaabf2c4549caf3d91949aae842d3666c6c4f8259eee4ba26735806b,CURRENT,True
100424,P00424,0c5a5d06aa8da5ae2a960486aa533d4e89b9a8520476c613dbc1c789fa0f0aac,MEM7000424,GRP1024,OakStreet-Central,858-40-6045,David,Smith,1985-10-14,F,+15934456431,6320 Park Rd,,Orlando,FL,32801,USA,"6320 Park Rd, Orlando, FL 32801, USA",PCP0021,Active,EHR,P00424,ING-PAT-20261005-00424,2026-10-05T10:19:12,2026-10-05T10:21:12,2025-11-10T10:21:12,2026-10-05T10:21:12,2026-10-05T09:50:12,3b01250f5b86b9a8f771ecfef5c6dab2bfc47b89fc1d8e3594e201186e16e94d,CURRENT,True
100425,P00425,935457f77ee9f580762e5da03df86a7683a183513e38f070ddba52bae9d377c3,MEM7000425,GRP1025,OakStreet-South,417-80-9295,Susan,Davis,1994-08-22,F,+16956762588,8823 Lake Blvd,Apt 421,Orlando,FL,32801,USA,"8823 Lake Blvd Apt 421, Orlando, FL 32801, USA",PCP0045,Active,EHR,P00425,ING-PAT-20261005-00425,2026-10-05T10:19:15,2026-10-05T10:21:15,2022-11-29T10:21:15,2026-10-05T10:21:15,2026-10-05T09:40:15,0a109cab21885562fc7e6a9287746f434febd265a4e46490498d9a6105583d29,CURRENT,True
100426,P00426,f942a322ebe77547f1a43d83c30746226b9dd9c4670c7eedc37a63d082bdac12,MEM7000426,GRP1026,OakStreet-East,101-79-1865,Thomas,Jackson,1985-09-26,F,+12786709993,8601 Oak Rd,,Chicago,IL,60601,USA,"8601 Oak Rd, Chicago, IL 60601, USA",PCP0077,Active,EHR,P00426,ING-PAT-20261005-00426,2026-10-05T10:19:18,2026-10-05T10:21:18,2022-11-16T10:21:18,2026-10-05T10:21:18,2026-10-05T08:51:18,df47395263e7ee826f7ec09b9aa8ad64ca4d6541e59d8f71484512a474b9bf13,CURRENT,True
100427,P00427,bd5f2072d231ba4e215f6770ac60c5c975cf52ea92dd859d320f78975b6295a7,MEM7000427,GRP1027,OakStreet-Southwest,475-91-8390,Nancy,Lee,1982-04-20,F,+15584019152,9138 Washington Ave,,Phoenix,AZ,85004,USA,"9138 Washington Ave, Phoenix, AZ 85004, USA",PCP0084,Active,EHR,P00427,ING-PAT-20261005-00427,2026-10-05T10:19:21,2026-10-05T10:21:21,2023-06-07T10:21:21,2026-10-05T10:21:21,2026-10-05T07:29:21,aeda4294f1a7c825c5f6d8ae6969000b22330bcb55788b9f2998196dabc12947,CURRENT,True
100428,P00428,848b9d8b706ad72459bc5682e7d918d1adb9d8be937a7d01fe19645890e4db36,MEM7000428,GRP1028,OakStreet-Central,639-29-9196,John,Walker,1986-11-22,F,+19838803847,9598 Main St,,Phoenix,AZ,85004,USA,"9598 Main St, Phoenix, AZ 85004, USA",PCP0078,Active,EHR,P00428,ING-PAT-20261005-00428,2026-10-05T10:19:24,2026-10-05T10:21:24,2022-09-20T10:21:24,2026-10-05T10:21:24,2026-10-05T07:19:24,8254153e72fe1050c1152357a3146966bb185c684107412cc98cd25ee8758166,CURRENT,True
100429,P00429,908bae88cb14c9ec0b7a07cb246950fc184275c3c47ad671e3a53b4ebc87e49b,MEM7000429,GRP1029,OakStreet-South,647-38-1541,Charles,White,1945-05-11,F,+14788277466,7866 Pine Ave,,Houston,TX,77002,USA,"7866 Pine Ave, Houston, TX 77002, USA",PCP0075,Active,EHR,P00429,ING-PAT-20261005-00429,2026-10-05T10:19:27,2026-10-05T10:21:27,2025-09-08T10:21:27,2026-10-05T10:21:27,2026-10-05T09:35:27,d9d5f16b0db7bfada34924e5e5895ec3b72a7c35305df1c3a5e1ab6d31c4533a,CURRENT,True
100430,P00430,e8be94cbdabcd44e9cc48f7dbbe586ea78cc47462c62a0ba0ca4a4efcd9465df,MEM7000430,GRP1030,OakStreet-East,694-60-2903,Susan,Gonzalez,1979-02-10,M,+17202305187,244 Lake Blvd,,Phoenix,AZ,85004,USA,"244 Lake Blvd, Phoenix, AZ 85004, USA",PCP0023,Active,EHR,P00430,ING-PAT-20261005-00430,2026-10-05T10:19:30,2026-10-05T10:21:30,2022-05-04T10:21:30,2026-10-05T10:21:30,2026-10-05T08:35:30,7b2627b2ca587ac5d94959a80d11601baf73c02ee7d09df349cb38b15b9cbc24,CURRENT,True
100431,P00431,5c5e561181c69a222011ee77da09d065642c19f062c5a507e58f5d660af18690,MEM7000431,GRP1031,OakStreet-Southwest,708-50-4532,Barbara,Gonzalez,1937-01-15,M,+12645568652,8804 Pine Rd,Apt 51,Austin,TX,78701,USA,"8804 Pine Rd Apt 51, Austin, TX 78701, USA",PCP0096,Active,EHR,P00431,ING-PAT-20261005-00431,2026-10-05T10:19:33,2026-10-05T10:21:33,2022-01-19T10:21:33,2026-10-05T10:21:33,2026-10-05T09:50:33,5c327a46373df57915a1a1a581ec63ed7f8fe8530d1841045a070f24266ec208,CURRENT,True
100432,P00432,5a0bb10ffbe5bd28ea1b1913a67b8cf1cfbcb3e5b4c56cd7057a024e43d85d53,MEM7000432,GRP1032,OakStreet-Central,570-14-0847,Karen,Walker,1978-05-25,F,+18197005300,950 Main Rd,Apt 765,Chicago,IL,60601,USA,"950 Main Rd Apt 765, Chicago, IL 60601, USA",PCP0041,Active,EHR,P00432,ING-PAT-20261005-00432,2026-10-05T10:19:36,2026-10-05T10:21:36,2025-04-29T10:21:36,2026-10-05T10:21:36,2026-10-05T09:53:36,11c2b9d5b8c543b7527290f475f0af0d79dfaad56d9e57f01393b45d5f7362c0,CURRENT,True
100433,P00433,69088de7b97721159f5fc993cceaf5820620862e2ad6e49f326b308068a3f32e,MEM7000433,GRP1033,OakStreet-South,797-30-6715,Lisa,Martin,1973-01-14,M,+18223241407,329 Lake Ave,,Orlando,FL,32801,USA,"329 Lake Ave, Orlando, FL 32801, USA",PCP0097,Inactive,EHR,P00433,ING-PAT-20261005-00433,2026-10-05T10:19:39,2026-10-05T10:21:39,2021-12-19T10:21:39,2026-10-05T10:21:39,2026-10-05T09:51:39,9235d51cf17cb499b3a1072329aed647c3b4b31904bc11284c72a719948e4717,CURRENT,True
100434,P00434,6bb5961d95a0d4207687e9b7e00cc60f8cf052ee036a6bd35b9ba275fbdd765e,MEM7000434,GRP1034,OakStreet-East,386-41-4070,Mary,Lopez,1990-06-08,M,+14615575818,1604 Pine St,,San Antonio,TX,78205,USA,"1604 Pine St, San Antonio, TX 78205, USA",PCP0010,Active,EHR,P00434,ING-PAT-20261005-00434,2026-10-05T10:19:42,2026-10-05T10:21:42,2023-11-28T10:21:42,2026-10-05T10:21:42,2026-10-05T08:58:42,500289e7be7e1002e224a5ea4d6388986fda757f4673663fe9960ccd58967ec2,CURRENT,True
100435,P00435,220a20f6dc81de1406ff3c6b218f9134d1c43c60e6122bc9a29286be9e013726,MEM7000435,GRP1035,OakStreet-Southwest,465-31-3286,Mary,Wilson,1946-07-05,F,+13535122089,9953 Market Blvd,Apt 455,Houston,TX,77024,USA,"9953 Market Blvd Apt 455, Houston, TX 77024, USA",PCP0047,Active,EHR,P00435,ING-PAT-20261005-00435,2026-10-05T10:19:45,2026-10-05T10:21:45,2024-03-30T10:21:45,2026-10-05T10:21:45,2026-10-05T08:29:45,7f30d0bffef45aa9286bc9ff76d2353a277e5667a8ced742a58beac5a92e5efa,CURRENT,True
100436,P00436,f40e01fb32e009d5260bd061fe8f49974449495217cff87ccb51e9b7ec691107,MEM7000436,GRP1036,OakStreet-Central,413-13-2391,James,White,1939-11-24,M,+19202762345,316 Lake St,,Orlando,FL,32801,USA,"316 Lake St, Orlando, FL 32801, USA",PCP0069,Active,EHR,P00436,ING-PAT-20261005-00436,2026-10-05T10:19:48,2026-10-05T10:21:48,2023-02-20T10:21:48,2026-10-05T10:21:48,2026-10-05T10:11:48,fbecf236100eb402834aefb1b6b1c2c71e6cc13b220bf0e85e6e74208b626667,CURRENT,True
100437,P00437,9301b8752a22f311c2acf84663996465e5b6e194b9ebf6202634b9bb6244070c,MEM7000437,GRP1037,OakStreet-South,583-16-2126,Robert,Sanchez,2000-09-24,F,+13264677335,297 Washington St,,Chicago,IL,60601,USA,"297 Washington St, Chicago, IL 60601, USA",PCP0071,Active,EHR,P00437,ING-PAT-20261005-00437,2026-10-05T10:19:51,2026-10-05T10:21:51,2023-11-13T10:21:51,2026-10-05T10:21:51,2026-10-05T09:50:51,0eec12dff16824f90ff6e7c31b467ef6df089117a696d016dd8dfd39370d4177,CURRENT,True
100438,P00438,dcf6b38df3b9bea2852f71ded161d39fabcc6f78996ab54fe5817b74ef605b38,MEM7000438,GRP1038,OakStreet-East,122-19-7083,Susan,Miller,1939-01-25,M,+19686348005,9735 Lake St,,Chicago,IL,60601,USA,"9735 Lake St, Chicago, IL 60601, USA",PCP0068,Active,EHR,P00438,ING-PAT-20261005-00438,2026-10-05T10:19:54,2026-10-05T10:21:54,2025-02-23T10:21:54,2026-10-05T10:21:54,2026-10-05T09:41:54,4099a5504d2bd4b2befa886c9bb792cb977e84fc4668de15dac33e6bcc8b2c31,CURRENT,True
100439,P00439,8be130da4c7fb6df62ff0ad5019f7382f2a685d8cd9198b13041e1a74acf6d2d,MEM7000439,GRP1039,OakStreet-Southwest,381-54-0802,John,Moore,2000-05-23,F,+16932844372,2233 Pine Ave,,Chicago,IL,60601,USA,"2233 Pine Ave, Chicago, IL 60601, USA",PCP0008,Active,EHR,P00439,ING-PAT-20261005-00439,2026-10-05T10:19:57,2026-10-05T10:21:57,2023-02-13T10:21:57,2026-10-05T10:21:57,2026-10-05T09:25:57,560a9f5af0079eead64c4aecd82d0b7815f498dd0ee715b6bbc88610a7bfff64,CURRENT,True
100440,P00440,698337c1916519e44b2dc482f1cfb360474f13377cf9980e4522d08185019400,MEM7000440,GRP1000,OakStreet-Central,130-47-2770,Betty,Taylor,2003-01-11,F,+15029031209,4383 Lake Rd,,Austin,TX,78701,USA,"4383 Lake Rd, Austin, TX 78701, USA",PCP0072,Active,EHR,P00440,ING-PAT-20261005-00440,2026-10-05T10:20:00,2026-10-05T10:22:00,2022-06-10T10:22:00,2026-10-05T10:22:00,2026-10-05T06:22:00,990ddce6b8491c39ce6f2ea1dbb1f27175590c92bc251f53187cfe0c192126c6,CURRENT,True
100441,P00441,82bdb0927215e1b18d413c759c02892e95a05459fa87d726c899875c45248792,MEM7000441,GRP1001,OakStreet-South,296-66-8410,Jessica,Wilson,1996-03-05,M,+17633406236,8178 Pine Ave,Apt 27,Orlando,FL,32801,USA,"8178 Pine Ave Apt 27, Orlando, FL 32801, USA",PCP0038,Active,EHR,P00441,ING-PAT-20261005-00441,2026-10-05T10:20:03,2026-10-05T10:22:03,2025-04-26T10:22:03,2026-10-05T10:22:03,2026-10-05T07:39:03,ba76d8bdc7f5b54f4668eefa65180e3ccda361b70cde7ccfe0cb8d0736298c03,CURRENT,True
100442,P00442,6d882f8d429bcd52e4ce188641501362509ff6c475d94da48ff7a89fa34e3d89,MEM7000442,GRP1002,OakStreet-East,597-86-4816,Barbara,Sanchez,1939-11-09,F,+16995232766,1144 Park Ave,,Houston,TX,77002,USA,"1144 Park Ave, Houston, TX 77002, USA",PCP0005,Active,EHR,P00442,ING-PAT-20261005-00442,2026-10-05T10:20:06,2026-10-05T10:22:06,2022-03-17T10:22:06,2026-10-05T10:22:06,2026-10-05T10:03:06,133bfa90ded8c8a9cf4402237d6590da81dcd9091f2c2846e86e9ee4d8ad16d6,CURRENT,True
100443,P00443,3547e6ec12dbc8863326c783ba32c7a6f4f9cdb3c8a8d0b9274eb7e5016f71d4,MEM7000443,GRP1003,OakStreet-Southwest,602-62-9667,Mark,Garcia,1961-07-25,M,+18613269619,7906 Washington Ave,Apt 853,Dallas,TX,75201,USA,"7906 Washington Ave Apt 853, Dallas, TX 75201, USA",PCP0108,Active,EHR,P00443,ING-PAT-20261005-00443,2026-10-05T10:20:09,2026-10-05T10:22:09,2025-03-26T10:22:09,2026-10-05T10:22:09,2026-10-05T06:37:09,6eb2c99d726d815909273edd7a06064bfa632f348d0f78b31fdf22ba1c034e85,CURRENT,True
100444,P00444,178488df12efcc01988dd2ea2bfc0d2dc326627128b8beb3001f111f76b981ba,MEM7000444,GRP1004,OakStreet-Central,828-62-5802,Jessica,Miller,1984-10-12,F,+15113491083,3240 Lake Ave,Apt 619,Houston,TX,77002,USA,"3240 Lake Ave Apt 619, Houston, TX 77002, USA",PCP0034,Inactive,EHR,P00444,ING-PAT-20261005-00444,2026-10-05T10:20:12,2026-10-05T10:22:12,2025-04-08T10:22:12,2026-10-05T10:22:12,2026-10-05T10:17:12,69132bca7bf510e3096834bcbd6af2438c367e6701d27c49e92c9720c91a4d79,CURRENT,True
100445,P00445,5336361a73ad4e64d792a5f62459703187bfa0a39a879ee483572b75dbe11389,MEM7000445,GRP1005,OakStreet-South,400-17-9433,John,Walker,1982-06-10,F,+19805449754,2740 Market Ave,,Phoenix,AZ,85004,USA,"2740 Market Ave, Phoenix, AZ 85004, USA",PCP0087,Active,EHR,P00445,ING-PAT-20261005-00445,2026-10-05T10:20:15,2026-10-05T10:22:15,2022-12-07T10:22:15,2026-10-05T10:22:15,2026-10-05T10:09:15,71a146fe07c2fd2da21382927ed73175977c8e50e320f128dadd893b8d707545,CURRENT,True
100446,P00446,d77075433e8a290e06fb3b3bfef42aa03c9540c94dcfeb9a100a9325f422a1ec,MEM7000446,GRP1006,OakStreet-East,790-21-2108,Margaret,Jones,1995-06-01,F,+14057107298,8037 Market St,,Houston,TX,77024,USA,"8037 Market St, Houston, TX 77024, USA",PCP0023,Active,EHR,P00446,ING-PAT-20261005-00446,2026-10-05T10:20:18,2026-10-05T10:22:18,2021-12-25T10:22:18,2026-10-05T10:22:18,2026-10-05T07:48:18,cf46df581382e4b8f6fee4254de7848f4a83f7445cf3233a36c2329f6c5f2393,CURRENT,True
100447,P00447,e42b2ce8e936348eb794892c4ab2c502b058fe7785aac69d57feedbca2bdc6d7,MEM7000447,GRP1007,OakStreet-Southwest,838-88-6406,Margaret,Moore,1990-04-26,M,+14562768477,5520 Lake Ave,Apt 883,Atlanta,GA,30303,USA,"5520 Lake Ave Apt 883, Atlanta, GA 30303, USA",PCP0026,Active,EHR,P00447,ING-PAT-20261005-00447,2026-10-05T10:20:21,2026-10-05T10:22:21,2023-12-05T10:22:21,2026-10-05T10:22:21,2026-10-05T08:02:21,d471861d0e482bae42a2264b0f4c9e8d1f04c9599ae4ff1e19c47ba686fb220a,CURRENT,True
100448,P00448,d38573784de8740f325fdc388fa1f9fe98f4445450b81946e387c7a56cf37e16,MEM7000448,GRP1008,OakStreet-Central,600-82-3410,David,Hernandez,1939-05-02,M,+17135449862,5493 Main Rd,Apt 532,Houston,TX,77002,USA,"5493 Main Rd Apt 532, Houston, TX 77002, USA",PCP0016,Active,EHR,P00448,ING-PAT-20261005-00448,2026-10-05T10:20:24,2026-10-05T10:22:24,2022-02-10T10:22:24,2026-10-05T10:22:24,2026-10-05T09:40:24,26c18f0a77ed478175fa05cd4b907351fada79a00bbaaea9f08dc05bc56fb400,CURRENT,True
100449,P00449,516e44819fe954d82e01535aaf523d1abb027146a4ea99aa114840ec37fe4537,MEM7000449,GRP1009,OakStreet-South,381-28-7735,Sarah,Williams,1997-07-04,M,+13982328622,5605 Main Ave,,Houston,TX,77024,USA,"5605 Main Ave, Houston, TX 77024, USA",PCP0115,Active,EHR,P00449,ING-PAT-20261005-00449,2026-10-05T10:20:27,2026-10-05T10:22:27,2022-11-29T10:22:27,2026-10-05T10:22:27,2026-10-05T07:37:27,215ff9f4cfda24eb265ccfa76ebee3b5e64105843145b37d12dc5daa17217c59,CURRENT,True
100450,P00450,7cd6dbe570970b6338d3f4739464639370167f29542ea7c084541bb83c1b6243,MEM7000450,GRP1010,OakStreet-East,508-57-3734,Thomas,White,1935-08-26,F,+19698963304,7327 Pine St,,Houston,TX,77024,USA,"7327 Pine St, Houston, TX 77024, USA",PCP0007,Active,EHR,P00450,ING-PAT-20261005-00450,2026-10-05T10:20:30,2026-10-05T10:22:30,2025-10-10T10:22:30,2026-10-05T10:22:30,2026-10-05T08:37:30,8de522cde27b51aae52f114bf1b3c8276aeda1ebf3df374dc7746fdb84509e4b,CURRENT,True
100451,P00451,bf765f0ff4476e5862e8d53f2568098904e53f4497e26ba16105c97d6afbbd72,MEM7000451,GRP1011,OakStreet-Southwest,567-21-9162,Daniel,Garcia,1971-03-10,M,+15459725834,9970 Washington Rd,,Austin,TX,78701,USA,"9970 Washington Rd, Austin, TX 78701, USA",PCP0019,Active,EHR,P00451,ING-PAT-20261005-00451,2026-10-05T10:20:33,2026-10-05T10:22:33,2022-12-22T10:22:33,2026-10-05T10:22:33,2026-10-05T07:57:33,37ce72d0bcebbea932a3e63cab9b1458673e2f7516077e6ea9fd821335d55eb1,CURRENT,True
100452,P00452,c82ef6ced0ce33769e449401df670d381adf9ee535d36e058a7fdbd1fb8abe4e,MEM7000452,GRP1012,OakStreet-Central,663-31-5531,Jennifer,Brown,1947-05-26,M,+15095098166,6800 Oak Blvd,,Phoenix,AZ,85004,USA,"6800 Oak Blvd, Phoenix, AZ 85004, USA",PCP0117,Active,EHR,P00452,ING-PAT-20261005-00452,2026-10-05T10:20:36,2026-10-05T10:22:36,2025-12-02T10:22:36,2026-10-05T10:22:36,2026-10-05T07:33:36,1b611ee74ac1111561e72e57b7a4e703d9704c30ed4c19c0850e29a317a8a4e3,CURRENT,True
100453,P00453,c19b34ba3812a58c08eade3ae58b58fa535b9b4361ed4af8439c17ba726356c8,MEM7000453,GRP1013,OakStreet-South,592-85-4754,Robert,Jackson,1971-01-13,M,+13274958696,9956 Oak St,,San Antonio,TX,78205,USA,"9956 Oak St, San Antonio, TX 78205, USA",PCP0048,Active,EHR,P00453,ING-PAT-20261005-00453,2026-10-05T10:20:39,2026-10-05T10:22:39,2022-02-04T10:22:39,2026-10-05T10:22:39,2026-10-05T10:19:39,3144f0ad904a33f440f5ee3cd4f9a844cd91959d69ba20c8512c909aae886a90,CURRENT,True
100454,P00454,aee6077fe16e3f441d3ca814973920e05299d4e077006655f3c78d07646530c8,MEM7000454,GRP1014,OakStreet-East,857-49-8707,Steven,Martin,1967-10-12,F,+19026061856,2908 Park Rd,,Houston,TX,77005,USA,"2908 Park Rd, Houston, TX 77005, USA",PCP0080,Active,EHR,P00454,ING-PAT-20261005-00454,2026-10-05T10:20:42,2026-10-05T10:22:42,2022-05-24T10:22:42,2026-10-05T10:22:42,2026-10-05T07:09:42,46d7de4603ed41d9eb60c311ef9f43a798317c4bdc7665801482a1bf6e8505bb,CURRENT,True
100455,P00455,944c46fcdf28fd4841ce8da2b276833edc88a48c9db084fd70a4cbd6ce1ee255,MEM7000455,GRP1015,OakStreet-Southwest,582-90-0841,Michael,Brown,2001-12-14,F,+12537952819,9984 Market Blvd,,San Antonio,TX,78205,USA,"9984 Market Blvd, San Antonio, TX 78205, USA",PCP0036,Active,EHR,P00455,ING-PAT-20261005-00455,2026-10-05T10:20:45,2026-10-05T10:22:45,2021-12-27T10:22:45,2026-10-05T10:22:45,2026-10-05T09:16:45,f59f676399defe27939ae2c337a2f0486c1497c53630c6c359b6eba2b4621a47,CURRENT,True
100456,P00456,71b7b9ebf7b39d53757bf24858648b32184a6938123b5606d79ab9c317c78c02,MEM7000456,GRP1016,OakStreet-Central,732-65-9884,Betty,Anderson,1975-02-13,F,+17144126249,9267 Oak Ave,,Houston,TX,77024,USA,"9267 Oak Ave, Houston, TX 77024, USA",PCP0009,Active,EHR,P00456,ING-PAT-20261005-00456,2026-10-05T10:20:48,2026-10-05T10:22:48,2023-07-28T10:22:48,2026-10-05T10:22:48,2026-10-05T09:01:48,d7decb7b8df4d7b0f5ae46adaaeb9d6b3222c3c7a59a0c399e34ade05126520b,CURRENT,True
100457,P00457,5fd71c044a0ce48d22de519548f50423cdaa4c98d9b4397040e43d8b8faa95ec,MEM7000457,GRP1017,OakStreet-South,487-80-8334,Charles,Sanchez,1995-03-06,F,+13082335668,903 Main Blvd,,Houston,TX,77002,USA,"903 Main Blvd, Houston, TX 77002, USA",PCP0093,Active,EHR,P00457,ING-PAT-20261005-00457,2026-10-05T10:20:51,2026-10-05T10:22:51,2024-12-02T10:22:51,2026-10-05T10:22:51,2026-10-05T08:27:51,d13e0dbecba3bf02dbe63024e93a07bc27d2d1b37effa9f2f90a652cf7282439,CURRENT,True
100458,P00458,4fc9243342aa1cdd6df095f6f195c096b6b1f6e547e155d7f4689ad0effab247,MEM7000458,GRP1018,OakStreet-East,386-54-5293,Richard,Rodriguez,1947-05-20,M,+16719727945,1955 Park Blvd,,San Antonio,TX,78205,USA,"1955 Park Blvd, San Antonio, TX 78205, USA",PCP0037,Active,EHR,P00458,ING-PAT-20261005-00458,2026-10-05T10:20:54,2026-10-05T10:22:54,2025-07-14T10:22:54,2026-10-05T10:22:54,2026-10-05T08:34:54,7811847e58e661a4c4dc931eef793759bd1bcb078823b3cc893e567182070ae4,CURRENT,True
100459,P00459,447d6ee77a6356f181e8e7a5f1bd60d25e5b39f4efc5b89feb4f6ded93b73f47,MEM7000459,GRP1019,OakStreet-Southwest,575-25-4793,James,Robinson,1986-09-15,M,+12504926171,7308 Market Rd,,Orlando,FL,32801,USA,"7308 Market Rd, Orlando, FL 32801, USA",PCP0038,Active,EHR,P00459,ING-PAT-20261005-00459,2026-10-05T10:20:57,2026-10-05T10:22:57,2023-08-16T10:22:57,2026-10-05T10:22:57,2026-10-05T07:25:57,2f1f8262f2059dde139a53d8c1e7529032110b36105e18014e2f77837f7bee02,CURRENT,True
100460,P00460,3c4d28bfd9cae38a72f7901adb2445a96bccf1b6c6db186f08570936cf23e3a8,MEM7000460,GRP1020,OakStreet-Central,838-43-2264,Patricia,Williams,1973-08-01,M,+16278987804,4249 Park Blvd,Apt 101,Houston,TX,77024,USA,"4249 Park Blvd Apt 101, Houston, TX 77024, USA",PCP0001,Active,EHR,P00460,ING-PAT-20261005-00460,2026-10-05T10:21:00,2026-10-05T10:23:00,2023-01-24T10:23:00,2026-10-05T10:23:00,2026-10-05T08:40:00,88c924d3c0bb9770da55cc8a3c5a71c09395971d961d98166d1b69aa26c8478b,CURRENT,True
100461,P00461,c4780c3d3b95ca83c9722e40beb2dca188df08188ce252e595e46c0479c04734,MEM7000461,GRP1021,OakStreet-South,786-14-1463,Daniel,Lee,1973-01-15,M,+13395867239,3426 Main St,,Dallas,TX,75201,USA,"3426 Main St, Dallas, TX 75201, USA",PCP0011,Active,EHR,P00461,ING-PAT-20261005-00461,2026-10-05T10:21:03,2026-10-05T10:23:03,2022-09-11T10:23:03,2026-10-05T10:23:03,2026-10-05T10:12:03,a107fa2de4f514bc65086459273cb786cd1cb50d159be23b5d6449e3c85be768,CURRENT,True
100462,P00462,579147b8c69ddf7e6316de63aef2724079aa19f904dae0e0a03a7763dced0fee,MEM7000462,GRP1022,OakStreet-East,263-13-5497,Betty,Garcia,1999-02-08,F,+15606115361,944 Oak Ave,Apt 95,San Antonio,TX,78205,USA,"944 Oak Ave Apt 95, San Antonio, TX 78205, USA",PCP0021,Active,EHR,P00462,ING-PAT-20261005-00462,2026-10-05T10:21:06,2026-10-05T10:23:06,2022-09-23T10:23:06,2026-10-05T10:23:06,2026-10-05T09:13:06,de12d221ba64f5a1af3fd8d8d8c6c95d44b4bfcbe8218b61ea8625f4ca145322,CURRENT,True
100463,P00463,1ffd44a1f537d3fb4ce32874593acf63f5c5f576b2ef5727f600c537b717a01c,MEM7000463,GRP1023,OakStreet-Southwest,352-71-8541,Mary,Martin,1972-01-06,M,+12823528962,8239 Market St,,Houston,TX,77002,USA,"8239 Market St, Houston, TX 77002, USA",PCP0001,Active,EHR,P00463,ING-PAT-20261005-00463,2026-10-05T10:21:09,2026-10-05T10:23:09,2025-11-27T10:23:09,2026-10-05T10:23:09,2026-10-05T09:02:09,79538f95097fc61a602bc4d59ec49ea803e82705dab1f5442f1586fbbf1cb14c,CURRENT,True
100464,P00464,a5bb5d30940c34609398cefd4657cadeab048ca3ba8de80bafe09b8fc3aefb2e,MEM7000464,GRP1024,OakStreet-Central,747-21-9698,Ashley,Robinson,2000-12-03,M,+15312619408,7703 Market St,,Houston,TX,77002,USA,"7703 Market St, Houston, TX 77002, USA",PCP0002,Active,EHR,P00464,ING-PAT-20261005-00464,2026-10-05T10:21:12,2026-10-05T10:23:12,2025-11-21T10:23:12,2026-10-05T10:23:12,2026-10-05T07:51:12,80b3e81ad721473b9a79ffe22ecb9963fd8176b8a0a76c68fa15b4f9c1bc1c72,CURRENT,True
100465,P00465,f974e58c5208eae185396ff3bc60e4b26627c37ab53f45d79f99a570ef11a813,MEM7000465,GRP1025,OakStreet-South,144-63-1527,William,Miller,1981-09-25,M,+12882526366,8176 Oak Rd,,San Antonio,TX,78205,USA,"8176 Oak Rd, San Antonio, TX 78205, USA",PCP0015,Active,EHR,P00465,ING-PAT-20261005-00465,2026-10-05T10:21:15,2026-10-05T10:23:15,2022-07-10T10:23:15,2026-10-05T10:23:15,2026-10-05T07:38:15,3e2a939b5625694b234b26d9d4ab6b39e3dc6ad699f7a6faa36900eb3490b10b,CURRENT,True
100466,P00466,ac7f7a179eb8a7f9e2fe30c1ff54ca6aebc363646fadb6b756f42b6b8930094c,MEM7000466,GRP1026,OakStreet-East,783-14-4436,James,Hernandez,1968-10-19,M,+14183823977,2310 Lake Rd,Apt 682,Orlando,FL,32801,USA,"2310 Lake Rd Apt 682, Orlando, FL 32801, USA",PCP0039,Active,EHR,P00466,ING-PAT-20261005-00466,2026-10-05T10:21:18,2026-10-05T10:23:18,2022-06-08T10:23:18,2026-10-05T10:23:18,2026-10-05T08:03:18,52631b8f64bc409519a21fc84264dea736e1ca4e1ea7bde346b64e58e28ec564,CURRENT,True
100467,P00467,d8d86beb5282a5502cab5239c26d4bffdeef2fdab4df2874ff65765f3eaec5e8,MEM7000467,GRP1027,OakStreet-Southwest,291-12-4405,Jessica,Martin,1945-06-07,F,+14805112524,213 Oak Rd,,Houston,TX,77024,USA,"213 Oak Rd, Houston, TX 77024, USA",PCP0037,Active,EHR,P00467,ING-PAT-20261005-00467,2026-10-05T10:21:21,2026-10-05T10:23:21,2022-12-05T10:23:21,2026-10-05T10:23:21,2026-10-05T08:48:21,e935b0027d8c72b24bcde28d7ed86f211fd20eb5a72a145bae6fc04304dcaa1b,CURRENT,True
100468,P00468,f318d4756c2e293f1ac9c4981f2ccc08fdccf953fb81dc54a5a3fdf11c1e9984,MEM7000468,GRP1028,OakStreet-Central,605-45-7300,Barbara,Smith,1951-01-02,M,+12409347709,7797 Pine St,,Phoenix,AZ,85004,USA,"7797 Pine St, Phoenix, AZ 85004, USA",PCP0085,Active,EHR,P00468,ING-PAT-20261005-00468,2026-10-05T10:21:24,2026-10-05T10:23:24,2021-11-05T10:23:24,2026-10-05T10:23:24,2026-10-05T09:08:24,5d88652d99d446a930c2a1d6475f9c2b15eacb1f7fc5cbce0dac7fe4b71537e7,CURRENT,True
100469,P00469,dde37a947282f46de834dcc1c3787db3829dfa181be56c57960b38d56b166e02,MEM7000469,GRP1029,OakStreet-South,494-39-0096,Daniel,Moore,1969-07-07,M,+19704164731,1919 Oak Rd,,Houston,TX,77005,USA,"1919 Oak Rd, Houston, TX 77005, USA",PCP0023,Active,EHR,P00469,ING-PAT-20261005-00469,2026-10-05T10:21:27,2026-10-05T10:23:27,2021-12-22T10:23:27,2026-10-05T10:23:27,2026-10-05T09:44:27,dc0436b7f4e2b6dca4c6ba19031d1ac704b2a2d61478f60ac7af4685e1ed90a7,CURRENT,True
100470,P00470,36c00aee8d50155c85755ae0c1aeef6b6e9ed92f161564c05ed6798c6d213870,MEM7000470,GRP1030,OakStreet-East,871-32-6302,James,White,1945-04-26,F,+18653204988,8838 Park Blvd,,Orlando,FL,32801,USA,"8838 Park Blvd, Orlando, FL 32801, USA",PCP0075,Active,EHR,P00470,ING-PAT-20261005-00470,2026-10-05T10:21:30,2026-10-05T10:23:30,2025-05-31T10:23:30,2026-10-05T10:23:30,2026-10-05T09:36:30,3b2b4bbff49f5ffba15d84d9a2ae3c7fdb001c0c459c6f8ed5fcf3505d6f26c3,CURRENT,True
100471,P00471,d3dd3ad778d0097ef48ca79f87d22c511779d3367e7f831fd0004488de36c28e,MEM7000471,GRP1031,OakStreet-Southwest,725-45-9079,Jennifer,Lee,1958-03-04,M,+16555236249,1778 Market Rd,Apt 425,Phoenix,AZ,85004,USA,"1778 Market Rd Apt 425, Phoenix, AZ 85004, USA",PCP0097,Active,EHR,P00471,ING-PAT-20261005-00471,2026-10-05T10:21:33,2026-10-05T10:23:33,2024-03-22T10:23:33,2026-10-05T10:23:33,2026-10-05T06:34:33,b90fb9c1162ae00a465dc22ce887e90e2fc52f55252446b2ea145227eb686b80,CURRENT,True
100472,P00472,2dbe599db9b1434257dc0587ee784eca14ce0dc43cf76184a0799ea8bdbf3040,MEM7000472,GRP1032,OakStreet-Central,201-26-5527,Elizabeth,Jones,1956-07-20,M,+16229289851,9806 Market St,,Houston,TX,77002,USA,"9806 Market St, Houston, TX 77002, USA",PCP0040,Active,EHR,P00472,ING-PAT-20261005-00472,2026-10-05T10:21:36,2026-10-05T10:23:36,2025-02-17T10:23:36,2026-10-05T10:23:36,2026-10-05T08:09:36,a7548dd701a4914c2dc0bf10418cfde431867a99a90ba82415c2f143927ebd01,CURRENT,True
100473,P00473,75d4c45cfea7dd15d74d2ab67ac2c72cff12851c6767c86692cf174e5b60a46a,MEM7000473,GRP1033,OakStreet-South,194-25-3442,Anthony,Lee,1974-05-23,F,+16304683142,134 Oak Rd,,Dallas,TX,75201,USA,"134 Oak Rd, Dallas, TX 75201, USA",PCP0037,Active,EHR,P00473,ING-PAT-20261005-00473,2026-10-05T10:21:39,2026-10-05T10:23:39,2022-04-21T10:23:39,2026-10-05T10:23:39,2026-10-05T08:48:39,a112215b88a5b07adb863d4e53fdbfe66cdac3a024cedd2bba9f4aad0b6bff07,CURRENT,True
100474,P00474,e9a38d3c663614b013c3a9aee8d15c07857649d8d82bd188ca7855a56483a369,MEM7000474,GRP1034,OakStreet-East,530-40-9225,Joseph,Perez,1980-05-18,F,+18567151242,663 Lake Ave,,Houston,TX,77024,USA,"663 Lake Ave, Houston, TX 77024, USA",PCP0029,Active,EHR,P00474,ING-PAT-20261005-00474,2026-10-05T10:21:42,2026-10-05T10:23:42,2023-08-06T10:23:42,2026-10-05T10:23:42,2026-10-05T08:02:42,63fddac7bfc1cbb6301a7a3a9dc856f7a5f2213e2346502d83314a8910c2600b,CURRENT,True
100475,P00475,885294dbd95f7fd9ef0611817e6ae3620169cbde7ddbee8a3241283121dd15fc,MEM7000475,GRP1035,OakStreet-Southwest,450-64-9794,David,Clark,1998-10-06,M,+19302729022,9439 Pine St,,Orlando,FL,32801,USA,"9439 Pine St, Orlando, FL 32801, USA",PCP0099,Active,EHR,P00475,ING-PAT-20261005-00475,2026-10-05T10:21:45,2026-10-05T10:23:45,2025-10-03T10:23:45,2026-10-05T10:23:45,2026-10-05T06:34:45,82c882336f53e7ba625f887429841cee3033837dcb789dd10db5e6f07ba06a3c,CURRENT,True
100476,P00476,e994fb89df590245ca5cc2afb155efa94af2613c7d0c162d9063f16e0a425fb8,MEM7000476,GRP1036,OakStreet-Central,876-28-0702,Lisa,Perez,1974-02-03,F,+19062406972,709 Park Blvd,Apt 576,Houston,TX,77005,USA,"709 Park Blvd Apt 576, Houston, TX 77005, USA",PCP0019,Active,EHR,P00476,ING-PAT-20261005-00476,2026-10-05T10:21:48,2026-10-05T10:23:48,2024-06-18T10:23:48,2026-10-05T10:23:48,2026-10-05T06:43:48,9273125835b50bdf59044eff14d79ac11096266ff003f8b4c9c7427fbe5cac0e,CURRENT,True
100477,P00477,ee6ebfa3c294d0044b8eb44500d2eefe5d2f54929ddeaf381b2678c82f9ec6c2,MEM7000477,GRP1037,OakStreet-South,744-43-3623,Susan,Walker,2002-10-22,M,+16816546639,1320 Market Rd,,Austin,TX,78701,USA,"1320 Market Rd, Austin, TX 78701, USA",PCP0101,Active,EHR,P00477,ING-PAT-20261005-00477,2026-10-05T10:21:51,2026-10-05T10:23:51,2023-06-09T10:23:51,2026-10-05T10:23:51,2026-10-05T07:49:51,2e77c156d21abf7eb62f1d892fc908612f58f43a3f01a0d9ec939e0bc4ee5bcc,CURRENT,True
100478,P00478,0a9d8c120a45d96b54df315b26dd6959a88bf91c06580a471ec3fa60a266339f,MEM7000478,GRP1038,OakStreet-East,398-58-7645,Lisa,Martin,2004-02-20,M,+14354715534,7371 Market Rd,,Chicago,IL,60601,USA,"7371 Market Rd, Chicago, IL 60601, USA",PCP0026,Active,EHR,P00478,ING-PAT-20261005-00478,2026-10-05T10:21:54,2026-10-05T10:23:54,2022-03-18T10:23:54,2026-10-05T10:23:54,2026-10-05T09:26:54,179bb6eba79206613fd5e74d6a72e8ecc9991d6457b1b46317ce6133d2c0a8c0,CURRENT,True
100479,P00479,628bbed7a4da6d88d94db246877990610f9c0ce15dbf64ced64de7eb71f15b65,MEM7000479,GRP1039,OakStreet-Southwest,619-73-4833,Jessica,Hernandez,1991-12-01,F,+18749382280,7270 Park Blvd,,Dallas,TX,75201,USA,"7270 Park Blvd, Dallas, TX 75201, USA",PCP0009,Active,EHR,P00479,ING-PAT-20261005-00479,2026-10-05T10:21:57,2026-10-05T10:23:57,2024-05-25T10:23:57,2026-10-05T10:23:57,2026-10-05T10:07:57,59a029087101ee95765a9f90aff52f9a6067ab5a3d929043982655b57618f5f7,CURRENT,True
100480,P00480,c0b5d2fca9318d6c6dde170cadde529d96f3e34ded116a1626e41d9fddd435cc,MEM7000480,GRP1000,OakStreet-Central,556-44-7091,Anthony,Martin,1978-02-03,F,+15075956337,135 Washington Blvd,,Austin,TX,78701,USA,"135 Washington Blvd, Austin, TX 78701, USA",PCP0021,Active,EHR,P00480,ING-PAT-20261005-00480,2026-10-05T10:22:00,2026-10-05T10:24:00,2023-11-18T10:24:00,2026-10-05T10:24:00,2026-10-05T07:32:00,fe114333ef80610618f3b5fc30d93701df600117463f09f40d4d2389a90eb7dd,CURRENT,True
100481,P00481,a3b3a898cec917e2fd299c552bb4370f20293133e7c901de4ffb5bdb19b4341a,MEM7000481,GRP1001,OakStreet-South,607-89-0168,Joseph,Gonzalez,1950-06-03,M,+16425266915,5313 Market Ave,,Austin,TX,78701,USA,"5313 Market Ave, Austin, TX 78701, USA",PCP0068,Active,EHR,P00481,ING-PAT-20261005-00481,2026-10-05T10:22:03,2026-10-05T10:24:03,2023-03-07T10:24:03,2026-10-05T10:24:03,2026-10-05T07:04:03,055dd6b7b551e640bc640e874796e67610908f907453b97514c1d24255ae17d3,CURRENT,True
100482,P00482,b16b46f16b00d7ae7bb2f12589e304f8382df59aae65e00673c2d3ae57422ff8,MEM7000482,GRP1002,OakStreet-East,708-99-3586,Elizabeth,Martin,1954-12-10,M,+14035676982,4196 Oak Rd,,Phoenix,AZ,85004,USA,"4196 Oak Rd, Phoenix, AZ 85004, USA",PCP0074,Active,EHR,P00482,ING-PAT-20261005-00482,2026-10-05T10:22:06,2026-10-05T10:24:06,2024-05-17T10:24:06,2026-10-05T10:24:06,2026-10-05T06:58:06,a13baada2fcc75ca362b9a8d1af02510dd5541c89071e1d80fcfdfef9990a02e,CURRENT,True
100483,P00483,34d489683840cbec3bbaf7c85ec2aee0053bc213b47b33a6784583a7efe8d696,MEM7000483,GRP1003,OakStreet-Southwest,448-18-5239,Richard,Lee,1970-11-22,M,+14772579777,3032 Oak Blvd,,Phoenix,AZ,85004,USA,"3032 Oak Blvd, Phoenix, AZ 85004, USA",PCP0031,Active,EHR,P00483,ING-PAT-20261005-00483,2026-10-05T10:22:09,2026-10-05T10:24:09,2024-11-29T10:24:09,2026-10-05T10:24:09,2026-10-05T07:56:09,c02110b8cebef796ad728bd3f0ff48c468ece73f5da27d4ca0980e67615a500a,CURRENT,True
100484,P00484,393f05b4883365f6f7977dec9bb2e3b3ab7814749bc0d4a2aba82e793d24eb91,MEM7000484,GRP1004,OakStreet-Central,834-65-6965,Betty,Lopez,1952-02-03,F,+13394283625,1680 Market St,,Atlanta,GA,30303,USA,"1680 Market St, Atlanta, GA 30303, USA",PCP0051,Active,EHR,P00484,ING-PAT-20261005-00484,2026-10-05T10:22:12,2026-10-05T10:24:12,2022-04-07T10:24:12,2026-10-05T10:24:12,2026-10-05T08:10:12,2d86c178d2160e54be1d59c1b946a6824f5bb1fe90e33e2c9185200a5ba6381c,CURRENT,True
100485,P00485,40cbb99429d508c8677c9fc6e664348034197166300e0695ffd8a88a10f87a80,MEM7000485,GRP1005,OakStreet-South,531-99-6100,Jennifer,Lopez,1988-01-27,F,+17875484281,217 Market Ave,,Chicago,IL,60601,USA,"217 Market Ave, Chicago, IL 60601, USA",PCP0036,Active,EHR,P00485,ING-PAT-20261005-00485,2026-10-05T10:22:15,2026-10-05T10:24:15,2022-03-02T10:24:15,2026-10-05T10:24:15,2026-10-05T09:31:15,a24998cf45586a6cbcc458c4e9f51ef6e6c51603b57facf0561bd175d4c610ce,CURRENT,True
100486,P00486,f66f9df945855a0709f8d63833a2332fdd213898c82e805e08c9660f6199263c,MEM7000486,GRP1006,OakStreet-East,561-16-2745,Betty,White,2003-06-14,F,+15762935710,3862 Washington Ave,,Dallas,TX,75201,USA,"3862 Washington Ave, Dallas, TX 75201, USA",PCP0009,Active,EHR,P00486,ING-PAT-20261005-00486,2026-10-05T10:22:18,2026-10-05T10:24:18,2022-09-02T10:24:18,2026-10-05T10:24:18,2026-10-05T07:17:18,d7d1aea6a2efadd4a730853e38ec7755813927053d48ad6144a7fe0f4d6d21b5,CURRENT,True
100487,P00487,d1d3d29c0d3929791d32bf0b13dc0bd736f6e4577fe8a18a3c322817704b643a,MEM7000487,GRP1007,OakStreet-Southwest,471-85-4395,Barbara,Jackson,1950-03-19,F,+17803692100,4150 Market Blvd,,San Antonio,TX,78205,USA,"4150 Market Blvd, San Antonio, TX 78205, USA",PCP0086,Active,EHR,P00487,ING-PAT-20261005-00487,2026-10-05T10:22:21,2026-10-05T10:24:21,2023-04-02T10:24:21,2026-10-05T10:24:21,2026-10-05T09:15:21,61f87239fa77f354a3957c4ef5bad403cac6f2f6b27cdfdf5120422b578c8b91,CURRENT,True
100488,P00488,db6a041d3805e98cb40cfabc6131bcc7705adef26bafbe0a8ed819c0ca3f373c,MEM7000488,GRP1008,OakStreet-Central,896-64-9492,Betty,Lopez,1960-02-01,F,+12038965993,1188 Market Ave,,Houston,TX,77005,USA,"1188 Market Ave, Houston, TX 77005, USA",PCP0116,Active,EHR,P00488,ING-PAT-20261005-00488,2026-10-05T10:22:24,2026-10-05T10:24:24,2024-05-16T10:24:24,2026-10-05T10:24:24,2026-10-05T08:30:24,64b38538124c04223546960a098327d05aacd331c4fe9d9e28910b637d6d7135,CURRENT,True
100489,P00489,d30f010d219e6515eb2c21ce6258c23dc5b1a11c7037eade9d179123401e74b9,MEM7000489,GRP1009,OakStreet-South,677-36-7354,David,Clark,1950-01-11,F,+18364197608,9276 Main Blvd,Apt 64,Chicago,IL,60601,USA,"9276 Main Blvd Apt 64, Chicago, IL 60601, USA",PCP0077,Active,EHR,P00489,ING-PAT-20261005-00489,2026-10-05T10:22:27,2026-10-05T10:24:27,2023-09-27T10:24:27,2026-10-05T10:24:27,2026-10-05T07:16:27,52bf4f37bacc39b1ded3ab4baaba7579ec7bd02112f1c3d34336f7273e5006fd,CURRENT,True
100490,P00490,76ff3fad839a71ecfe4b1b0d588fa9fd7173c5317dc3b990f7653d61e7408168,MEM7000490,GRP1010,OakStreet-East,578-23-9916,Matthew,Jackson,1946-09-26,F,+13553132187,1616 Oak Rd,,Houston,TX,77005,USA,"1616 Oak Rd, Houston, TX 77005, USA",PCP0014,Active,EHR,P00490,ING-PAT-20261005-00490,2026-10-05T10:22:30,2026-10-05T10:24:30,2025-03-05T10:24:30,2026-10-05T10:24:30,2026-10-05T06:32:30,fc55f53fa52a14067b1c118b4eb0455a44d4d93f4a7cf7389ce0a383ae0984dd,CURRENT,True
100491,P00491,ee39931d244433a93bc1a8b55f6ee6fe5b4877fac035b9432605ce0891b9783f,MEM7000491,GRP1011,OakStreet-Southwest,483-53-4930,James,Martinez,1979-06-01,F,+14548518074,7709 Main Ave,,Austin,TX,78701,USA,"7709 Main Ave, Austin, TX 78701, USA",PCP0092,Active,EHR,P00491,ING-PAT-20261005-00491,2026-10-05T10:22:33,2026-10-05T10:24:33,2023-06-26T10:24:33,2026-10-05T10:24:33,2026-10-05T07:17:33,66eb8cfb4e03fba6414a6ae29854ad24fc51bc5e2e2c9c03bf7dd4d9d40c3d04,CURRENT,True
100492,P00492,13ca9d1b062d617798f1e955a01f1fa9aa730b22be631a5359f0a4d7d42bd953,MEM7000492,GRP1012,OakStreet-Central,562-30-3855,Matthew,Jackson,1970-11-01,M,+16204498031,2812 Main Ave,,Austin,TX,78701,USA,"2812 Main Ave, Austin, TX 78701, USA",PCP0017,Active,EHR,P00492,ING-PAT-20261005-00492,2026-10-05T10:22:36,2026-10-05T10:24:36,2022-02-21T10:24:36,2026-10-05T10:24:36,2026-10-05T08:09:36,3979e8a52261c5ca5d1dc4c66033c2bb79cb329e6965cea3c740622b71d9c412,CURRENT,True
100493,P00493,4ab2e5069defb309358c865ff2a07102fa444263fc0f276d2fbf53d88e146443,MEM7000493,GRP1013,OakStreet-South,899-28-4818,James,Johnson,1981-01-26,F,+19504907650,3910 Washington Ave,,Atlanta,GA,30303,USA,"3910 Washington Ave, Atlanta, GA 30303, USA",PCP0057,Active,EHR,P00493,ING-PAT-20261005-00493,2026-10-05T10:22:39,2026-10-05T10:24:39,2024-03-02T10:24:39,2026-10-05T10:24:39,2026-10-05T07:43:39,d9c7c26613cc030e4b102fae0c8b45acbe4392be11728633e1fb8726e5e35093,CURRENT,True
100494,P00494,930a9fdbfcde87abf40ac3289804587bc5bad63a6786421e42d3f0cc3a6cd227,MEM7000494,GRP1014,OakStreet-East,649-94-7061,Jennifer,Wilson,1947-12-11,M,+16637193471,1215 Lake Rd,,Orlando,FL,32801,USA,"1215 Lake Rd, Orlando, FL 32801, USA",PCP0029,Active,EHR,P00494,ING-PAT-20261005-00494,2026-10-05T10:22:42,2026-10-05T10:24:42,2024-09-27T10:24:42,2026-10-05T10:24:42,2026-10-05T06:49:42,8fb40dfdc15b3836f9cc17e5254b8e3be001919967e8a05c826de383376325e1,CURRENT,True
100495,P00495,0b8aa8d22c4c8e41ccadfc1892b6202920987ce08be946e6b2388c6d89138feb,MEM7000495,GRP1015,OakStreet-Southwest,663-58-8691,John,Perez,1973-01-04,F,+12426226486,8935 Main Blvd,,Houston,TX,77005,USA,"8935 Main Blvd, Houston, TX 77005, USA",PCP0051,Active,EHR,P00495,ING-PAT-20261005-00495,2026-10-05T10:22:45,2026-10-05T10:24:45,2025-02-15T10:24:45,2026-10-05T10:24:45,2026-10-05T08:52:45,65a7dc30dc041e2845f2c1f38d28d5c5325597a92d4df0062a5255df8ab61264,CURRENT,True
100496,P00496,dd669edc6b7efbd042fc92e73f364df784939cf27e0d68e5ee375976221cb520,MEM7000496,GRP1016,OakStreet-Central,693-59-0415,Patricia,Smith,1948-06-14,M,+13125871826,6668 Washington Ave,,Houston,TX,77002,USA,"6668 Washington Ave, Houston, TX 77002, USA",PCP0077,Active,EHR,P00496,ING-PAT-20261005-00496,2026-10-05T10:22:48,2026-10-05T10:24:48,2025-01-19T10:24:48,2026-10-05T10:24:48,2026-10-05T06:35:48,289338a567784ba667fbae3cc4c6310d66794e2754096dc99e74d79ba32f7d38,CURRENT,True
100497,P00497,0a625ee13d3fcaf8d18a45b65fdfb1954b53a8eca378535478045de7284f8860,MEM7000497,GRP1017,OakStreet-South,697-23-8460,David,Miller,1967-03-03,F,+19562488106,8904 Washington Rd,,Houston,TX,77005,USA,"8904 Washington Rd, Houston, TX 77005, USA",PCP0073,Active,EHR,P00497,ING-PAT-20261005-00497,2026-10-05T10:22:51,2026-10-05T10:24:51,2025-10-31T10:24:51,2026-10-05T10:24:51,2026-10-05T08:04:51,e7b025d70d3bcb5e95b0323bce566f5c42ba2d8fd1e0c93a24ea82133d28796f,CURRENT,True
100498,P00498,9b9e43fee9f10deb3c60148a702bf9d2c766af7b00a69567bec539af93edb3a3,MEM7000498,GRP1018,OakStreet-East,886-12-4188,Barbara,Robinson,1996-08-06,F,+16219688558,6573 Oak Blvd,,Chicago,IL,60601,USA,"6573 Oak Blvd, Chicago, IL 60601, USA",PCP0110,Active,EHR,P00498,ING-PAT-20261005-00498,2026-10-05T10:22:54,2026-10-05T10:24:54,2024-07-03T10:24:54,2026-10-05T10:24:54,2026-10-05T07:16:54,800d9e63cd6a6ed2182c0dba46349a3e75481a4f3d48a1be61f5bb84e330eedb,CURRENT,True
100499,P00499,ebd9557ddf301dd185a5cd93daa2c04985a7e644b98e6609851e38eba8c89d33,MEM7000499,GRP1019,OakStreet-Southwest,655-34-0172,Sarah,Moore,1953-06-23,M,+16816511416,2148 Lake Ave,,Houston,TX,77002,USA,"2148 Lake Ave, Houston, TX 77002, USA",PCP0065,Active,EHR,P00499,ING-PAT-20261005-00499,2026-10-05T10:22:57,2026-10-05T10:24:57,2021-12-11T10:24:57,2026-10-05T10:24:57,2026-10-05T07:54:57,180cff3260bbfe47a2cf908ceff165f8d4bf248ffcbd71f13f48b8f098ab115d,CURRENT,True
100500,P00500,9b3644faf6110fa62b99d6d821be4a0bef1c1efa63bc121d0d72b0212bb6acf2,MEM7000500,GRP1020,OakStreet-Central,893-90-0895,Daniel,Jackson,1947-02-10,M,+19694973177,7226 Oak St,,Atlanta,GA,30303,USA,"7226 Oak St, Atlanta, GA 30303, USA",PCP0061,Active,EHR,P00500,ING-PAT-20261005-00500,2026-10-05T10:23:00,2026-10-05T10:25:00,2025-03-15T10:25:00,2026-10-05T10:25:00,2026-10-05T07:14:00,c1f5d5a36c3968803f2eb328c94c2abd5462d58ccf42246d9feab1bbb0b03a49,CURRENT,True
100501,P00501,f7f481d664cc8bda603f8e253a71fa067a6ef1ce3dce217a840a0199faad802c,MEM7000501,GRP1021,OakStreet-South,255-36-1131,John,Brown,1979-07-19,F,+17845387258,8775 Lake Ave,,Orlando,FL,32801,USA,"8775 Lake Ave, Orlando, FL 32801, USA",PCP0104,Active,EHR,P00501,ING-PAT-20261005-00501,2026-10-05T10:23:03,2026-10-05T10:25:03,2025-03-06T10:25:03,2026-10-05T10:25:03,2026-10-05T08:02:03,81d02a4b5cf872a0d8208b8120e4d0dc2686902e3b09f86fa1807c1e34d8bdd6,CURRENT,True
100502,P00502,10129e3387449dd088f988ad1bb026f751075c491a6d572863c6579679e2f507,MEM7000502,GRP1022,OakStreet-East,215-48-2505,John,White,1987-01-06,M,+12366123671,1096 Main Rd,,Houston,TX,77005,USA,"1096 Main Rd, Houston, TX 77005, USA",PCP0005,Active,EHR,P00502,ING-PAT-20261005-00502,2026-10-05T10:23:06,2026-10-05T10:25:06,2024-04-25T10:25:06,2026-10-05T10:25:06,2026-10-05T09:09:06,09ed8b3722308a821ca67b3581d2d8d1a1fa7610bfe7015b6484732a0edf490f,CURRENT,True
100503,P00503,a01687a765f59c74341a5f1dec7c40f997a596877cc991345d51774745670997,MEM7000503,GRP1023,OakStreet-Southwest,556-69-3827,Mark,Lewis,1992-04-25,F,+16444995533,9381 Main St,Apt 944,Atlanta,GA,30303,USA,"9381 Main St Apt 944, Atlanta, GA 30303, USA",PCP0074,Active,EHR,P00503,ING-PAT-20261005-00503,2026-10-05T10:23:09,2026-10-05T10:25:09,2021-11-30T10:25:09,2026-10-05T10:25:09,2026-10-05T07:03:09,ff34a3e783b062aff282b391b0a3d929c65cc445d67595e571ab7082fc0d1602,CURRENT,True
100504,P00504,e2029cf5b9681f0f0e337fb112727cc39d9bab969a5ad487f61833c658fbfd7d,MEM7000504,GRP1024,OakStreet-Central,356-84-8041,Lisa,Johnson,1986-09-16,F,+15502962591,8982 Pine St,Apt 674,Phoenix,AZ,85004,USA,"8982 Pine St Apt 674, Phoenix, AZ 85004, USA",PCP0115,Active,EHR,P00504,ING-PAT-20261005-00504,2026-10-05T10:23:12,2026-10-05T10:25:12,2025-02-06T10:25:12,2026-10-05T10:25:12,2026-10-05T10:17:12,9ee3a9d5f738ef0eb890c968811f9d906baaa6cff4d1edf3325258b77a65ef11,CURRENT,True
100505,P00505,eea0177e78f8efbc4870057af215b4d2e416cdede35396a356e4b60b8166c4a2,MEM7000505,GRP1025,OakStreet-South,657-60-4208,Thomas,Smith,1978-01-24,M,+19597249377,406 Park St,Apt 365,Houston,TX,77005,USA,"406 Park St Apt 365, Houston, TX 77005, USA",PCP0098,Active,EHR,P00505,ING-PAT-20261005-00505,2026-10-05T10:23:15,2026-10-05T10:25:15,2024-11-19T10:25:15,2026-10-05T10:25:15,2026-10-05T08:57:15,159efa9c99c51e104f21562179a2422e9130469bd17305816f35f9f811ec30bd,CURRENT,True
100506,P00506,018a84aaf11b913079d8587367808f22573242fe35ae83ed16843e4323cee559,MEM7000506,GRP1026,OakStreet-East,182-53-1487,Matthew,Rodriguez,1942-01-02,M,+16772239806,6613 Park Ave,,Houston,TX,77002,USA,"6613 Park Ave, Houston, TX 77002, USA",PCP0088,Active,EHR,P00506,ING-PAT-20261005-00506,2026-10-05T10:23:18,2026-10-05T10:25:18,2022-11-20T10:25:18,2026-10-05T10:25:18,2026-10-05T09:09:18,747400a5163db7ec9fe35ae167aeb6ddc06c7046bcc01c921a68b50e0af1754e,CURRENT,True
100507,P00507,c265514a168bfc521e7788aef94907d4946246a40d1d7f6527ca2d66320dd272,MEM7000507,GRP1027,OakStreet-Southwest,259-55-8332,Michael,Rodriguez,1982-02-14,M,+12053376195,1056 Market Ave,,Atlanta,GA,30303,USA,"1056 Market Ave, Atlanta, GA 30303, USA",PCP0061,Active,EHR,P00507,ING-PAT-20261005-00507,2026-10-05T10:23:21,2026-10-05T10:25:21,2025-03-14T10:25:21,2026-10-05T10:25:21,2026-10-05T07:43:21,43eb1e0813a19f246fbf1598f8ca069402d4b661dea99cc4b2d9e8139affb588,CURRENT,True
100508,P00508,c0ce330dec4d610c2d09cae4ed6fc8236a8a94cc3081f5c2f967c34be4351e7b,MEM7000508,GRP1028,OakStreet-Central,457-87-8083,Susan,Walker,1953-10-27,M,+12359447830,7329 Pine Rd,,Houston,TX,77005,USA,"7329 Pine Rd, Houston, TX 77005, USA",PCP0050,Active,EHR,P00508,ING-PAT-20261005-00508,2026-10-05T10:23:24,2026-10-05T10:25:24,2024-08-05T10:25:24,2026-10-05T10:25:24,2026-10-05T06:44:24,64e559a297592ac60f0ae020d79ecc0d9e210af399225a3801fb9facc8bb3beb,CURRENT,True
100509,P00509,ae2ae09aa3ef7c1cba485ffca92aa52f42940da7b3426c86ec00b8b908a98170,MEM7000509,GRP1029,OakStreet-South,405-12-7638,Daniel,Johnson,1977-05-17,F,+14547028096,3488 Market Rd,,Chicago,IL,60601,USA,"3488 Market Rd, Chicago, IL 60601, USA",PCP0011,Active,EHR,P00509,ING-PAT-20261005-00509,2026-10-05T10:23:27,2026-10-05T10:25:27,2022-04-13T10:25:27,2026-10-05T10:25:27,2026-10-05T07:37:27,21d55b51cddfcb5d2f454dc7d350496ba2548cec91060ebb277fb9c64d7ac439,CURRENT,True
100510,P00510,ff9d86c2e5c415f5b6291bc10026f89fbcef9f75a3e084d6502b70cce49ed040,MEM7000510,GRP1030,OakStreet-East,142-63-7865,Steven,Lewis,1962-11-09,F,+16917194456,5552 Lake Ave,Apt 752,Houston,TX,77024,USA,"5552 Lake Ave Apt 752, Houston, TX 77024, USA",PCP0022,Active,EHR,P00510,ING-PAT-20261005-00510,2026-10-05T10:23:30,2026-10-05T10:25:30,2025-02-11T10:25:30,2026-10-05T10:25:30,2026-10-05T08:23:30,62c38925456f15507f795c45863c395618afd58d238df868ba1b597c416b7096,CURRENT,True
100511,P00511,276600b65fb2622a2cb24476f2bfe663762edd027e66daead074083d4cd2d426,MEM7000511,GRP1031,OakStreet-Southwest,184-82-5772,Thomas,Lewis,1971-10-15,M,+15978662617,6568 Oak Ave,,Austin,TX,78701,USA,"6568 Oak Ave, Austin, TX 78701, USA",PCP0113,Active,EHR,P00511,ING-PAT-20261005-00511,2026-10-05T10:23:33,2026-10-05T10:25:33,2025-08-27T10:25:33,2026-10-05T10:25:33,2026-10-05T08:55:33,8fb030a1bacdd7d7e1b16b8fba396f84681f4ccbbc07a23fe83eaf8a88b2ef17,CURRENT,True
100512,P00512,6c2fb8a71fbbcfbda680c86681569dc1a16333499607d49b73a9e99634e3d66d,MEM7000512,GRP1032,OakStreet-Central,814-55-7950,William,Robinson,1953-01-19,F,+12508264060,5170 Oak Ave,,Houston,TX,77002,USA,"5170 Oak Ave, Houston, TX 77002, USA",PCP0047,Active,EHR,P00512,ING-PAT-20261005-00512,2026-10-05T10:23:36,2026-10-05T10:25:36,2024-07-11T10:25:36,2026-10-05T10:25:36,2026-10-05T09:55:36,f26d86ae69a05529df8b5b0e060fc93c740fcdfaf0aba5531323b3bf09b8dc1a,CURRENT,True
100513,P00513,0374071619553016072504e01e3fc99bbb8c14a032e31d86dad1c628e33786d9,MEM7000513,GRP1033,OakStreet-South,187-99-2706,Barbara,Clark,1954-06-02,F,+14333029519,5398 Lake Ave,,Phoenix,AZ,85004,USA,"5398 Lake Ave, Phoenix, AZ 85004, USA",PCP0019,Active,EHR,P00513,ING-PAT-20261005-00513,2026-10-05T10:23:39,2026-10-05T10:25:39,2025-10-31T10:25:39,2026-10-05T10:25:39,2026-10-05T08:25:39,acb2280214b0b9f46b4e9239d4ced0caebc1f48c94c60f87d0e7d795c6b15842,CURRENT,True
100514,P00514,e5b4d173de0a7ed9008d5bb693492a258aed8ed61bc43255ed6d55776abd74c5,MEM7000514,GRP1034,OakStreet-East,353-45-1833,Jennifer,Davis,1994-07-11,M,+17936603905,1998 Lake Blvd,,Houston,TX,77024,USA,"1998 Lake Blvd, Houston, TX 77024, USA",PCP0093,Active,EHR,P00514,ING-PAT-20261005-00514,2026-10-05T10:23:42,2026-10-05T10:25:42,2024-11-30T10:25:42,2026-10-05T10:25:42,2026-10-05T08:29:42,effa12ecc6b95ba9eed05edbdce961fd69c1ce6ae298ea8c5b23befde66f5c05,CURRENT,True
100515,P00515,a80efcd562304dc61c3aebe36641c3aa17e4de10d155ff87efe89456e2f2137c,MEM7000515,GRP1035,OakStreet-Southwest,198-98-7887,Anthony,Harris,1945-06-03,M,+13068727280,8035 Pine Rd,,Phoenix,AZ,85004,USA,"8035 Pine Rd, Phoenix, AZ 85004, USA",PCP0043,Active,EHR,P00515,ING-PAT-20261005-00515,2026-10-05T10:23:45,2026-10-05T10:25:45,2024-01-24T10:25:45,2026-10-05T10:25:45,2026-10-05T08:54:45,5050a309f6bd90b3d2c5cefc1627a84338fd994377fff44c6e56eb8ec4b7d67e,CURRENT,True
100516,P00516,3f8276467e9efc7f44ff093a7c463ce220ce0842088c11b34dab3b336de25d97,MEM7000516,GRP1036,OakStreet-Central,348-83-4688,Linda,Brown,1980-02-18,F,+18959197325,9924 Washington Blvd,,Orlando,FL,32801,USA,"9924 Washington Blvd, Orlando, FL 32801, USA",PCP0085,Active,EHR,P00516,ING-PAT-20261005-00516,2026-10-05T10:23:48,2026-10-05T10:25:48,2023-01-03T10:25:48,2026-10-05T10:25:48,2026-10-05T08:22:48,821082c15cf99f2e8a86042c7e21fd484b2b43f52059d745c39e13e4934dbee9,CURRENT,True
100517,P00517,241c2426b5566fb6c92cc6ec88792917e5f37c865514b08d232d9e03749ec07d,MEM7000517,GRP1037,OakStreet-South,729-52-5697,Margaret,Lewis,1975-03-02,F,+16353431388,7118 Pine Rd,,San Antonio,TX,78205,USA,"7118 Pine Rd, San Antonio, TX 78205, USA",PCP0024,Active,EHR,P00517,ING-PAT-20261005-00517,2026-10-05T10:23:51,2026-10-05T10:25:51,2024-11-14T10:25:51,2026-10-05T10:25:51,2026-10-05T08:47:51,31a6edf5cf8da2bb08f58ba28e2f3391280b5e3f35fb68445d88c04703d6b4ed,CURRENT,True
100518,P00518,c24df908b6175358cbe93818d7ee4c02f26ae75eccad0a226c17ad6c1f762238,MEM7000518,GRP1038,OakStreet-East,612-35-8867,Steven,Robinson,1981-10-12,M,+16673319692,8102 Main St,,San Antonio,TX,78205,USA,"8102 Main St, San Antonio, TX 78205, USA",PCP0066,Active,EHR,P00518,ING-PAT-20261005-00518,2026-10-05T10:23:54,2026-10-05T10:25:54,2022-12-19T10:25:54,2026-10-05T10:25:54,2026-10-05T08:24:54,45dc99d3422e534969f4e7ca68e8460b4c20d3f236a4bcde7eabaaba1647c45d,CURRENT,True
100519,P00519,c0310dcb1f0e3b92a4f11a8b565054f0dec11232ebb54916f5d93b3214f2c0b8,MEM7000519,GRP1039,OakStreet-Southwest,158-40-5001,William,Sanchez,1992-01-14,F,+17386307585,6457 Lake Rd,Apt 826,San Antonio,TX,78205,USA,"6457 Lake Rd Apt 826, San Antonio, TX 78205, USA",PCP0092,Active,EHR,P00519,ING-PAT-20261005-00519,2026-10-05T10:23:57,2026-10-05T10:25:57,2022-11-08T10:25:57,2026-10-05T10:25:57,2026-10-05T08:51:57,c3987830593074c2d200bf1300edfabb2e4468e1e055732d0b7eb7044c8fcdff,CURRENT,True
100520,P00520,097e45affc66e2f4a5c1c654a33d2e2ae5c1fe933e9f4b1f9016f07b2decedc6,MEM7000520,GRP1000,OakStreet-Central,633-15-9861,Linda,Lee,1984-11-12,M,+15843177691,1550 Pine Rd,,Houston,TX,77024,USA,"1550 Pine Rd, Houston, TX 77024, USA",PCP0116,Active,EHR,P00520,ING-PAT-20261005-00520,2026-10-05T10:24:00,2026-10-05T10:26:00,2023-02-01T10:26:00,2026-10-05T10:26:00,2026-10-05T09:56:00,c7e6e5169533d4338c03cf9aa3a8a5255874f5202ec15ba34f8c4d9b332abf17,CURRENT,True
100521,P00521,3ee87d4dc29a7c9d46cf0fcb4a918560a409486b8237918007d66c27ab5890b8,MEM7000521,GRP1001,OakStreet-South,675-76-6821,Richard,Harris,1995-01-02,M,+19406574827,416 Oak Ave,,Dallas,TX,75201,USA,"416 Oak Ave, Dallas, TX 75201, USA",PCP0009,Active,EHR,P00521,ING-PAT-20261005-00521,2026-10-05T10:24:03,2026-10-05T10:26:03,2023-12-27T10:26:03,2026-10-05T10:26:03,2026-10-05T08:53:03,7d7ecf1e51c5a5fd485e808c89d07ff50aa0ed364be36226bb4d078d570f0bf2,CURRENT,True
100522,P00522,dcf93b9233ddaa1ad10aacfea1cf353f5bff0e992820f33bb332579fbe6449b5,MEM7000522,GRP1002,OakStreet-East,282-60-0545,Betty,Martin,1944-02-24,M,+15832642563,4141 Washington Ave,,Dallas,TX,75201,USA,"4141 Washington Ave, Dallas, TX 75201, USA",PCP0042,Active,EHR,P00522,ING-PAT-20261005-00522,2026-10-05T10:24:06,2026-10-05T10:26:06,2022-06-23T10:26:06,2026-10-05T10:26:06,2026-10-05T06:49:06,3746128e2e412b55fa8f85d9553e4ff0e6d9c794ee8ac8bb7022b0511268c35b,CURRENT,True
100523,P00523,23864084952fc7170788b3afba1618c418b240d9e45df1cf6d173b2cb3a7f90f,MEM7000523,GRP1003,OakStreet-Southwest,656-54-7689,Jessica,Brown,1961-07-27,M,+13119717573,7924 Market Rd,Apt 854,Houston,TX,77005,USA,"7924 Market Rd Apt 854, Houston, TX 77005, USA",PCP0070,Active,EHR,P00523,ING-PAT-20261005-00523,2026-10-05T10:24:09,2026-10-05T10:26:09,2025-10-16T10:26:09,2026-10-05T10:26:09,2026-10-05T07:07:09,d6e42db281e9229e852009c79c7efe30f51f2a58017ff42730e16907ba83431c,CURRENT,True
100524,P00524,2a90131c23447686f21ef60a56c02558c5c0abb37f5abd0e66aae727060faa7d,MEM7000524,GRP1004,OakStreet-Central,276-43-3868,Michael,White,1940-12-25,F,+13984162438,1595 Market Rd,Apt 674,Phoenix,AZ,85004,USA,"1595 Market Rd Apt 674, Phoenix, AZ 85004, USA",PCP0097,Active,EHR,P00524,ING-PAT-20261005-00524,2026-10-05T10:24:12,2026-10-05T10:26:12,2023-12-08T10:26:12,2026-10-05T10:26:12,2026-10-05T08:15:12,667a4a9da2b910f002a14ca0e3c0e4946d527eef69f53a9f29f2f685326f0b35,CURRENT,True
100525,P00525,c48e1e68f8bf73ea7e059216455b5d25b156ff3addb1aaf535c3b6446ddaa9a0,MEM7000525,GRP1005,OakStreet-South,329-39-8511,Sarah,Thompson,1995-04-28,F,+17824771843,8254 Oak Rd,,Orlando,FL,32801,USA,"8254 Oak Rd, Orlando, FL 32801, USA",PCP0061,Active,EHR,P00525,ING-PAT-20261005-00525,2026-10-05T10:24:15,2026-10-05T10:26:15,2023-01-07T10:26:15,2026-10-05T10:26:15,2026-10-05T07:40:15,518c6fa3056a2e45bfc0e0c4891d79e39bde135e0236ce1f242a894a63a9a04f,CURRENT,True
100526,P00526,dedb1c1e7aa11cc82cbf402c505f2599f7a3323166ef779d64ca4bfb1fcf63b4,MEM7000526,GRP1006,OakStreet-East,289-65-4694,Karen,Lewis,1972-03-18,M,+13657295409,7447 Park Blvd,,Houston,TX,77005,USA,"7447 Park Blvd, Houston, TX 77005, USA",PCP0076,Active,EHR,P00526,ING-PAT-20261005-00526,2026-10-05T10:24:18,2026-10-05T10:26:18,2024-03-05T10:26:18,2026-10-05T10:26:18,2026-10-05T10:13:18,f761e961bb7c299159d40392f1bcde8411661ee4a956e1b2b1c3a3979283b02e,CURRENT,True
100527,P00527,97100de55519a3b94c42ee6ac1f53b1cc4887f5985af112218ad881a895c6372,MEM7000527,GRP1007,OakStreet-Southwest,179-77-6104,Barbara,Miller,1942-08-11,M,+13705936736,9916 Main Blvd,,Chicago,IL,60601,USA,"9916 Main Blvd, Chicago, IL 60601, USA",PCP0111,Active,EHR,P00527,ING-PAT-20261005-00527,2026-10-05T10:24:21,2026-10-05T10:26:21,2022-02-02T10:26:21,2026-10-05T10:26:21,2026-10-05T08:21:21,9289239312be5b3479bcea3ee83e46eff14cc860e9657066856785ef11059577,CURRENT,True
100528,P00528,9e3695fe9540e32410656a13f654e22efb9b7b2fc4b6dd4956731f9c2789b359,MEM7000528,GRP1008,OakStreet-Central,237-86-7370,James,Clark,2002-05-14,F,+18455683659,5591 Market Rd,,Austin,TX,78701,USA,"5591 Market Rd, Austin, TX 78701, USA",PCP0105,Active,EHR,P00528,ING-PAT-20261005-00528,2026-10-05T10:24:24,2026-10-05T10:26:24,2022-05-01T10:26:24,2026-10-05T10:26:24,2026-10-05T08:56:24,58109ad5b5705a2b699e92561f702b75f91923c2025db714409c3581d6bd0eff,CURRENT,True
100529,P00529,6d741ae0fe8b139fb698722cbaed0a80c5fc7e7df333628fe50e83042215a81c,MEM7000529,GRP1009,OakStreet-South,680-49-3650,William,Williams,1981-06-13,F,+19352278965,428 Oak Ave,,San Antonio,TX,78205,USA,"428 Oak Ave, San Antonio, TX 78205, USA",PCP0026,Active,EHR,P00529,ING-PAT-20261005-00529,2026-10-05T10:24:27,2026-10-05T10:26:27,2023-10-07T10:26:27,2026-10-05T10:26:27,2026-10-05T07:16:27,842463f6eaa3b185b3b8280ed8237ebd0ed9a8e1dbd8acede763c7460096544a,CURRENT,True
100530,P00530,3a888af3d7aa680b5e87426c01e59fd6f4d6a61517c91a47deb33e12c33b52ab,MEM7000530,GRP1010,OakStreet-East,227-61-1784,Matthew,Perez,1990-02-24,F,+16075116142,6013 Oak St,Apt 289,Houston,TX,77005,USA,"6013 Oak St Apt 289, Houston, TX 77005, USA",PCP0026,Active,EHR,P00530,ING-PAT-20261005-00530,2026-10-05T10:24:30,2026-10-05T10:26:30,2024-05-19T10:26:30,2026-10-05T10:26:30,2026-10-05T08:54:30,c2da7d9cf0d71c632f2de0dc811b371fb68605d113ab3fc36b4e5dc4d4945c9c,CURRENT,True
100531,P00531,2c978c3d5428dd219ef6de6a6225b8ac2758c65e71f5e21fa5d809f4da1b6c3a,MEM7000531,GRP1011,OakStreet-Southwest,511-21-9393,Lisa,Thompson,1974-03-08,F,+19636227634,3504 Main St,,Houston,TX,77005,USA,"3504 Main St, Houston, TX 77005, USA",PCP0078,Active,EHR,P00531,ING-PAT-20261005-00531,2026-10-05T10:24:33,2026-10-05T10:26:33,2024-01-24T10:26:33,2026-10-05T10:26:33,2026-10-05T07:09:33,3b745f2cd0d264a71cdd05eda2fb6f990959207dfa76b5b8287bbeaaa006eebf,CURRENT,True
100532,P00532,fd7cd724932a6e2dcb6df77314a523a9ffdfa4322787d562a29ac2aca1c49de9,MEM7000532,GRP1012,OakStreet-Central,586-31-9675,Joseph,Wilson,1963-01-13,M,+13202826956,8593 Main Ave,,Houston,TX,77005,USA,"8593 Main Ave, Houston, TX 77005, USA",PCP0072,Active,EHR,P00532,ING-PAT-20261005-00532,2026-10-05T10:24:36,2026-10-05T10:26:36,2023-08-15T10:26:36,2026-10-05T10:26:36,2026-10-05T10:22:36,91988e71960818c8ca79b21fa2aa1a0fecd980e20a85a22baaa9e17a2cfa5322,CURRENT,True
100533,P00533,5f52df009963ecd9729b19ad7fd30599904e823cbb7a1de4c9d35560153da162,MEM7000533,GRP1013,OakStreet-South,718-72-8726,Betty,Brown,1963-01-03,F,+17658915117,4222 Main Rd,,San Antonio,TX,78205,USA,"4222 Main Rd, San Antonio, TX 78205, USA",PCP0032,Active,EHR,P00533,ING-PAT-20261005-00533,2026-10-05T10:24:39,2026-10-05T10:26:39,2025-06-23T10:26:39,2026-10-05T10:26:39,2026-10-05T08:55:39,f2e83958c13db0ce6b6ba0ab120ed9d4699af34b6f9294aa21bcaa3f8515e07e,CURRENT,True
100534,P00534,c3cd6439f45ce279d07ec6853132e680668759bbdc2ec4a51ad22d397d64652a,MEM7000534,GRP1014,OakStreet-East,420-65-4081,Ashley,Davis,2003-08-24,F,+16303663523,5284 Market St,,Atlanta,GA,30303,USA,"5284 Market St, Atlanta, GA 30303, USA",PCP0090,Active,EHR,P00534,ING-PAT-20261005-00534,2026-10-05T10:24:42,2026-10-05T10:26:42,2025-12-04T10:26:42,2026-10-05T10:26:42,2026-10-05T07:59:42,125c46d30d049c87598c220274289dd59febc73c50af92e2c926c40e694de737,CURRENT,True
100535,P00535,bf263186bdc4ada1bec5554bd3775be1a3ee58abccd1521f47e8521777b1ac36,MEM7000535,GRP1015,OakStreet-Southwest,878-30-3285,James,Anderson,1956-01-19,F,+13766728290,1488 Washington Rd,,Austin,TX,78701,USA,"1488 Washington Rd, Austin, TX 78701, USA",PCP0047,Active,EHR,P00535,ING-PAT-20261005-00535,2026-10-05T10:24:45,2026-10-05T10:26:45,2024-07-06T10:26:45,2026-10-05T10:26:45,2026-10-05T08:43:45,4fd5291aff723dfeeb192a0ef791da8ceb1d677e7fd51a2a27d1d02dfe5acbe8,CURRENT,True
100536,P00536,91ab507684da3fae029cceb6906d73cd63d953564f27ba3323f8812e731e1992,MEM7000536,GRP1016,OakStreet-Central,568-73-8261,Jessica,Martin,1959-06-09,F,+13743475276,9143 Market Blvd,Apt 799,Houston,TX,77005,USA,"9143 Market Blvd Apt 799, Houston, TX 77005, USA",PCP0112,Active,EHR,P00536,ING-PAT-20261005-00536,2026-10-05T10:24:48,2026-10-05T10:26:48,2023-10-28T10:26:48,2026-10-05T10:26:48,2026-10-05T07:53:48,429c3059a62f38401d8a635890b5c10951d5c3ca550b69414b74800d174aa44b,CURRENT,True
100537,P00537,c7210dea5ab9e029a06c672a7eebef5d2cc95f3cb6d7433f87d85d2c2da85bc4,MEM7000537,GRP1017,OakStreet-South,288-36-6479,Charles,Moore,2002-11-02,M,+13477963481,6238 Pine Ave,,Houston,TX,77005,USA,"6238 Pine Ave, Houston, TX 77005, USA",PCP0061,Active,EHR,P00537,ING-PAT-20261005-00537,2026-10-05T10:24:51,2026-10-05T10:26:51,2024-06-29T10:26:51,2026-10-05T10:26:51,2026-10-05T08:34:51,1dc1b0aaaf33f240620bcda1db799046ebe61c777c3e1a2984caf3a2f472b694,CURRENT,True
100538,P00538,b5c53b44ca42591306773adc5ad1b46b741e5461a569347a73bfc93c058718ab,MEM7000538,GRP1018,OakStreet-East,700-10-4634,Nancy,Martinez,1984-08-20,M,+13574315995,1677 Oak St,,Orlando,FL,32801,USA,"1677 Oak St, Orlando, FL 32801, USA",PCP0020,Active,EHR,P00538,ING-PAT-20261005-00538,2026-10-05T10:24:54,2026-10-05T10:26:54,2025-07-29T10:26:54,2026-10-05T10:26:54,2026-10-05T07:15:54,a0a57a82532822d96208f3220837c3050ffbccf4c6061db6c9199aa2862aeacf,CURRENT,True
100539,P00539,5708cbcbd8cb6e7f7cc76b696a1cb9f39d801f44470e1104af1f74521aa9ec55,MEM7000539,GRP1019,OakStreet-Southwest,482-26-9015,Anthony,Perez,1965-03-01,F,+14507923291,1150 Oak Blvd,Apt 721,Houston,TX,77002,USA,"1150 Oak Blvd Apt 721, Houston, TX 77002, USA",PCP0016,Active,EHR,P00539,ING-PAT-20261005-00539,2026-10-05T10:24:57,2026-10-05T10:26:57,2023-08-01T10:26:57,2026-10-05T10:26:57,2026-10-05T10:21:57,a64fd1434fab2f6ccece138a1d2bf20f9dc2923dc0348bdc8460bb762a28b90b,CURRENT,True
100540,P00540,e5375b9c058cb913da16d27a44b29a343bdf59b6f70b18238c7234a8ad988fb9,MEM7000540,GRP1020,OakStreet-Central,730-47-2954,Betty,Walker,1989-08-15,M,+16458252428,3366 Washington Rd,,Phoenix,AZ,85004,USA,"3366 Washington Rd, Phoenix, AZ 85004, USA",PCP0003,Active,EHR,P00540,ING-PAT-20261005-00540,2026-10-05T10:25:00,2026-10-05T10:27:00,2023-06-22T10:27:00,2026-10-05T10:27:00,2026-10-05T10:14:00,6d46c8b2136e925010df18e0cdda74ca50a6c2ac84b50daf558d32630b195fe9,CURRENT,True
100541,P00541,7f889c49622f5352665d5e65e11681d45c0abfb158549ebff74f8e7cdbc6ebca,MEM7000541,GRP1021,OakStreet-South,520-76-5890,Joseph,Smith,1972-10-20,F,+17009705601,1086 Pine Ave,,Houston,TX,77002,USA,"1086 Pine Ave, Houston, TX 77002, USA",PCP0039,Active,EHR,P00541,ING-PAT-20261005-00541,2026-10-05T10:25:03,2026-10-05T10:27:03,2022-03-22T10:27:03,2026-10-05T10:27:03,2026-10-05T07:31:03,120f9d1557f7bd3c9950be835ec15e804b47339549bcd5e9b6bdc314621fccec,CURRENT,True
100542,P00542,ae62d309781057f5e239890b2cb5e4c9efa64933b76bb8769ac7e83f1fc3efa6,MEM7000542,GRP1022,OakStreet-East,207-58-0548,Margaret,Jackson,1970-07-07,F,+15955091956,2113 Washington Rd,,Chicago,IL,60601,USA,"2113 Washington Rd, Chicago, IL 60601, USA",PCP0094,Active,EHR,P00542,ING-PAT-20261005-00542,2026-10-05T10:25:06,2026-10-05T10:27:06,2025-09-19T10:27:06,2026-10-05T10:27:06,2026-10-05T07:29:06,9f95e115ee642376c2ec85623bea67019d5bfc64c9ff9fe8a12dc62fc43a10c3,CURRENT,True
100543,P00543,9554b2575754383287972b361cfd9da3e8bf4522d8d8631aab6bfa2300a5cd82,MEM7000543,GRP1023,OakStreet-Southwest,206-81-6487,Richard,Brown,1962-11-23,M,+13028272091,1569 Oak St,,Austin,TX,78701,USA,"1569 Oak St, Austin, TX 78701, USA",PCP0046,Active,EHR,P00543,ING-PAT-20261005-00543,2026-10-05T10:25:09,2026-10-05T10:27:09,2022-12-23T10:27:09,2026-10-05T10:27:09,2026-10-05T06:31:09,0f115a9e6062c56651c60fe081f46fd61802f8a06412e02166652f11c76ac40c,CURRENT,True
100544,P00544,783489f86ebe6ab6fe4af0a49c3295a04fd2cff4498196f86494fc9cc7888e95,MEM7000544,GRP1024,OakStreet-Central,175-41-1314,Matthew,Miller,1997-03-25,M,+16958681098,264 Pine Blvd,Apt 771,Houston,TX,77005,USA,"264 Pine Blvd Apt 771, Houston, TX 77005, USA",PCP0054,Active,EHR,P00544,ING-PAT-20261005-00544,2026-10-05T10:25:12,2026-10-05T10:27:12,2023-07-20T10:27:12,2026-10-05T10:27:12,2026-10-05T06:50:12,709be33e0aba3613c82c22bfe9bc07fd31018655a0aefc5adec7e25e936fc61a,CURRENT,True
100545,P00545,6e27f978fc4de5f108bb6f1db2a319dfc22d4fe68ea186606bfc5686a9ea99c5,MEM7000545,GRP1025,OakStreet-South,230-92-1536,Patricia,Gonzalez,1969-12-23,F,+18402163000,3087 Park Blvd,,Dallas,TX,75201,USA,"3087 Park Blvd, Dallas, TX 75201, USA",PCP0058,Active,EHR,P00545,ING-PAT-20261005-00545,2026-10-05T10:25:15,2026-10-05T10:27:15,2025-02-11T10:27:15,2026-10-05T10:27:15,2026-10-05T06:38:15,ed88c430cc59d2811b6c7769f22f89bb087ff96485bc987dab359a873215a9ba,CURRENT,True
100546,P00546,905e52746b64322fc5b2e5fc4cea080259ff51cdb0bb1323e04e49ec72748802,MEM7000546,GRP1026,OakStreet-East,472-96-9174,Barbara,Gonzalez,1968-01-17,F,+14496009085,9147 Pine Blvd,,Dallas,TX,75201,USA,"9147 Pine Blvd, Dallas, TX 75201, USA",PCP0017,Active,EHR,P00546,ING-PAT-20261005-00546,2026-10-05T10:25:18,2026-10-05T10:27:18,2023-09-10T10:27:18,2026-10-05T10:27:18,2026-10-05T07:20:18,84467eb6a1de22f66a83187ea470f6e2648e3795e6b578f3900a5ea83f1e680a,CURRENT,True
100547,P00547,260ec29d490891b57dd88552192c802ba2321ef0967e29da9ecf1072c039730d,MEM7000547,GRP1027,OakStreet-Southwest,715-25-6194,John,White,1942-08-05,F,+16095993668,6919 Market St,,Phoenix,AZ,85004,USA,"6919 Market St, Phoenix, AZ 85004, USA",PCP0097,Active,EHR,P00547,ING-PAT-20261005-00547,2026-10-05T10:25:21,2026-10-05T10:27:21,2025-06-10T10:27:21,2026-10-05T10:27:21,2026-10-05T09:00:21,12904aed61f7495d82d094928d65780c97b193e0eec810e644b640aa05ffb15f,CURRENT,True
100548,P00548,c0b541fb9c382cb5f1f7cf7f2a09c691006ef254fb30355b5c9b57b5c85578d7,MEM7000548,GRP1028,OakStreet-Central,179-28-6677,Lisa,Harris,1950-10-08,F,+13844489547,4901 Washington Blvd,,Houston,TX,77002,USA,"4901 Washington Blvd, Houston, TX 77002, USA",PCP0079,Active,EHR,P00548,ING-PAT-20261005-00548,2026-10-05T10:25:24,2026-10-05T10:27:24,2024-08-16T10:27:24,2026-10-05T10:27:24,2026-10-05T06:57:24,44757f96be7b52ece5f19448000dc5d2043e7cd2964943c8002e40855bd7aee7,CURRENT,True
100549,P00549,b34621635b9b56fc8dbdf245efb4d033a5fb59a7f79c49fa5ce27d332542b77d,MEM7000549,GRP1029,OakStreet-South,686-37-0462,Lisa,Perez,2000-03-06,F,+14573388931,4628 Oak Rd,,Phoenix,AZ,85004,USA,"4628 Oak Rd, Phoenix, AZ 85004, USA",PCP0074,Active,EHR,P00549,ING-PAT-20261005-00549,2026-10-05T10:25:27,2026-10-05T10:27:27,2023-06-04T10:27:27,2026-10-05T10:27:27,2026-10-05T09:29:27,bf65cf07be3bc715766bfb7dfea2b6df2debe591fa1b4ad8440dbd99d99a0ce8,CURRENT,True
100550,P00550,260debdb080744b91dc501e4ad4559779e959ecf807a8f2e3c9dcbcc8bc6b750,MEM7000550,GRP1030,OakStreet-East,497-42-6757,John,Gonzalez,2001-10-14,F,+17468585658,1108 Lake Ave,,Dallas,TX,75201,USA,"1108 Lake Ave, Dallas, TX 75201, USA",PCP0015,Active,EHR,P00550,ING-PAT-20261005-00550,2026-10-05T10:25:30,2026-10-05T10:27:30,2023-08-31T10:27:30,2026-10-05T10:27:30,2026-10-05T10:13:30,9814c019835ed6d636e6a07b340abe36672a04a7536dec91f9a78a72f004b317,CURRENT,True
100551,P00551,d6ac1ad5f2d4b94c54304616d637beb55d3d2a726fb1b1ec55b557021a00a80d,MEM7000551,GRP1031,OakStreet-Southwest,451-24-3402,Anthony,Perez,1935-11-05,M,+15413637053,5895 Main St,,Houston,TX,77024,USA,"5895 Main St, Houston, TX 77024, USA",PCP0067,Active,EHR,P00551,ING-PAT-20261005-00551,2026-10-05T10:25:33,2026-10-05T10:27:33,2022-04-30T10:27:33,2026-10-05T10:27:33,2026-10-05T08:24:33,b8b62e2958f784283b73eb675e47af1bc64f67f7707772a597a3a20afc0dd455,CURRENT,True
100552,P00552,78d1c3cd65fb539871ed4195b0ecd875472d57bcf76fc64754f9653d577b4bd0,MEM7000552,GRP1032,OakStreet-Central,142-81-6054,Karen,Davis,2002-02-19,M,+12698506355,6483 Main Blvd,,Chicago,IL,60601,USA,"6483 Main Blvd, Chicago, IL 60601, USA",PCP0020,Active,EHR,P00552,ING-PAT-20261005-00552,2026-10-05T10:25:36,2026-10-05T10:27:36,2023-10-06T10:27:36,2026-10-05T10:27:36,2026-10-05T10:05:36,2d0ae7ffddf9b0db2dd33d7a186ccd5126030edd12a8809f4e46ef755db96b7f,CURRENT,True
100553,P00553,001a1b37b023dbc093c57e7c7c9f12cee184f9ea9a5c97b10114097c5f1de1ee,MEM7000553,GRP1033,OakStreet-South,310-68-5941,Elizabeth,Jackson,1993-03-04,M,+12859307207,3663 Washington Ave,,Houston,TX,77002,USA,"3663 Washington Ave, Houston, TX 77002, USA",PCP0049,Active,EHR,P00553,ING-PAT-20261005-00553,2026-10-05T10:25:39,2026-10-05T10:27:39,2025-10-29T10:27:39,2026-10-05T10:27:39,2026-10-05T06:40:39,896ac59b8655dc74e4d48c84f97c655b5dd7056a33156ab11945fa87065c36d4,CURRENT,True
100554,P00554,29c4fd6c26616eac049059daedc7e35a40dff5e4de68b004f9cf34f38c0f577a,MEM7000554,GRP1034,OakStreet-East,733-93-0422,Linda,Miller,1985-10-12,F,+12975043828,3533 Lake Rd,,San Antonio,TX,78205,USA,"3533 Lake Rd, San Antonio, TX 78205, USA",PCP0104,Active,EHR,P00554,ING-PAT-20261005-00554,2026-10-05T10:25:42,2026-10-05T10:27:42,2023-05-24T10:27:42,2026-10-05T10:27:42,2026-10-05T06:40:42,d1034bc4bc1a6f1ef6e7797ec9e129372ef75ed82524c966dc8a52d80caa517c,CURRENT,True
100555,P00555,fa5d16abf76f8c96d5b7da98f73fa18977f61cb37cebc67714e077e4a72ac0d1,MEM7000555,GRP1035,OakStreet-Southwest,389-29-3132,Sarah,Martinez,1945-09-28,F,+17047432159,7273 Washington Blvd,Apt 596,Phoenix,AZ,85004,USA,"7273 Washington Blvd Apt 596, Phoenix, AZ 85004, USA",PCP0007,Active,EHR,P00555,ING-PAT-20261005-00555,2026-10-05T10:25:45,2026-10-05T10:27:45,2021-11-29T10:27:45,2026-10-05T10:27:45,2026-10-05T09:51:45,21fa0e209a5ca038abddbb4735ab6eede2bffcc0541d33f718a8ed2348594b5e,CURRENT,True
100556,P00556,754986ad8253f9731dd8dab1f8f8d80c5a420cabec4d8ac56d8fe80c2d6c416d,MEM7000556,GRP1036,OakStreet-Central,662-83-0904,Jessica,Robinson,1988-11-26,M,+19444832241,564 Pine Rd,,San Antonio,TX,78205,USA,"564 Pine Rd, San Antonio, TX 78205, USA",PCP0078,Active,EHR,P00556,ING-PAT-20261005-00556,2026-10-05T10:25:48,2026-10-05T10:27:48,2023-01-11T10:27:48,2026-10-05T10:27:48,2026-10-05T08:48:48,1b53f6d0c65d35c964bb517eaf74ef5ee18112ccd3e609c611411650bc7963a2,CURRENT,True
100557,P00557,6c24e68bb9ce802b91348658656fa6e0d017123ae227f9a7c3aa3047ac9de305,MEM7000557,GRP1037,OakStreet-South,120-76-8861,Robert,Clark,1984-09-18,F,+12708159498,4457 Pine Rd,,Atlanta,GA,30303,USA,"4457 Pine Rd, Atlanta, GA 30303, USA",PCP0073,Active,EHR,P00557,ING-PAT-20261005-00557,2026-10-05T10:25:51,2026-10-05T10:27:51,2025-04-21T10:27:51,2026-10-05T10:27:51,2026-10-05T09:12:51,6d517ece7ebddc904ba5fd01eebaf323dc664d2b1ee62403885a03db23fe8355,CURRENT,True
100558,P00558,2b454a1444560c348b49318a8f97791a45d4e816d9bab90fc819f8664efe3930,MEM7000558,GRP1038,OakStreet-East,338-18-7829,Richard,Lewis,1957-12-07,M,+14595663992,5788 Washington Ave,Apt 248,Chicago,IL,60601,USA,"5788 Washington Ave Apt 248, Chicago, IL 60601, USA",PCP0024,Active,EHR,P00558,ING-PAT-20261005-00558,2026-10-05T10:25:54,2026-10-05T10:27:54,2024-06-05T10:27:54,2026-10-05T10:27:54,2026-10-05T07:50:54,d95a655cce5475604a4b7ecfcded057bbe506884af7637fd8ac5e68a02644da9,CURRENT,True
100559,P00559,3379fb6ce640c07344c70a2d5d836dc095441783e5e6ee6650cea97ce44d29a7,MEM7000559,GRP1039,OakStreet-Southwest,894-83-6379,Richard,Johnson,1987-02-22,M,+18602513460,7990 Pine St,,San Antonio,TX,78205,USA,"7990 Pine St, San Antonio, TX 78205, USA",PCP0069,Active,EHR,P00559,ING-PAT-20261005-00559,2026-10-05T10:25:57,2026-10-05T10:27:57,2024-03-10T10:27:57,2026-10-05T10:27:57,2026-10-05T09:53:57,36a033663fb038244983e514577276eaf24a8f0f631cb311ca64a9b562d1af5f,CURRENT,True
100560,P00560,b87948dc51a1257158c8a653fdd9fafd00c1e43929ba7ac99bf55a58d9778219,MEM7000560,GRP1000,OakStreet-Central,758-48-7406,John,Gonzalez,2001-05-01,M,+15468953003,9404 Oak Blvd,Apt 34,Phoenix,AZ,85004,USA,"9404 Oak Blvd Apt 34, Phoenix, AZ 85004, USA",PCP0108,Active,EHR,P00560,ING-PAT-20261005-00560,2026-10-05T10:26:00,2026-10-05T10:28:00,2023-01-23T10:28:00,2026-10-05T10:28:00,2026-10-05T08:57:00,1ff8f1980d14f85d57bb35db41aa0e9bca056031d8ae636fa85825289b71f0e4,CURRENT,True
100561,P00561,87cfe5c86b1a8df3b15870407a4c2d78dde7cb1721ec73a704e4742b4fea7ccd,MEM7000561,GRP1001,OakStreet-South,148-53-6299,Lisa,Lee,1959-08-07,F,+17086399557,2551 Lake Blvd,,San Antonio,TX,78205,USA,"2551 Lake Blvd, San Antonio, TX 78205, USA",PCP0009,Active,EHR,P00561,ING-PAT-20261005-00561,2026-10-05T10:26:03,2026-10-05T10:28:03,2022-06-06T10:28:03,2026-10-05T10:28:03,2026-10-05T07:22:03,5bf5f01419ffd6b34fd8f05a00c12c2bcbdbcd56e08c2db0114dee3d1d29fdab,CURRENT,True
100562,P00562,87dab9a582a67cb5aed0e5f67c681b519bad0efa5c09313cf474d2d0ea914de5,MEM7000562,GRP1002,OakStreet-East,827-59-8214,Thomas,Taylor,1973-12-10,M,+16638229136,9398 Pine Blvd,,Chicago,IL,60601,USA,"9398 Pine Blvd, Chicago, IL 60601, USA",PCP0091,Active,EHR,P00562,ING-PAT-20261005-00562,2026-10-05T10:26:06,2026-10-05T10:28:06,2025-07-02T10:28:06,2026-10-05T10:28:06,2026-10-05T09:19:06,db4a2852049f600a6bc48b1bd8c36e68569ea50d9222e360b90a6b5e35fe6dbb,CURRENT,True
100563,P00563,c6228bc96fe766f882ed773700107cb31dae8f705d67fef3514b29c7065e0e6d,MEM7000563,GRP1003,OakStreet-Southwest,759-68-4855,Robert,Jones,2000-09-03,F,+16395055764,1757 Pine St,,Phoenix,AZ,85004,USA,"1757 Pine St, Phoenix, AZ 85004, USA",PCP0094,Active,EHR,P00563,ING-PAT-20261005-00563,2026-10-05T10:26:09,2026-10-05T10:28:09,2024-03-31T10:28:09,2026-10-05T10:28:09,2026-10-05T06:41:09,f2e6752922770a665ba159e6359db57fcd48b05150ccbdaf562d51b1a2f08500,CURRENT,True
100564,P00564,99787eb89a7ab60f7b51de84164732e10fc33ef4abe99a4ae889c5f0568c6ae5,MEM7000564,GRP1004,OakStreet-Central,513-54-8917,Thomas,Gonzalez,1949-02-28,M,+18708755612,2575 Park St,,Phoenix,AZ,85004,USA,"2575 Park St, Phoenix, AZ 85004, USA",PCP0094,Active,EHR,P00564,ING-PAT-20261005-00564,2026-10-05T10:26:12,2026-10-05T10:28:12,2024-05-31T10:28:12,2026-10-05T10:28:12,2026-10-05T07:35:12,808df9783a6473b399534ba1c2108545938dc4fefc326b9a926c1b00c6f73f43,CURRENT,True
100565,P00565,886f4b075be91e523fed679f525ea779fefaef1903ed45d14cad6de81f49593b,MEM7000565,GRP1005,OakStreet-South,368-54-1225,Charles,Brown,1980-12-01,F,+13158249399,4915 Oak St,Apt 995,Dallas,TX,75201,USA,"4915 Oak St Apt 995, Dallas, TX 75201, USA",PCP0001,Active,EHR,P00565,ING-PAT-20261005-00565,2026-10-05T10:26:15,2026-10-05T10:28:15,2024-06-12T10:28:15,2026-10-05T10:28:15,2026-10-05T08:53:15,a4d334ac99e91673fb8d1e831f0d292686423cf6548b7e503e01babc1058620c,CURRENT,True
100566,P00566,f891d1891f5996fd32fdbcc098e44048b1c84875e4e5aac56d018e109fb57790,MEM7000566,GRP1006,OakStreet-East,373-74-2887,David,Hernandez,1967-06-06,M,+16456991023,3082 Market Blvd,,Houston,TX,77005,USA,"3082 Market Blvd, Houston, TX 77005, USA",PCP0092,Active,EHR,P00566,ING-PAT-20261005-00566,2026-10-05T10:26:18,2026-10-05T10:28:18,2023-03-22T10:28:18,2026-10-05T10:28:18,2026-10-05T09:48:18,4692dec3833f46b120c494770c027d7a819aef8d2b942765761789a5bdb5f86c,CURRENT,True
100567,P00567,364d5d8ed29a646127c959c2b303d8b17ba92f33ff9ab973716e10398a989605,MEM7000567,GRP1007,OakStreet-Southwest,528-44-4463,Betty,Anderson,1964-03-21,M,+18213614492,4488 Market Rd,,Houston,TX,77002,USA,"4488 Market Rd, Houston, TX 77002, USA",PCP0020,Active,EHR,P00567,ING-PAT-20261005-00567,2026-10-05T10:26:21,2026-10-05T10:28:21,2022-08-02T10:28:21,2026-10-05T10:28:21,2026-10-05T07:25:21,1b17e4745628d3b0487dd132b19a65647b2f3df43fbd7534bd1d596873734edc,CURRENT,True
100568,P00568,123ae20bd5d48167c34ba2de843fb8f19759cf9dc504334c0954cbdd24b7960a,MEM7000568,GRP1008,OakStreet-Central,686-68-5343,David,Moore,1982-06-09,M,+17683215502,8815 Pine Rd,,Orlando,FL,32801,USA,"8815 Pine Rd, Orlando, FL 32801, USA",PCP0021,Active,EHR,P00568,ING-PAT-20261005-00568,2026-10-05T10:26:24,2026-10-05T10:28:24,2024-12-15T10:28:24,2026-10-05T10:28:24,2026-10-05T09:21:24,cae269a584ac3ad76f5ed4884d7efd9a690c21784158207b7d9b76fdc40ae1e9,CURRENT,True
100569,P00569,f4ed9fa721a030b45fe2bc65e9624819409e3ac68928a844cf7d43114ee533d6,MEM7000569,GRP1009,OakStreet-South,657-49-0153,Mary,Gonzalez,1940-08-16,F,+12029339537,2282 Pine Ave,,Phoenix,AZ,85004,USA,"2282 Pine Ave, Phoenix, AZ 85004, USA",PCP0061,Active,EHR,P00569,ING-PAT-20261005-00569,2026-10-05T10:26:27,2026-10-05T10:28:27,2025-01-02T10:28:27,2026-10-05T10:28:27,2026-10-05T09:12:27,db7889d89ac3ea70e6aedfd008720683258aeb99628cb60c0ee4b472d903f628,CURRENT,True
100570,P00570,1ce82473eadce8e1e4eeb856085f14d6d5ada664998e51352c888b337e8a3820,MEM7000570,GRP1010,OakStreet-East,221-86-8495,Elizabeth,Robinson,1962-02-27,M,+18787985214,1596 Market St,,Dallas,TX,75201,USA,"1596 Market St, Dallas, TX 75201, USA",PCP0097,Active,EHR,P00570,ING-PAT-20261005-00570,2026-10-05T10:26:30,2026-10-05T10:28:30,2023-09-30T10:28:30,2026-10-05T10:28:30,2026-10-05T08:46:30,2e7d193f0d923f678416d36f4d847bb7778cafed856893649195485d2bf642ec,CURRENT,True
100571,P00571,5a0dcdd722891b5ac1912ba031ef1fc2f0dcff043fca65918b0aaa79917f0764,MEM7000571,GRP1011,OakStreet-Southwest,744-55-7114,Matthew,Walker,1995-06-18,M,+15148561280,7191 Main Blvd,,Dallas,TX,75201,USA,"7191 Main Blvd, Dallas, TX 75201, USA",PCP0001,Active,EHR,P00571,ING-PAT-20261005-00571,2026-10-05T10:26:33,2026-10-05T10:28:33,2022-06-25T10:28:33,2026-10-05T10:28:33,2026-10-05T08:49:33,6af2339117c9677127bc20821fff766ab4967294018d20da5bf15cc9fcab6e71,CURRENT,True
100572,P00572,e1ef64bca7bfc777e986efce2cebad80d370a6a89f764743b25497c783490320,MEM7000572,GRP1012,OakStreet-Central,877-25-2895,James,Rodriguez,1962-12-09,M,+17363375084,1530 Washington St,,Houston,TX,77005,USA,"1530 Washington St, Houston, TX 77005, USA",PCP0081,Active,EHR,P00572,ING-PAT-20261005-00572,2026-10-05T10:26:36,2026-10-05T10:28:36,2022-03-31T10:28:36,2026-10-05T10:28:36,2026-10-05T07:54:36,6d2813c6b003c83e60210859a5f85a106d7989e2bd39ef8f93c7b98a25cdc247,CURRENT,True
100573,P00573,085aabc2bd8a07b9025a9302c856fd7d5d3aaf493e9beada6b5b493579af91c5,MEM7000573,GRP1013,OakStreet-South,103-22-9249,Margaret,Wilson,1988-05-08,M,+12595896591,274 Oak Blvd,Apt 109,Dallas,TX,75201,USA,"274 Oak Blvd Apt 109, Dallas, TX 75201, USA",PCP0117,Active,EHR,P00573,ING-PAT-20261005-00573,2026-10-05T10:26:39,2026-10-05T10:28:39,2022-10-02T10:28:39,2026-10-05T10:28:39,2026-10-05T08:42:39,996d8b9951c592d0125a80eb3b6420ecb51604c07279173c141859d555de4727,CURRENT,True
100574,P00574,a918ec65ca3e7a11081e6c0d4d3e60cafcd7c3a64e12eac93ecb73a9294441a4,MEM7000574,GRP1014,OakStreet-East,345-44-4108,Lisa,Miller,1996-04-05,F,+19803581145,4211 Park Rd,,Houston,TX,77005,USA,"4211 Park Rd, Houston, TX 77005, USA",PCP0106,Active,EHR,P00574,ING-PAT-20261005-00574,2026-10-05T10:26:42,2026-10-05T10:28:42,2023-04-09T10:28:42,2026-10-05T10:28:42,2026-10-05T07:52:42,ded4d8bcc3e5c5960d8c3b0b4433639d6182345dfba44994e5b60e860743a0f1,CURRENT,True
100575,P00575,c01b6705b7555c34229fe7e14bb893b2c6769e6b6b865ede82821c7a38141ffe,MEM7000575,GRP1015,OakStreet-Southwest,308-26-4180,Anthony,Walker,1951-07-21,F,+13869538901,8898 Main Rd,,Austin,TX,78701,USA,"8898 Main Rd, Austin, TX 78701, USA",PCP0042,Active,EHR,P00575,ING-PAT-20261005-00575,2026-10-05T10:26:45,2026-10-05T10:28:45,2022-05-31T10:28:45,2026-10-05T10:28:45,2026-10-05T09:54:45,c3679b8a60516386627d3c16b7f56d016c64fc7264d7b84ec0787a46f7786d70,CURRENT,True
100576,P00576,c6b2c9234c87c12ddded5a79561a761f7ad39a154496472db8353d7c52053610,MEM7000576,GRP1016,OakStreet-Central,741-66-2757,Richard,Taylor,1990-12-26,M,+16477257148,7270 Park Ave,,Austin,TX,78701,USA,"7270 Park Ave, Austin, TX 78701, USA",PCP0103,Active,EHR,P00576,ING-PAT-20261005-00576,2026-10-05T10:26:48,2026-10-05T10:28:48,2022-01-03T10:28:48,2026-10-05T10:28:48,2026-10-05T07:28:48,63cc128273ebc12ea9a159ce20e7491f27b0743b184a91fa3561634be341cc86,CURRENT,True
100577,P00577,8671cb3fcb4bd1924a0685975973566d80ff0b7f5f2b423866d763e63d905adf,MEM7000577,GRP1017,OakStreet-South,400-80-6403,Thomas,Anderson,2004-04-06,F,+14326307781,7234 Oak St,,Orlando,FL,32801,USA,"7234 Oak St, Orlando, FL 32801, USA",PCP0041,Active,EHR,P00577,ING-PAT-20261005-00577,2026-10-05T10:26:51,2026-10-05T10:28:51,2024-01-31T10:28:51,2026-10-05T10:28:51,2026-10-05T07:01:51,63bc39da9249822bf8ba071145041c14d684ccd4a9867808b2ab1a427d738e48,CURRENT,True
100578,P00578,703f264df747716b5835b27ead8b1571028b7ebbe9901a512a3cd486036a0857,MEM7000578,GRP1018,OakStreet-East,441-17-8844,Michael,Hernandez,1980-05-11,F,+18634323869,1304 Pine Ave,,Phoenix,AZ,85004,USA,"1304 Pine Ave, Phoenix, AZ 85004, USA",PCP0050,Active,EHR,P00578,ING-PAT-20261005-00578,2026-10-05T10:26:54,2026-10-05T10:28:54,2024-03-30T10:28:54,2026-10-05T10:28:54,2026-10-05T06:28:54,246352aacddbf9faa289fd38dce6cb8a680e7e09d151758ac893789a17d5ad9f,CURRENT,True
100579,P00579,89061aa4df883e704e75ad81813490b48a4c719ea4baee2386fad3e3a0838295,MEM7000579,GRP1019,OakStreet-Southwest,396-17-5453,Matthew,Miller,1979-12-27,M,+18753979686,3679 Pine Rd,,Houston,TX,77024,USA,"3679 Pine Rd, Houston, TX 77024, USA",PCP0056,Active,EHR,P00579,ING-PAT-20261005-00579,2026-10-05T10:26:57,2026-10-05T10:28:57,2025-08-12T10:28:57,2026-10-05T10:28:57,2026-10-05T06:37:57,46b174e42bf4288f38035a893b8514292718192252b1ce0060839faed688f439,CURRENT,True
100580,P00580,33c7f2e0d5d8f75671b56c0c49c437c22d293e0c5cb9e7f9c3a92d359bb10d0a,MEM7000580,GRP1020,OakStreet-Central,511-84-2685,James,Davis,1936-07-09,M,+16275195475,4374 Pine Ave,,Austin,TX,78701,USA,"4374 Pine Ave, Austin, TX 78701, USA",PCP0018,Active,EHR,P00580,ING-PAT-20261005-00580,2026-10-05T10:27:00,2026-10-05T10:29:00,2024-07-16T10:29:00,2026-10-05T10:29:00,2026-10-05T09:33:00,bf955363f8b892266872586369944772ac884ef9942f95289a979f8d867d3400,CURRENT,True
100581,P00581,d2ce64475bc785d3be3f2671e8fe60539b5226b59ce508ba2de0b437e25fde2b,MEM7000581,GRP1021,OakStreet-South,663-98-9429,Mary,Smith,1995-11-18,M,+15739221390,9154 Market Rd,,Chicago,IL,60601,USA,"9154 Market Rd, Chicago, IL 60601, USA",PCP0091,Active,EHR,P00581,ING-PAT-20261005-00581,2026-10-05T10:27:03,2026-10-05T10:29:03,2023-06-04T10:29:03,2026-10-05T10:29:03,2026-10-05T09:49:03,0859cfad6e4c23b59955a1817b0b90858119b88f09edae161263cbf50e8dbdf5,CURRENT,True
100582,P00582,c4a286aa1846c5cd0780fe92de9cc4a83234302c4de3d3251f86b8294be172b6,MEM7000582,GRP1022,OakStreet-East,869-80-0150,Anthony,Clark,1952-05-11,M,+13842783363,1545 Main St,Apt 937,Austin,TX,78701,USA,"1545 Main St Apt 937, Austin, TX 78701, USA",PCP0073,Active,EHR,P00582,ING-PAT-20261005-00582,2026-10-05T10:27:06,2026-10-05T10:29:06,2025-11-18T10:29:06,2026-10-05T10:29:06,2026-10-05T09:17:06,ab4c49a251157f5280e0e11021d3c4076b7fa23ed743bb88982456494d39e690,CURRENT,True
100583,P00583,7fd3753c952ede80ac2249dec984e39aadb8d974766beaed6c8331fc038831ef,MEM7000583,GRP1023,OakStreet-Southwest,603-68-9456,Joseph,Martin,1942-06-26,F,+13446014040,8235 Washington Rd,Apt 158,Houston,TX,77005,USA,"8235 Washington Rd Apt 158, Houston, TX 77005, USA",PCP0088,Active,EHR,P00583,ING-PAT-20261005-00583,2026-10-05T10:27:09,2026-10-05T10:29:09,2024-05-08T10:29:09,2026-10-05T10:29:09,2026-10-05T09:36:09,e80427c3b5fc17cca5e0270c9750ece03eb887d9e96c24897ba132aa98d83a89,CURRENT,True
100584,P00584,35694a1c79a0aa8f0720d2aec1491003504857815d5299db881f699705155e0b,MEM7000584,GRP1024,OakStreet-Central,147-22-6907,John,Martinez,1962-05-07,F,+15962996997,7300 Market St,,Atlanta,GA,30303,USA,"7300 Market St, Atlanta, GA 30303, USA",PCP0082,Active,EHR,P00584,ING-PAT-20261005-00584,2026-10-05T10:27:12,2026-10-05T10:29:12,2023-05-26T10:29:12,2026-10-05T10:29:12,2026-10-05T08:41:12,f8b36b393bb5755c14849bd778715b7b627c00ac2dc91660d7f888a5a8c0d141,CURRENT,True
100585,P00585,d0630506f3b89c42bb0d8c3b0b135564b82555aa247bfe3979b0812f0c4edeb9,MEM7000585,GRP1025,OakStreet-South,568-65-8398,John,Miller,1996-05-22,F,+19474437392,6608 Washington Rd,,Phoenix,AZ,85004,USA,"6608 Washington Rd, Phoenix, AZ 85004, USA",PCP0046,Active,EHR,P00585,ING-PAT-20261005-00585,2026-10-05T10:27:15,2026-10-05T10:29:15,2025-02-17T10:29:15,2026-10-05T10:29:15,2026-10-05T06:35:15,b1ff7ae595c615adefac3697887b081795214c96fd2b5c21711e6337149e9d79,CURRENT,True
100586,P00586,c797147f4c0e90e14b7396120d9951499aaebe58063970ade118d38164de1864,MEM7000586,GRP1026,OakStreet-East,625-46-2142,Michael,Clark,1992-09-22,F,+18913049685,6126 Main Rd,,Houston,TX,77024,USA,"6126 Main Rd, Houston, TX 77024, USA",PCP0046,Active,EHR,P00586,ING-PAT-20261005-00586,2026-10-05T10:27:18,2026-10-05T10:29:18,2025-02-21T10:29:18,2026-10-05T10:29:18,2026-10-05T09:11:18,554622a627749eb87ab25c4866fe20cada815f626140962fb47401e5a17bbfdd,CURRENT,True
100587,P00587,5c4fd49de28da71467fef89707202a8ff07717453f93d55ee189ce56cf6512fc,MEM7000587,GRP1027,OakStreet-Southwest,477-33-2787,Betty,Brown,1937-06-25,M,+12768591646,5209 Market Blvd,,Houston,TX,77005,USA,"5209 Market Blvd, Houston, TX 77005, USA",PCP0083,Active,EHR,P00587,ING-PAT-20261005-00587,2026-10-05T10:27:21,2026-10-05T10:29:21,2025-06-28T10:29:21,2026-10-05T10:29:21,2026-10-05T09:16:21,7dd0e853dea4b0c604034f19181c5d62e5e73c4c38454dea0350d0e8d7d05826,CURRENT,True
100588,P00588,6da4f722004080f830750ec497c8952077f2749c85ccb7e96f0674d7eac44cc8,MEM7000588,GRP1028,OakStreet-Central,255-11-6786,Linda,Jones,1981-11-20,F,+12238381911,5071 Park St,Apt 381,Houston,TX,77002,USA,"5071 Park St Apt 381, Houston, TX 77002, USA",PCP0100,Active,EHR,P00588,ING-PAT-20261005-00588,2026-10-05T10:27:24,2026-10-05T10:29:24,2025-03-22T10:29:24,2026-10-05T10:29:24,2026-10-05T09:01:24,cd307e25ed282c933d545538071d0019c17433dacbdfbe677100b7f24fd0c510,CURRENT,True
100589,P00589,abf1394bac5c13f2b3b225ebd5c55c7588df9debc48234a66eae21bb7957c785,MEM7000589,GRP1029,OakStreet-South,854-29-4625,Ashley,Williams,1963-07-17,M,+15475835604,832 Washington Rd,,Orlando,FL,32801,USA,"832 Washington Rd, Orlando, FL 32801, USA",PCP0072,Active,EHR,P00589,ING-PAT-20261005-00589,2026-10-05T10:27:27,2026-10-05T10:29:27,2023-03-29T10:29:27,2026-10-05T10:29:27,2026-10-05T09:30:27,ec569b2fdcc21fb3438815182ff81fc7f9ddb9555b72a6af630b6713e7612ef6,CURRENT,True
100590,P00590,cb37095b93321a7edbdff69838b366a6a501b6217d95095347272136cae78d84,MEM7000590,GRP1030,OakStreet-East,182-91-3569,Sarah,Thompson,1975-05-19,F,+16417152061,235 Lake Ave,,San Antonio,TX,78205,USA,"235 Lake Ave, San Antonio, TX 78205, USA",PCP0039,Active,EHR,P00590,ING-PAT-20261005-00590,2026-10-05T10:27:30,2026-10-05T10:29:30,2025-11-07T10:29:30,2026-10-05T10:29:30,2026-10-05T07:02:30,73e774c6ad33023f779df30265487397dd63829b225868008501b27f01cf2283,CURRENT,True
100591,P00591,eae59e96a2621795067743c69fe886b8627db247c539224a679f92d86268d49a,MEM7000591,GRP1031,OakStreet-Southwest,209-15-0176,Jessica,White,1956-04-23,M,+18094071585,8545 Main St,,Orlando,FL,32801,USA,"8545 Main St, Orlando, FL 32801, USA",PCP0118,Active,EHR,P00591,ING-PAT-20261005-00591,2026-10-05T10:27:33,2026-10-05T10:29:33,2023-07-06T10:29:33,2026-10-05T10:29:33,2026-10-05T06:32:33,a897938b9718c5b6a8283da5fb1d3669091babe91dd9ed48032ae1fbd639d0b8,CURRENT,True
100592,P00592,aaf5665ae80a1438ca4889fe96697a431fb8dfec5e2d5480852fc0aeb5e8a70a,MEM7000592,GRP1032,OakStreet-Central,576-27-8199,Richard,Smith,1938-11-17,F,+18695522088,2062 Main Blvd,,San Antonio,TX,78205,USA,"2062 Main Blvd, San Antonio, TX 78205, USA",PCP0031,Active,EHR,P00592,ING-PAT-20261005-00592,2026-10-05T10:27:36,2026-10-05T10:29:36,2022-09-13T10:29:36,2026-10-05T10:29:36,2026-10-05T09:58:36,9914760527510af21e6a8dbacc211b0df6c9198f5565bc4629440a7b9779ba61,CURRENT,True
100593,P00593,33169777ed41ee8704b86a0fea8112da02ea99f5a0de0a9d9f3ff59ffae86795,MEM7000593,GRP1033,OakStreet-South,614-23-4184,James,Rodriguez,1942-12-18,F,+15078894299,2393 Market Ave,,Chicago,IL,60601,USA,"2393 Market Ave, Chicago, IL 60601, USA",PCP0059,Active,EHR,P00593,ING-PAT-20261005-00593,2026-10-05T10:27:39,2026-10-05T10:29:39,2024-04-25T10:29:39,2026-10-05T10:29:39,2026-10-05T07:03:39,6624157cb408d47f15c9ec1e2c72b3dde6666e6bc1cfe6cb5640c97293aaef6f,CURRENT,True
100594,P00594,2f4171af36e49b4efdb7bc70b8244c56c0d5c0a2486ae325d853f48eeff9fd7c,MEM7000594,GRP1034,OakStreet-East,712-35-0974,Steven,Garcia,1972-07-23,F,+13352915089,4187 Main Blvd,,Chicago,IL,60601,USA,"4187 Main Blvd, Chicago, IL 60601, USA",PCP0047,Active,EHR,P00594,ING-PAT-20261005-00594,2026-10-05T10:27:42,2026-10-05T10:29:42,2025-06-17T10:29:42,2026-10-05T10:29:42,2026-10-05T09:38:42,09e6be9513eb4220fffc3636fefda15648e64d494752044ca0de4cba389a76f6,CURRENT,True
100595,P00595,b0bfdfd18b435238b55186decc4146fd2088087951362d140476fdca55ea79d7,MEM7000595,GRP1035,OakStreet-Southwest,731-26-6075,Joseph,Moore,1979-09-07,F,+17879661086,734 Market Rd,,Atlanta,GA,30303,USA,"734 Market Rd, Atlanta, GA 30303, USA",PCP0091,Active,EHR,P00595,ING-PAT-20261005-00595,2026-10-05T10:27:45,2026-10-05T10:29:45,2024-07-05T10:29:45,2026-10-05T10:29:45,2026-10-05T08:47:45,68beb21df935eae0c3907984173829d0793bea5f257d022f38d6418ef62e269b,CURRENT,True
100596,P00596,2b12460cbb4a5e5e742b9b05073602065756b8c3f99da8826e30fb52b27d4372,MEM7000596,GRP1036,OakStreet-Central,428-12-2128,Barbara,Taylor,1948-02-15,F,+19744628024,4283 Oak Ave,,Austin,TX,78701,USA,"4283 Oak Ave, Austin, TX 78701, USA",PCP0089,Active,EHR,P00596,ING-PAT-20261005-00596,2026-10-05T10:27:48,2026-10-05T10:29:48,2022-08-18T10:29:48,2026-10-05T10:29:48,2026-10-05T10:07:48,bc9fb9fd42a51502bad707577611d3d82b46a7f0810cfdd14867ff6b7b420f78,CURRENT,True
100597,P00597,6460ba2418425cd27bbade8d640b79d18658994d10c8df7a341a3e2a9fd2ce42,MEM7000597,GRP1037,OakStreet-South,778-61-1901,William,Ramirez,1935-09-26,M,+15119037711,650 Washington St,,Dallas,TX,75201,USA,"650 Washington St, Dallas, TX 75201, USA",PCP0042,Active,EHR,P00597,ING-PAT-20261005-00597,2026-10-05T10:27:51,2026-10-05T10:29:51,2023-03-05T10:29:51,2026-10-05T10:29:51,2026-10-05T07:12:51,49f8061b4488fc2d9ef3579eb4ce23cd25c6e2864f92797da047d3f17d798430,CURRENT,True
100598,P00598,a84800df4c28a5f18334c8a539ab50312114f2d2c67375a0ba2dd748fe2b9be9,MEM7000598,GRP1038,OakStreet-East,174-54-3967,Michael,Brown,1982-11-22,M,+19507992692,7992 Oak Ave,,Phoenix,AZ,85004,USA,"7992 Oak Ave, Phoenix, AZ 85004, USA",PCP0119,Active,EHR,P00598,ING-PAT-20261005-00598,2026-10-05T10:27:54,2026-10-05T10:29:54,2025-05-22T10:29:54,2026-10-05T10:29:54,2026-10-05T07:06:54,3fc7d7e9ee324cd62ddedd6069c3e9db2ae4966657c26744b78c71f144479501,CURRENT,True
100599,P00599,84b4c2b841cc1b2e9615bfde9b3891f791e7ce3965b938cf523de26dc67ea407,MEM7000599,GRP1039,OakStreet-Southwest,501-30-4912,Nancy,Johnson,1983-11-01,F,+16225114652,1627 Pine Ave,,Houston,TX,77024,USA,"1627 Pine Ave, Houston, TX 77024, USA",PCP0090,Active,EHR,P00599,ING-PAT-20261005-00599,2026-10-05T10:27:57,2026-10-05T10:29:57,2022-11-11T10:29:57,2026-10-05T10:29:57,2026-10-05T08:36:57,ea76d12486d902e92f2acb1faad7da0363140eca8af36dcefc21bd7cbc32687f,CURRENT,True
100600,P00600,80fc4f6ba73103726436f7caf60e711f611cc903703379fe971dc3ce5c1bf75c,MEM7000600,GRP1000,OakStreet-Central,220-22-7936,Daniel,Wilson,1987-12-23,F,+17853957741,8701 Pine Ave,,Austin,TX,78701,USA,"8701 Pine Ave, Austin, TX 78701, USA",PCP0029,Active,EHR,P00600,ING-PAT-20261005-00600,2026-10-05T10:28:00,2026-10-05T10:30:00,2024-11-28T10:30:00,2026-10-05T10:30:00,2026-10-05T09:59:00,e6aed35394dcf4d5db5c10d96668a3161be286e5587d5b44a8e6cdb630d0eca2,CURRENT,True
100601,P00601,3b310a3425326bb70f972c49e9dc7c3400997b4a9f65b27126b13008dea11a39,MEM7000601,GRP1001,OakStreet-South,668-22-4539,Anthony,Perez,1964-03-17,M,+16716924084,8712 Market Rd,,Orlando,FL,32801,USA,"8712 Market Rd, Orlando, FL 32801, USA",PCP0052,Active,EHR,P00601,ING-PAT-20261005-00601,2026-10-05T10:28:03,2026-10-05T10:30:03,2022-04-01T10:30:03,2026-10-05T10:30:03,2026-10-05T10:08:03,093672b25a2499fa6b8d943d9c5c9f3faf6bb39078e8b48ae3a49f048dea0794,CURRENT,True
100602,P00602,5b6245d6cc37055312aa941aa5bd2d81ff4455d1262ec02b28853d1671bbeeb6,MEM7000602,GRP1002,OakStreet-East,684-37-8249,Margaret,Garcia,1974-03-27,F,+13339153097,1981 Lake Ave,,Houston,TX,77024,USA,"1981 Lake Ave, Houston, TX 77024, USA",PCP0029,Active,EHR,P00602,ING-PAT-20261005-00602,2026-10-05T10:28:06,2026-10-05T10:30:06,2025-10-15T10:30:06,2026-10-05T10:30:06,2026-10-05T07:12:06,86897a4be6c09e2a95727e8b414f576db9f4fe214db30e7c5c2521e98c0244a3,CURRENT,True
100603,P00603,f84d1dc76dd9b2ee6a717e6e014d97c3f4730900744af5c44eddb3cbd1faae84,MEM7000603,GRP1003,OakStreet-Southwest,474-95-0114,Karen,Williams,2001-09-13,M,+15119016382,8104 Main Ave,,Orlando,FL,32801,USA,"8104 Main Ave, Orlando, FL 32801, USA",PCP0111,Active,EHR,P00603,ING-PAT-20261005-00603,2026-10-05T10:28:09,2026-10-05T10:30:09,2025-06-16T10:30:09,2026-10-05T10:30:09,2026-10-05T06:36:09,1501811ba6262b28a19c0272e9f44ca32b8287825fe59045384ad4affc86329b,CURRENT,True
100604,P00604,253eab95b2a17313614855680a21ed0dff6665a665c8f5d25fbe92e671dd9919,MEM7000604,GRP1004,OakStreet-Central,198-27-0801,John,Anderson,1985-11-17,F,+16832712811,4730 Market Rd,,Atlanta,GA,30303,USA,"4730 Market Rd, Atlanta, GA 30303, USA",PCP0017,Active,EHR,P00604,ING-PAT-20261005-00604,2026-10-05T10:28:12,2026-10-05T10:30:12,2025-02-17T10:30:12,2026-10-05T10:30:12,2026-10-05T09:00:12,7531aa8646f1270d05054568ca6a351d1005df4a742ab1066e8cfcab466f2c84,CURRENT,True
100605,P00605,4142e4e875ef277eae37b0200ca4aa15df7dd485bc6d108c9f20a5965988c901,MEM7000605,GRP1005,OakStreet-South,727-94-1119,Charles,Davis,1985-02-26,M,+13484092373,675 Market St,Apt 924,Houston,TX,77024,USA,"675 Market St Apt 924, Houston, TX 77024, USA",PCP0109,Active,EHR,P00605,ING-PAT-20261005-00605,2026-10-05T10:28:15,2026-10-05T10:30:15,2022-11-07T10:30:15,2026-10-05T10:30:15,2026-10-05T09:58:15,02dc27be2cf6a9fc5ad1fd5b7c8b0e3ed0bd5b8247f7cb838f2a49dca51bd862,CURRENT,True
100606,P00606,0d89f557a8071b94a5d9af6fb3c955d8af06e9f8f4ef3fc116abd3ab367d6cbe,MEM7000606,GRP1006,OakStreet-East,875-26-2152,Jessica,Moore,1979-08-18,F,+19522499611,1268 Market Ave,Apt 352,Dallas,TX,75201,USA,"1268 Market Ave Apt 352, Dallas, TX 75201, USA",PCP0076,Active,EHR,P00606,ING-PAT-20261005-00606,2026-10-05T10:28:18,2026-10-05T10:30:18,2025-02-23T10:30:18,2026-10-05T10:30:18,2026-10-05T07:51:18,2d3d73dc38eab023d2e9153f9358ab1d22901bfdeffbeb4ed20141e00c7c1e75,CURRENT,True
100607,P00607,b3320a67275b98690d72549381dbb8520f63f77a8904cbbf8dc6d7a78375e804,MEM7000607,GRP1007,OakStreet-Southwest,371-67-7397,Robert,Lee,1942-03-23,F,+19199723350,5713 Lake Rd,Apt 950,Dallas,TX,75201,USA,"5713 Lake Rd Apt 950, Dallas, TX 75201, USA",PCP0092,Active,EHR,P00607,ING-PAT-20261005-00607,2026-10-05T10:28:21,2026-10-05T10:30:21,2024-07-02T10:30:21,2026-10-05T10:30:21,2026-10-05T09:35:21,5562faf7df246b997c15788c93862f85d52f7c1aab2479fb05d14f5afd985335,CURRENT,True
100608,P00608,ac6649872b11b6b6ad4fbc8fb5ea0588aea7a67769f9fa61d9605fe4dce6d263,MEM7000608,GRP1008,OakStreet-Central,661-27-6984,William,Wilson,1964-06-01,M,+16866869202,5049 Pine St,,San Antonio,TX,78205,USA,"5049 Pine St, San Antonio, TX 78205, USA",PCP0093,Active,EHR,P00608,ING-PAT-20261005-00608,2026-10-05T10:28:24,2026-10-05T10:30:24,2022-10-02T10:30:24,2026-10-05T10:30:24,2026-10-05T09:01:24,ee2fd9ba3aa500bff6050cf5a6f9f9d382344cc6a4bdcef0c8af49496fbb2bda,CURRENT,True
100609,P00609,805ffd3259780e64a5325c44d4eb188e9bf0233b663897d20cc9d5c574484bad,MEM7000609,GRP1009,OakStreet-South,549-35-8892,Susan,Martin,1994-08-15,M,+18646962598,4190 Lake Ave,Apt 374,San Antonio,TX,78205,USA,"4190 Lake Ave Apt 374, San Antonio, TX 78205, USA",PCP0088,Active,EHR,P00609,ING-PAT-20261005-00609,2026-10-05T10:28:27,2026-10-05T10:30:27,2021-11-10T10:30:27,2026-10-05T10:30:27,2026-10-05T10:19:27,72c10446411a719546f082345c917e213c8a7a40d0e8f5fbc91af4ba2358fe80,CURRENT,True
100610,P00610,20b4ee3e74fa6d89c602d98c1e72d28f459b6c4babf3098e63f54ec89ac6ca5f,MEM7000610,GRP1010,OakStreet-East,481-63-0555,Nancy,Martin,1978-10-19,M,+19036808612,1461 Market Ave,Apt 515,Houston,TX,77002,USA,"1461 Market Ave Apt 515, Houston, TX 77002, USA",PCP0027,Active,EHR,P00610,ING-PAT-20261005-00610,2026-10-05T10:28:30,2026-10-05T10:30:30,2025-10-04T10:30:30,2026-10-05T10:30:30,2026-10-05T08:38:30,fb8ebfb57fbf354e360b1537aa73ff951d20fa0dfead1d40eac796140f7752b9,CURRENT,True
100611,P00611,358ec59a5eac49f17bef4c6f3db91c06ed5b8027a4a2038ae81b2f81f6e7ae16,MEM7000611,GRP1011,OakStreet-Southwest,426-82-2173,Karen,Jones,1962-01-15,F,+15496404206,1799 Main St,,Houston,TX,77002,USA,"1799 Main St, Houston, TX 77002, USA",PCP0054,Active,EHR,P00611,ING-PAT-20261005-00611,2026-10-05T10:28:33,2026-10-05T10:30:33,2022-08-25T10:30:33,2026-10-05T10:30:33,2026-10-05T08:41:33,aee3d0b2a4734c8309bb29724534072cd325d8497a8e7f399e089d6fbc798d86,CURRENT,True
100612,P00612,e8cdd3b6337f458bc23f0c845386df6876dd0359b46a18c2024e3b4fe3aed5b8,MEM7000612,GRP1012,OakStreet-Central,873-40-9533,Betty,Garcia,1963-10-17,M,+14152193440,2882 Market Ave,,Austin,TX,78701,USA,"2882 Market Ave, Austin, TX 78701, USA",PCP0120,Active,EHR,P00612,ING-PAT-20261005-00612,2026-10-05T10:28:36,2026-10-05T10:30:36,2025-06-23T10:30:36,2026-10-05T10:30:36,2026-10-05T07:57:36,7570b7699461f12ff3e6235077009a338ce4de2e919d25b5f17917e9fa20326a,CURRENT,True
100613,P00613,969b28deb1df8029587d516f366d9aaef6575140c64a766c8de4753f3bd797ee,MEM7000613,GRP1013,OakStreet-South,226-21-3476,Charles,Sanchez,1961-01-22,M,+14974047494,3836 Main Rd,Apt 902,Orlando,FL,32801,USA,"3836 Main Rd Apt 902, Orlando, FL 32801, USA",PCP0046,Active,EHR,P00613,ING-PAT-20261005-00613,2026-10-05T10:28:39,2026-10-05T10:30:39,2022-12-05T10:30:39,2026-10-05T10:30:39,2026-10-05T09:56:39,5bdb1ee7c71fe23673a3f4b0380c318bc66e0c20dac6ec5b9fd108a83b444ccd,CURRENT,True
100614,P00614,c75e1da4d6fbae534cd1cf9c1040fdfb2bfc057071c70956c60d99ec109c0e07,MEM7000614,GRP1014,OakStreet-East,140-61-6543,Barbara,Clark,1949-02-15,M,+16065406585,412 Washington Ave,,Chicago,IL,60601,USA,"412 Washington Ave, Chicago, IL 60601, USA",PCP0120,Active,EHR,P00614,ING-PAT-20261005-00614,2026-10-05T10:28:42,2026-10-05T10:30:42,2022-12-28T10:30:42,2026-10-05T10:30:42,2026-10-05T10:13:42,032970e96fb455360da4657ecf480da1ee1861e23037a6aa95731c275d7e9805,CURRENT,True
100615,P00615,69d6bad96d86628bd6fd63ac5a9c6ef310b541c264b9a8a762e6b74ae00c196f,MEM7000615,GRP1015,OakStreet-Southwest,152-20-8897,Elizabeth,Rodriguez,1998-01-09,F,+14149443270,7771 Park Ave,,Houston,TX,77002,USA,"7771 Park Ave, Houston, TX 77002, USA",PCP0020,Active,EHR,P00615,ING-PAT-20261005-00615,2026-10-05T10:28:45,2026-10-05T10:30:45,2025-01-09T10:30:45,2026-10-05T10:30:45,2026-10-05T08:50:45,10c22d14728ed9f20790ce749ae34ea01db52bc1d20d89e2d2657390d4b39c81,CURRENT,True
100616,P00616,0d93a168265fd003b27d17d23ae8a6aaf02884bd491e0a103348bdbbb60fbff2,MEM7000616,GRP1016,OakStreet-Central,797-51-5114,Jennifer,Perez,1948-07-18,F,+15642732537,7716 Oak St,Apt 436,Chicago,IL,60601,USA,"7716 Oak St Apt 436, Chicago, IL 60601, USA",PCP0006,Active,EHR,P00616,ING-PAT-20261005-00616,2026-10-05T10:28:48,2026-10-05T10:30:48,2023-11-13T10:30:48,2026-10-05T10:30:48,2026-10-05T06:50:48,fe333eb134ee2c1686f34906b35b81cae8879acc30e4a67264833bb88d43af1b,CURRENT,True
100617,P00617,454bee3fc849e976a40f274606e6e683d02b3c90756c81de8a55ca0dba26b176,MEM7000617,GRP1017,OakStreet-South,219-72-3244,Matthew,Davis,1944-06-18,M,+15138487674,2480 Washington Blvd,Apt 579,Phoenix,AZ,85004,USA,"2480 Washington Blvd Apt 579, Phoenix, AZ 85004, USA",PCP0016,Active,EHR,P00617,ING-PAT-20261005-00617,2026-10-05T10:28:51,2026-10-05T10:30:51,2025-06-23T10:30:51,2026-10-05T10:30:51,2026-10-05T07:57:51,30e8423f17cd5c741958a259a11f8f17bc6424d1da7684ebe6ce0e2af4d10809,CURRENT,True
100618,P00618,8f4993c4ebb9d6254f622465d90bc9dfffe32d1a701b3c3493af03d66889be28,MEM7000618,GRP1018,OakStreet-East,213-13-9300,Thomas,Robinson,1987-04-07,M,+18974585684,4028 Market Ave,,Houston,TX,77005,USA,"4028 Market Ave, Houston, TX 77005, USA",PCP0023,Active,EHR,P00618,ING-PAT-20261005-00618,2026-10-05T10:28:54,2026-10-05T10:30:54,2025-05-22T10:30:54,2026-10-05T10:30:54,2026-10-05T09:15:54,6cef39bb8bb85b884c6eaef98ab9df2443abc1125a883da3f64befe37ae2dd6f,CURRENT,True
100619,P00619,e704bacd894089fd8ea103f38a2f90b19542d03c21f8c42fa0442b97bf652b6d,MEM7000619,GRP1019,OakStreet-Southwest,131-33-5613,Linda,Davis,1982-11-26,F,+19057838221,609 Pine Rd,,Houston,TX,77002,USA,"609 Pine Rd, Houston, TX 77002, USA",PCP0098,Active,EHR,P00619,ING-PAT-20261005-00619,2026-10-05T10:28:57,2026-10-05T10:30:57,2022-03-27T10:30:57,2026-10-05T10:30:57,2026-10-05T07:48:57,f1be48d0bec8c775e821b9dd2334836285fdc202c8cc1b1255e6fe99fd2d7db3,CURRENT,True
100620,P00620,23ee8d6e30e99923112798d433ca4d3dcf602b0aa759493fb3fa38eab5f17dc4,MEM7000620,GRP1020,OakStreet-Central,792-10-5962,Barbara,Robinson,1941-05-20,F,+13326463620,6948 Washington Ave,Apt 583,Dallas,TX,75201,USA,"6948 Washington Ave Apt 583, Dallas, TX 75201, USA",PCP0010,Active,EHR,P00620,ING-PAT-20261005-00620,2026-10-05T10:29:00,2026-10-05T10:31:00,2022-07-18T10:31:00,2026-10-05T10:31:00,2026-10-05T08:56:00,755eca597c60df56a7e87e3a192c2e52e0042035771348cb088762eea835876b,CURRENT,True
100621,P00621,0cd5702959db4a90419b331f6efea5a411da3ad5a2c1a2e4860adec9990aa4c4,MEM7000621,GRP1021,OakStreet-South,778-80-7830,Patricia,Williams,1985-12-15,M,+15019779240,6500 Main Ave,,Chicago,IL,60601,USA,"6500 Main Ave, Chicago, IL 60601, USA",PCP0098,Active,EHR,P00621,ING-PAT-20261005-00621,2026-10-05T10:29:03,2026-10-05T10:31:03,2023-08-10T10:31:03,2026-10-05T10:31:03,2026-10-05T09:45:03,da039fbaa23e134989174fb271abaa1d8f6b3c3076665669e168471a0a057616,CURRENT,True
100622,P00622,5d977edf050e6543dc01596908c8d7e91c4b638579c82d448b3eb47ad20ffa9d,MEM7000622,GRP1022,OakStreet-East,312-62-1284,Thomas,Miller,1999-03-05,F,+19342669507,5611 Lake St,,Houston,TX,77002,USA,"5611 Lake St, Houston, TX 77002, USA",PCP0097,Active,EHR,P00622,ING-PAT-20261005-00622,2026-10-05T10:29:06,2026-10-05T10:31:06,2022-04-28T10:31:06,2026-10-05T10:31:06,2026-10-05T08:34:06,942599242cf78587fff38d782f0e727eaec15989c0ae44e057fed675298dba21,CURRENT,True
100623,P00623,56759ccff9669053b01fb1d4ba0029a490e64ba1954b3ee21d50bc5e340e20a6,MEM7000623,GRP1023,OakStreet-Southwest,334-61-2560,Linda,Garcia,2002-01-26,F,+15354802263,6108 Washington St,,Austin,TX,78701,USA,"6108 Washington St, Austin, TX 78701, USA",PCP0013,Active,EHR,P00623,ING-PAT-20261005-00623,2026-10-05T10:29:09,2026-10-05T10:31:09,2022-11-09T10:31:09,2026-10-05T10:31:09,2026-10-05T10:16:09,423bfdb5717812dbab1971b9b40bb8472b9b74c3615234e3fa3fe5172e7a8c83,CURRENT,True
100624,P00624,73247cb31792cab20144f15d44bca1eae3a32d64c3a7ef1d666296bfdf07b836,MEM7000624,GRP1024,OakStreet-Central,110-16-3988,Margaret,Thompson,1980-04-28,M,+14422789009,4312 Market St,Apt 966,Chicago,IL,60601,USA,"4312 Market St Apt 966, Chicago, IL 60601, USA",PCP0074,Active,EHR,P00624,ING-PAT-20261005-00624,2026-10-05T10:29:12,2026-10-05T10:31:12,2022-12-05T10:31:12,2026-10-05T10:31:12,2026-10-05T07:53:12,2663473f385d7e3edc0bc8316a06880da9be8b8a25ace7286ec7e5b51e9b8f22,CURRENT,True
100625,P00625,13f664b1940c355062345944351b682c36a46adbb9866e5f9ed977aed7c13593,MEM7000625,GRP1025,OakStreet-South,208-77-9876,Susan,Harris,1942-10-11,F,+18786655297,8258 Park St,,Dallas,TX,75201,USA,"8258 Park St, Dallas, TX 75201, USA",PCP0071,Active,EHR,P00625,ING-PAT-20261005-00625,2026-10-05T10:29:15,2026-10-05T10:31:15,2022-06-18T10:31:15,2026-10-05T10:31:15,2026-10-05T08:23:15,60f692395dd93ca0f369947e2a24929109a0c17e78a10f3ff08628afc3d21a16,CURRENT,True
100626,P00626,f5344233303e6e437d508f91882d07db434ab3dcce46cd299016364b8403f6c7,MEM7000626,GRP1026,OakStreet-East,643-65-2515,Robert,Davis,1953-03-12,M,+16854726169,8819 Park Blvd,,Chicago,IL,60601,USA,"8819 Park Blvd, Chicago, IL 60601, USA",PCP0031,Active,EHR,P00626,ING-PAT-20261005-00626,2026-10-05T10:29:18,2026-10-05T10:31:18,2022-07-29T10:31:18,2026-10-05T10:31:18,2026-10-05T07:10:18,21a83ff83a246ea594e19006615e1d267e5f07c49387711c3c772d893c012996,CURRENT,True
100627,P00627,06556cf23293963f3c354aa681f9024199b871acc3588ba0f8facc9e9608d921,MEM7000627,GRP1027,OakStreet-Southwest,540-86-7449,Nancy,Lewis,1957-01-17,F,+12399217313,2415 Oak Blvd,,Phoenix,AZ,85004,USA,"2415 Oak Blvd, Phoenix, AZ 85004, USA",PCP0092,Active,EHR,P00627,ING-PAT-20261005-00627,2026-10-05T10:29:21,2026-10-05T10:31:21,2025-10-12T10:31:21,2026-10-05T10:31:21,2026-10-05T09:11:21,a91109db5b20ab8526feeb129814aa54edeaf9493ddb134d894dc24d9160ab6d,CURRENT,True
100628,P00628,7ec337bc467678a73b090b08f3b133bf8034f0218b9d56742afe4c9f203478ee,MEM7000628,GRP1028,OakStreet-Central,888-90-0559,Sarah,Johnson,1988-02-08,F,+14968435933,7489 Market St,,Dallas,TX,75201,USA,"7489 Market St, Dallas, TX 75201, USA",PCP0070,Active,EHR,P00628,ING-PAT-20261005-00628,2026-10-05T10:29:24,2026-10-05T10:31:24,2025-09-09T10:31:24,2026-10-05T10:31:24,2026-10-05T09:02:24,b71cc35154e64483fb9cd1a62f4e43ceac0e054124f9880d39218b987c5d0d08,CURRENT,True
100629,P00629,c6ef9070e60af07139e80c15e059b6149fcbcdd16e024eb1fe800db14bbd6729,MEM7000629,GRP1029,OakStreet-South,144-31-3128,Daniel,Johnson,1980-11-04,F,+18046333954,5271 Pine Blvd,Apt 633,Orlando,FL,32801,USA,"5271 Pine Blvd Apt 633, Orlando, FL 32801, USA",PCP0023,Active,EHR,P00629,ING-PAT-20261005-00629,2026-10-05T10:29:27,2026-10-05T10:31:27,2022-09-17T10:31:27,2026-10-05T10:31:27,2026-10-05T07:45:27,951b3cdfcafab9408fb035f5ee278678df315d1b7e6becf2b21897233e6ba1f2,CURRENT,True
100630,P00630,96f20e6799d8357bb1cb6efdaad88acf182d33212eeb63c4b665d98fe3f08796,MEM7000630,GRP1030,OakStreet-East,196-26-4794,Thomas,Thompson,1950-11-08,M,+15418595131,6365 Pine Rd,,Phoenix,AZ,85004,USA,"6365 Pine Rd, Phoenix, AZ 85004, USA",PCP0101,Active,EHR,P00630,ING-PAT-20261005-00630,2026-10-05T10:29:30,2026-10-05T10:31:30,2024-09-21T10:31:30,2026-10-05T10:31:30,2026-10-05T10:00:30,5b6e8acf0575dde241deb2ee1d086b366b4fc0dc0a5b9e74621eb5f5d680cae2,CURRENT,True
100631,P00631,f638dfbe6e56c88fe5f7575ccf4b5726498e16e041c3c4e9dc9e923df034587c,MEM7000631,GRP1031,OakStreet-Southwest,134-45-5741,James,Brown,1992-12-23,F,+17182862558,4145 Park St,,Chicago,IL,60601,USA,"4145 Park St, Chicago, IL 60601, USA",PCP0039,Active,EHR,P00631,ING-PAT-20261005-00631,2026-10-05T10:29:33,2026-10-05T10:31:33,2025-01-11T10:31:33,2026-10-05T10:31:33,2026-10-05T06:55:33,79dd96068fa5124db2b9247ae6cbec9df53f05380e3820a0308adc5f0d942bf2,CURRENT,True
100632,P00632,16f317a22a0f1e23224a71004382eadb66a53ca6f9f5aa81b604ba240a7c9476,MEM7000632,GRP1032,OakStreet-Central,741-77-7641,James,Taylor,1986-02-09,M,+14654074847,9041 Park Ave,,Houston,TX,77005,USA,"9041 Park Ave, Houston, TX 77005, USA",PCP0016,Active,EHR,P00632,ING-PAT-20261005-00632,2026-10-05T10:29:36,2026-10-05T10:31:36,2024-06-18T10:31:36,2026-10-05T10:31:36,2026-10-05T09:15:36,4d5fa920f6fc5a764d829e86ed46f93f1f387342d0976efaa258f34cdc8f74ff,CURRENT,True
100633,P00633,73fa415b330d37fbdaf7da437ecaa3e992e28451aac2ed7b775c55cec7132d90,MEM7000633,GRP1033,OakStreet-South,320-36-6374,Sarah,Martinez,1953-03-04,F,+15108851450,7590 Main St,,Dallas,TX,75201,USA,"7590 Main St, Dallas, TX 75201, USA",PCP0109,Active,EHR,P00633,ING-PAT-20261005-00633,2026-10-05T10:29:39,2026-10-05T10:31:39,2025-02-20T10:31:39,2026-10-05T10:31:39,2026-10-05T08:50:39,f0f692089099841be9f8c529448e977f9d50bc7b78b301b4e5d7080428c6911c,CURRENT,True
100634,P00634,b0c0446fe5c5a3655b7c4c71ab52140a9f3d38407b03575adfeba07499cc65ab,MEM7000634,GRP1034,OakStreet-East,298-72-3895,Daniel,Wilson,1993-01-13,F,+15089406770,1909 Oak Ave,Apt 606,Chicago,IL,60601,USA,"1909 Oak Ave Apt 606, Chicago, IL 60601, USA",PCP0030,Active,EHR,P00634,ING-PAT-20261005-00634,2026-10-05T10:29:42,2026-10-05T10:31:42,2022-01-14T10:31:42,2026-10-05T10:31:42,2026-10-05T09:59:42,37f9af1dbac94460ced4c485b2e1c22ee1070fd6ec631e4e959645b94e32925f,CURRENT,True
100635,P00635,124961e570a2f6dff8181d092119a5e41bc8a980b7bc34d6053584965326473d,MEM7000635,GRP1035,OakStreet-Southwest,606-22-4669,Robert,Martinez,2003-06-06,F,+13585161917,4131 Park Rd,,Phoenix,AZ,85004,USA,"4131 Park Rd, Phoenix, AZ 85004, USA",PCP0097,Active,EHR,P00635,ING-PAT-20261005-00635,2026-10-05T10:29:45,2026-10-05T10:31:45,2024-08-16T10:31:45,2026-10-05T10:31:45,2026-10-05T07:15:45,b390f7f3130d27533a3045ad1d1bcb71edc2fe45ea56b4360212908e0dedfcdb,CURRENT,True
100636,P00636,786ffe18d56c33ffc1e9179bafce0c6e1652fc756acd0c4cfc2409a1221abd49,MEM7000636,GRP1036,OakStreet-Central,690-49-2342,Margaret,Perez,1945-12-28,F,+16534248607,6278 Oak St,,Houston,TX,77024,USA,"6278 Oak St, Houston, TX 77024, USA",PCP0102,Active,EHR,P00636,ING-PAT-20261005-00636,2026-10-05T10:29:48,2026-10-05T10:31:48,2024-06-24T10:31:48,2026-10-05T10:31:48,2026-10-05T09:52:48,f75751a4556367e9469017d21910f1478f1d4b60969f433f9b369c6388c0c001,CURRENT,True
100637,P00637,0f8facb47a1734b8cfa7378eae5b55ee7e39f7d8aa6cbfcd83b69ed5714247c1,MEM7000637,GRP1037,OakStreet-South,277-18-8261,Margaret,Martinez,1981-11-22,M,+16445066203,4278 Pine Rd,,Dallas,TX,75201,USA,"4278 Pine Rd, Dallas, TX 75201, USA",PCP0073,Active,EHR,P00637,ING-PAT-20261005-00637,2026-10-05T10:29:51,2026-10-05T10:31:51,2021-12-01T10:31:51,2026-10-05T10:31:51,2026-10-05T09:12:51,107f1785b9447631eab27cc1ac452c113a4e8629d26dc964db9ffdc4f4e2a5dc,CURRENT,True
100638,P00638,56f72ba585031edc32df40765c0f6875202785982f8f6a6979a933987242c11f,MEM7000638,GRP1038,OakStreet-East,558-81-3584,Richard,Ramirez,1965-04-21,F,+13164062204,4680 Park Rd,,Orlando,FL,32801,USA,"4680 Park Rd, Orlando, FL 32801, USA",PCP0029,Active,EHR,P00638,ING-PAT-20261005-00638,2026-10-05T10:29:54,2026-10-05T10:31:54,2022-11-08T10:31:54,2026-10-05T10:31:54,2026-10-05T07:21:54,a7eae26ff68214f057e7f07a8b34aba614395eee6cd2c4a376f0a5729d4fa084,CURRENT,True
100639,P00639,6cecc225ecf907e9bb53aa3e41ec3534fc3011cc68656abdc6658f5e0fee467a,MEM7000639,GRP1039,OakStreet-Southwest,252-69-9929,Steven,Smith,1974-03-13,F,+17654877370,3242 Market Ave,,Orlando,FL,32801,USA,"3242 Market Ave, Orlando, FL 32801, USA",PCP0098,Active,EHR,P00639,ING-PAT-20261005-00639,2026-10-05T10:29:57,2026-10-05T10:31:57,2024-11-28T10:31:57,2026-10-05T10:31:57,2026-10-05T09:14:57,a43e2819858dea35fdf41a8a5c6340cf044d27902a5af0599485bbb6a3208caf,CURRENT,True
100640,P00640,f3cdcc56d9952b061c0e234cc6c1a69063b7cda86beaa1edd6512d6628d8ac7e,MEM7000640,GRP1000,OakStreet-Central,693-50-8345,Anthony,Williams,1950-08-08,F,+18758503840,5883 Washington Ave,,San Antonio,TX,78205,USA,"5883 Washington Ave, San Antonio, TX 78205, USA",PCP0005,Active,EHR,P00640,ING-PAT-20261005-00640,2026-10-05T10:30:00,2026-10-05T10:32:00,2023-03-01T10:32:00,2026-10-05T10:32:00,2026-10-05T08:19:00,15800a5efc8b6e7518e7508723f73a0cb0c72994b96e2addc334ebe13db0675f,CURRENT,True
100641,P00641,fd52ee736e748747225cdca7a7cdcf68cadaf493cc7e9052ab95293321adba41,MEM7000641,GRP1001,OakStreet-South,172-94-8286,Nancy,Hernandez,1971-07-26,M,+19494868215,748 Pine Rd,Apt 579,Phoenix,AZ,85004,USA,"748 Pine Rd Apt 579, Phoenix, AZ 85004, USA",PCP0087,Active,EHR,P00641,ING-PAT-20261005-00641,2026-10-05T10:30:03,2026-10-05T10:32:03,2025-02-01T10:32:03,2026-10-05T10:32:03,2026-10-05T06:42:03,d346bfffae5cfba760b45b67cd3e306a6b1f4052b27940251a76747c90ab8c94,CURRENT,True
100642,P00642,b3374a3d5f510ef79ee81a168a1554c32856740cd406bd9d45252d0248ac4b05,MEM7000642,GRP1002,OakStreet-East,687-13-0594,Anthony,Jones,1935-03-04,M,+17432164275,5999 Lake Blvd,,Houston,TX,77005,USA,"5999 Lake Blvd, Houston, TX 77005, USA",PCP0002,Active,EHR,P00642,ING-PAT-20261005-00642,2026-10-05T10:30:06,2026-10-05T10:32:06,2023-01-10T10:32:06,2026-10-05T10:32:06,2026-10-05T09:38:06,b046ad6be1a601b04857de8ebb161f5928850216dd50a0e1a6b55eb5c273b969,CURRENT,True
100643,P00643,28b293d094bbd4720ddbd001420e2410cb6cd5d8093db340571b59a6b1f42a3d,MEM7000643,GRP1003,OakStreet-Southwest,192-25-0739,Anthony,Sanchez,1947-12-23,F,+18469524283,3308 Pine Ave,Apt 59,San Antonio,TX,78205,USA,"3308 Pine Ave Apt 59, San Antonio, TX 78205, USA",PCP0071,Active,EHR,P00643,ING-PAT-20261005-00643,2026-10-05T10:30:09,2026-10-05T10:32:09,2025-10-05T10:32:09,2026-10-05T10:32:09,2026-10-05T10:19:09,50a5673cc69749950b852dfd28a38b8ca9add7cf456b2c120e359af5390e85df,CURRENT,True
100644,P00644,954d61cf9a7d8db7888f6a4343376e614e60f175309564f520a9cd8896216f25,MEM7000644,GRP1004,OakStreet-Central,325-85-4438,Mary,Gonzalez,1949-10-03,M,+16539564897,9194 Washington St,Apt 603,Houston,TX,77002,USA,"9194 Washington St Apt 603, Houston, TX 77002, USA",PCP0065,Active,EHR,P00644,ING-PAT-20261005-00644,2026-10-05T10:30:12,2026-10-05T10:32:12,2022-05-02T10:32:12,2026-10-05T10:32:12,2026-10-05T09:48:12,eeaf29805dcc52bf29939cc3b7d5ba84bcb856e411574776ef742fa0c00dea75,CURRENT,True
100645,P00645,81b1a082b59bae1d3f3cb20d45b0c7d2fd7af2e76c5442c059f47cb24468d030,MEM7000645,GRP1005,OakStreet-South,450-25-7173,Patricia,White,1959-01-15,M,+17486926093,8561 Pine Ave,,Dallas,TX,75201,USA,"8561 Pine Ave, Dallas, TX 75201, USA",PCP0086,Active,EHR,P00645,ING-PAT-20261005-00645,2026-10-05T10:30:15,2026-10-05T10:32:15,2021-11-11T10:32:15,2026-10-05T10:32:15,2026-10-05T08:58:15,cadaf34adb8cab2c2c71c170805766a4696aa062c28c85621af24f9169cca668,CURRENT,True
100646,P00646,a6488d95e8358435dae357840235cabb6e95e16c27c65e08aa3160696b6b5800,MEM7000646,GRP1006,OakStreet-East,174-62-0893,Steven,Perez,1990-04-08,F,+12976546450,9435 Washington St,,San Antonio,TX,78205,USA,"9435 Washington St, San Antonio, TX 78205, USA",PCP0112,Active,EHR,P00646,ING-PAT-20261005-00646,2026-10-05T10:30:18,2026-10-05T10:32:18,2023-10-19T10:32:18,2026-10-05T10:32:18,2026-10-05T07:02:18,7b96a12de0ac54d876692aa14d8221431d5613743d16cca83ba82f19e5aa0e5f,CURRENT,True
100647,P00647,133403479e16ab38f7f6834f01aed6e014f4bf887e07eb4537b07c2a4e35e645,MEM7000647,GRP1007,OakStreet-Southwest,360-46-0886,Mary,Martin,1998-04-28,F,+17304619827,5294 Main Rd,,San Antonio,TX,78205,USA,"5294 Main Rd, San Antonio, TX 78205, USA",PCP0057,Active,EHR,P00647,ING-PAT-20261005-00647,2026-10-05T10:30:21,2026-10-05T10:32:21,2024-09-11T10:32:21,2026-10-05T10:32:21,2026-10-05T09:58:21,7d7b7617b2f33531a5f0e0da717be3e62c5e7b9cefed51bb2950b9d2710e7ced,CURRENT,True
100648,P00648,4fa229cfea63572f00f7cda3732b6fea0a3540c546765f611b7211de6cae35c5,MEM7000648,GRP1008,OakStreet-Central,100-19-9493,William,Moore,1962-12-15,M,+13325457198,2629 Washington St,,Chicago,IL,60601,USA,"2629 Washington St, Chicago, IL 60601, USA",PCP0042,Active,EHR,P00648,ING-PAT-20261005-00648,2026-10-05T10:30:24,2026-10-05T10:32:24,2024-02-10T10:32:24,2026-10-05T10:32:24,2026-10-05T08:12:24,b4a5a5189eb5f948a89a1c8437dc9e8d8f9c10e7586c19e2e8f1ba561a1fd4d9,CURRENT,True
100649,P00649,ddade1bfaa0e0a60193c83471d0ca91dce9398711d8056ba256983b399e92ae6,MEM7000649,GRP1009,OakStreet-South,608-83-4210,William,Anderson,1979-02-03,F,+14403588545,4761 Market Rd,Apt 546,Chicago,IL,60601,USA,"4761 Market Rd Apt 546, Chicago, IL 60601, USA",PCP0029,Active,EHR,P00649,ING-PAT-20261005-00649,2026-10-05T10:30:27,2026-10-05T10:32:27,2022-11-09T10:32:27,2026-10-05T10:32:27,2026-10-05T10:23:27,9c945cbd52d9241ff99c7669efc1500cb86bf449d19ea3dd7fe85e6349ebb377,CURRENT,True
100650,P00650,4ac3cc834060633e7926586751dda6a7cb9595fa5745cdfddfafa4d15dc2baad,MEM7000650,GRP1010,OakStreet-East,265-90-4275,Anthony,Williams,1952-06-06,F,+14876302823,7714 Lake Rd,Apt 660,Austin,TX,78701,USA,"7714 Lake Rd Apt 660, Austin, TX 78701, USA",PCP0047,Active,EHR,P00650,ING-PAT-20261005-00650,2026-10-05T10:30:30,2026-10-05T10:32:30,2022-03-06T10:32:30,2026-10-05T10:32:30,2026-10-05T06:48:30,93a538e84cf44a4fa065b689a47c915724819a5730f1f4ae95d47ac34122333c,CURRENT,True
100651,P00651,a75c89de5b5e732d5f73c63b7292ec19b9104f7ee598c1342ff14fd935eaeaa3,MEM7000651,GRP1011,OakStreet-Southwest,319-54-7475,Ashley,Garcia,1983-08-19,F,+17958228556,4109 Washington St,,Austin,TX,78701,USA,"4109 Washington St, Austin, TX 78701, USA",PCP0104,Active,EHR,P00651,ING-PAT-20261005-00651,2026-10-05T10:30:33,2026-10-05T10:32:33,2025-06-09T10:32:33,2026-10-05T10:32:33,2026-10-05T08:28:33,f2b22e85bb1da1bb8972164cfea6e80869462da6b8968c1faf04ec9b3918b844,CURRENT,True
100652,P00652,cf86028d801e657beed1203ebc338d675db9a2c3dcc8519194d5b3f5d123af09,MEM7000652,GRP1012,OakStreet-Central,846-16-2477,Daniel,Johnson,1974-10-18,F,+15585784438,3693 Main Rd,,Houston,TX,77024,USA,"3693 Main Rd, Houston, TX 77024, USA",PCP0017,Active,EHR,P00652,ING-PAT-20261005-00652,2026-10-05T10:30:36,2026-10-05T10:32:36,2022-10-07T10:32:36,2026-10-05T10:32:36,2026-10-05T08:18:36,87145df8d8e9c6b9d7543f9f33d9b34c4c33179953fc88e14f39f2c582b06001,CURRENT,True
100653,P00653,a33d3e3de16b08c6875d2f4cb19cb353ca466ae259323ca7ff1411b9c1efe35e,MEM7000653,GRP1013,OakStreet-South,354-55-6819,John,Rodriguez,1953-02-19,M,+19204359709,2314 Oak Blvd,,Houston,TX,77002,USA,"2314 Oak Blvd, Houston, TX 77002, USA",PCP0070,Active,EHR,P00653,ING-PAT-20261005-00653,2026-10-05T10:30:39,2026-10-05T10:32:39,2022-09-30T10:32:39,2026-10-05T10:32:39,2026-10-05T08:05:39,eabd124b500db6e227cf294a4019007b2c610f1f334e3905fe1c4442ab66c9fe,CURRENT,True
100654,P00654,c0ae3ce89c988d4005201034dd8e1c3c9a3063e273546553e1f3b22b0521e2c6,MEM7000654,GRP1014,OakStreet-East,785-70-9950,Barbara,Jones,1980-06-25,M,+13743762209,7726 Washington Blvd,,Houston,TX,77002,USA,"7726 Washington Blvd, Houston, TX 77002, USA",PCP0028,Active,EHR,P00654,ING-PAT-20261005-00654,2026-10-05T10:30:42,2026-10-05T10:32:42,2024-12-13T10:32:42,2026-10-05T10:32:42,2026-10-05T09:35:42,9800aa92c05647b86a368e36c842c99aa9655805477804ccbdbaaf07751cd18c,CURRENT,True
100655,P00655,689acbff9723ed5480d7e035b6b7daf85913035cf42bbda590e47f662899784c,MEM7000655,GRP1015,OakStreet-Southwest,118-72-8044,Jennifer,Rodriguez,1947-03-06,M,+15255446439,8719 Pine St,,Houston,TX,77005,USA,"8719 Pine St, Houston, TX 77005, USA",PCP0119,Active,EHR,P00655,ING-PAT-20261005-00655,2026-10-05T10:30:45,2026-10-05T10:32:45,2021-11-10T10:32:45,2026-10-05T10:32:45,2026-10-05T07:31:45,0ac587010fc8a0693fb5ab02fc7cc68f39ff913c203b0d152c365abe3f522d7a,CURRENT,True
100656,P00656,168df669b6b8d55fae4e001b7bdb9fe13c0c646ca5c99861a33f0ecef4cc9d6b,MEM7000656,GRP1016,OakStreet-Central,884-69-5933,William,Anderson,1974-03-03,F,+17166602007,1936 Oak Ave,Apt 680,Chicago,IL,60601,USA,"1936 Oak Ave Apt 680, Chicago, IL 60601, USA",PCP0111,Active,EHR,P00656,ING-PAT-20261005-00656,2026-10-05T10:30:48,2026-10-05T10:32:48,2024-01-29T10:32:48,2026-10-05T10:32:48,2026-10-05T09:36:48,fbd9174eaf58533b73cc40d220d7183473943ef757a1e4514ed4fa3b071a3c55,CURRENT,True
100657,P00657,d2ad20c697205acfa535aa126548259703226d2ddd41fce2cd8eea2eba3b1bc4,MEM7000657,GRP1017,OakStreet-South,103-91-4737,Margaret,Anderson,1975-09-18,M,+17853103916,2490 Market Ave,,Dallas,TX,75201,USA,"2490 Market Ave, Dallas, TX 75201, USA",PCP0106,Active,EHR,P00657,ING-PAT-20261005-00657,2026-10-05T10:30:51,2026-10-05T10:32:51,2023-03-30T10:32:51,2026-10-05T10:32:51,2026-10-05T06:33:51,fda3f91a9629d6b2dfd3ef973759233aac77692eab4c17b935aaf3aa4836ece8,CURRENT,True
100658,P00658,267c9d3f35e97c43c2bcb333f46b1c066691cb405c9d384a14730d50bcf5ffd3,MEM7000658,GRP1018,OakStreet-East,707-85-6533,Margaret,Martin,1999-05-11,F,+17428841686,282 Washington St,Apt 580,Houston,TX,77005,USA,"282 Washington St Apt 580, Houston, TX 77005, USA",PCP0024,Active,EHR,P00658,ING-PAT-20261005-00658,2026-10-05T10:30:54,2026-10-05T10:32:54,2022-12-01T10:32:54,2026-10-05T10:32:54,2026-10-05T09:38:54,e9bfcf7c83ce24cac33fa6610561507ca187d8b49a3b3009f2a16d80d17de6d2,CURRENT,True
100659,P00659,309e7fa4b6011f44812f83e1a1977c35c57d0647f31ee0e26191825e4193e602,MEM7000659,GRP1019,OakStreet-Southwest,822-37-6457,Mark,Moore,1979-10-01,M,+17479892237,9019 Pine Ave,,Chicago,IL,60601,USA,"9019 Pine Ave, Chicago, IL 60601, USA",PCP0037,Active,EHR,P00659,ING-PAT-20261005-00659,2026-10-05T10:30:57,2026-10-05T10:32:57,2024-10-20T10:32:57,2026-10-05T10:32:57,2026-10-05T10:05:57,1c51abac8625aba430558c226fc15daf91bc9a1651d3b5c8127438ce9bf2f18e,CURRENT,True
100660,P00660,323e112d98ddb1326f04726348514f452ea0fee776ce1bc641bd2c2519031633,MEM7000660,GRP1020,OakStreet-Central,204-27-9177,Margaret,Hernandez,2004-12-14,M,+13792675807,2025 Main Ave,,Atlanta,GA,30303,USA,"2025 Main Ave, Atlanta, GA 30303, USA",PCP0053,Active,EHR,P00660,ING-PAT-20261005-00660,2026-10-05T10:31:00,2026-10-05T10:33:00,2023-03-16T10:33:00,2026-10-05T10:33:00,2026-10-05T06:34:00,ed2a9634fe9bcf81c4e5d9391be4631d743c915eb08e9424b51745e5153f5666,CURRENT,True
100661,P00661,d7344cf2eaeaac25519f921aac03eabf2d99d905e7a2fb042d9928a96820ddcc,MEM7000661,GRP1021,OakStreet-South,535-40-1940,Daniel,Martin,1935-04-09,F,+18254128401,9037 Washington St,,Chicago,IL,60601,USA,"9037 Washington St, Chicago, IL 60601, USA",PCP0117,Active,EHR,P00661,ING-PAT-20261005-00661,2026-10-05T10:31:03,2026-10-05T10:33:03,2025-06-16T10:33:03,2026-10-05T10:33:03,2026-10-05T07:24:03,5892d90317a3050e42519aede2c0c1e0f0efc930045c59c8499e0b760f0fb6e7,CURRENT,True
100662,P00662,8b7e603b1a55e7a94795ac93ea8981d2bc37ffabf0e74dc43e69a5dbbab375f9,MEM7000662,GRP1022,OakStreet-East,290-30-7846,Joseph,Jones,1963-05-17,F,+17432295857,6728 Oak Rd,,Houston,TX,77024,USA,"6728 Oak Rd, Houston, TX 77024, USA",PCP0009,Active,EHR,P00662,ING-PAT-20261005-00662,2026-10-05T10:31:06,2026-10-05T10:33:06,2025-09-29T10:33:06,2026-10-05T10:33:06,2026-10-05T10:29:06,59528b73477275ea8c48eda6bde165771dddf5ef7147a8fbe23f68ff2ba46e1f,CURRENT,True
100663,P00663,68f43ed1cfabad7ffb44e09fa4b586bbcf91ff93cd66b960ead3e42db152d96b,MEM7000663,GRP1023,OakStreet-Southwest,242-66-8583,Betty,Johnson,2001-03-19,F,+12424337797,7415 Main Rd,,Houston,TX,77005,USA,"7415 Main Rd, Houston, TX 77005, USA",PCP0039,Active,EHR,P00663,ING-PAT-20261005-00663,2026-10-05T10:31:09,2026-10-05T10:33:09,2024-02-16T10:33:09,2026-10-05T10:33:09,2026-10-05T09:20:09,1b283e94a4b4357d7cd15fce668a8e6f09396db6cdba84d1c09dd0407745a74d,CURRENT,True
100664,P00664,c3aab9949111432ffd2c159f91b1c08e2facda43ea9c62a407a46b512b11744c,MEM7000664,GRP1024,OakStreet-Central,183-29-3066,William,Smith,1967-01-27,M,+17507273137,6612 Main Blvd,,Phoenix,AZ,85004,USA,"6612 Main Blvd, Phoenix, AZ 85004, USA",PCP0076,Active,EHR,P00664,ING-PAT-20261005-00664,2026-10-05T10:31:12,2026-10-05T10:33:12,2024-12-23T10:33:12,2026-10-05T10:33:12,2026-10-05T07:16:12,c6a3810116fb8894ca41f05c66cfe1068cf3f32a163de0891ee7c9960f02cd34,CURRENT,True
100665,P00665,e250836cf8a41dec78f4729f12d870862dc9135690c9e160d41b3e751d87c254,MEM7000665,GRP1025,OakStreet-South,897-73-4341,Barbara,Gonzalez,1984-11-10,F,+15758383196,5218 Oak Blvd,Apt 575,Atlanta,GA,30303,USA,"5218 Oak Blvd Apt 575, Atlanta, GA 30303, USA",PCP0107,Active,EHR,P00665,ING-PAT-20261005-00665,2026-10-05T10:31:15,2026-10-05T10:33:15,2022-02-16T10:33:15,2026-10-05T10:33:15,2026-10-05T08:13:15,3b5d360cd7e190ddc1b80d03d6de4514a4c132a33a4a9b2d72ead354735143cd,CURRENT,True
100666,P00666,5615925c6be944de0dde42edfa6825849284f0a1452c7a664f820ae9bf6abd4f,MEM7000666,GRP1026,OakStreet-East,336-74-9934,William,Jones,1966-11-06,M,+17149715909,8240 Park Blvd,Apt 207,Dallas,TX,75201,USA,"8240 Park Blvd Apt 207, Dallas, TX 75201, USA",PCP0099,Active,EHR,P00666,ING-PAT-20261005-00666,2026-10-05T10:31:18,2026-10-05T10:33:18,2024-05-25T10:33:18,2026-10-05T10:33:18,2026-10-05T09:52:18,d9b8e45750d03d9358376cc225c90ec609aa9f79ef2d21876cd33aa626a82469,CURRENT,True
100667,P00667,0fa2ceaa714935c8ba497846a041a11feba21bf9a7c2982aa2dcf442d3f18e46,MEM7000667,GRP1027,OakStreet-Southwest,492-34-5179,Linda,Jackson,1997-06-13,M,+14913596827,1487 Park Rd,Apt 813,Phoenix,AZ,85004,USA,"1487 Park Rd Apt 813, Phoenix, AZ 85004, USA",PCP0068,Active,EHR,P00667,ING-PAT-20261005-00667,2026-10-05T10:31:21,2026-10-05T10:33:21,2022-06-14T10:33:21,2026-10-05T10:33:21,2026-10-05T07:15:21,4b800219340ea1b6f43c5ac83d47412ff55a8600452630004fcf96031e747739,CURRENT,True
100668,P00668,80df90847ba2ae0dc6377af3f4eb96165bcb3c06ebece9d68b4b0afb09b57eaf,MEM7000668,GRP1028,OakStreet-Central,318-11-0458,Mary,Hernandez,1954-03-19,M,+13814241749,6507 Main Rd,,Houston,TX,77005,USA,"6507 Main Rd, Houston, TX 77005, USA",PCP0103,Active,EHR,P00668,ING-PAT-20261005-00668,2026-10-05T10:31:24,2026-10-05T10:33:24,2023-07-15T10:33:24,2026-10-05T10:33:24,2026-10-05T07:00:24,52a24fe406d117e16f9db301da7066ca159848568132b300686e808e611a5c07,CURRENT,True
100669,P00669,bf917bad1fa0d128b4a39782ddda0569526f6c9b4fe657f5d160ed9bab6ea0a6,MEM7000669,GRP1029,OakStreet-South,577-70-8116,James,Thompson,1982-08-03,F,+15599212974,7041 Oak Blvd,,Dallas,TX,75201,USA,"7041 Oak Blvd, Dallas, TX 75201, USA",PCP0110,Active,EHR,P00669,ING-PAT-20261005-00669,2026-10-05T10:31:27,2026-10-05T10:33:27,2022-11-05T10:33:27,2026-10-05T10:33:27,2026-10-05T07:29:27,bb722665e9cfb2457b1f0d55b09cfe644def9fd669832c89fde5c06ce83699bd,CURRENT,True
100670,P00670,62714bde70a132a2dc92ab8cc13b6214742d6759c0c15702bf625b46f6d21b6b,MEM7000670,GRP1030,OakStreet-East,491-15-2150,John,Garcia,1948-09-28,M,+17525986650,4886 Washington Ave,Apt 680,Houston,TX,77024,USA,"4886 Washington Ave Apt 680, Houston, TX 77024, USA",PCP0093,Active,EHR,P00670,ING-PAT-20261005-00670,2026-10-05T10:31:30,2026-10-05T10:33:30,2023-03-31T10:33:30,2026-10-05T10:33:30,2026-10-05T10:15:30,1c9ce52cb97014a1f52fe90fbc5a571b0d0f2a1707e986112f7ad46bb225461e,CURRENT,True
100671,P00671,57c324e32c3750408e1463209097b9149afd132054b5fb34c1b5af0003a6ead6,MEM7000671,GRP1031,OakStreet-Southwest,846-61-9917,William,Wilson,1961-12-22,F,+18905414037,7788 Park Ave,,Dallas,TX,75201,USA,"7788 Park Ave, Dallas, TX 75201, USA",PCP0119,Active,EHR,P00671,ING-PAT-20261005-00671,2026-10-05T10:31:33,2026-10-05T10:33:33,2022-05-10T10:33:33,2026-10-05T10:33:33,2026-10-05T08:16:33,773c94b4b8029301ae7a8949c01fac003473646d65170581a3b56b6cd68778f3,CURRENT,True
100672,P00672,e2dba106cbb32aad6ef1dd705536d64ff3f8660127cfb5335f06d670be02113e,MEM7000672,GRP1032,OakStreet-Central,793-83-3779,Richard,Lopez,1978-05-09,M,+16267631737,5811 Oak Rd,,Austin,TX,78701,USA,"5811 Oak Rd, Austin, TX 78701, USA",PCP0087,Active,EHR,P00672,ING-PAT-20261005-00672,2026-10-05T10:31:36,2026-10-05T10:33:36,2022-11-27T10:33:36,2026-10-05T10:33:36,2026-10-05T08:05:36,1bb397f4fff14b3e8a596544b40e7f88b698de860f62f7eabede0a21c3d8288c,CURRENT,True
100673,P00673,0b3095f10d700f7cc8a7b2ecf5301340d028780f7a607d286987a3ce71435ae4,MEM7000673,GRP1033,OakStreet-South,393-73-1307,Jessica,Sanchez,1943-06-07,F,+19166133890,1204 Main Blvd,,Houston,TX,77024,USA,"1204 Main Blvd, Houston, TX 77024, USA",PCP0076,Active,EHR,P00673,ING-PAT-20261005-00673,2026-10-05T10:31:39,2026-10-05T10:33:39,2025-01-16T10:33:39,2026-10-05T10:33:39,2026-10-05T06:39:39,202c2200b94e3a49aeb4bfc51f36abe55ccdac33a7bac4d446dce0f9a46e95a2,CURRENT,True
100674,P00674,4cdb776c25492e7ba669d78b66adb63f48da4735dd498ee1275cc7483b037b9a,MEM7000674,GRP1034,OakStreet-East,267-83-6107,Ashley,Rodriguez,1967-07-12,F,+14677175886,5246 Oak Blvd,Apt 44,San Antonio,TX,78205,USA,"5246 Oak Blvd Apt 44, San Antonio, TX 78205, USA",PCP0053,Active,EHR,P00674,ING-PAT-20261005-00674,2026-10-05T10:31:42,2026-10-05T10:33:42,2023-05-07T10:33:42,2026-10-05T10:33:42,2026-10-05T06:39:42,dc0ddec47e5ebb27704754d6976e93bc8569677c2a50eedde3283e9e0819610f,CURRENT,True
100675,P00675,5ab94533b91cebcacf4d7880feef33502ec45e2863c1d09a4b8b597042ec601d,MEM7000675,GRP1035,OakStreet-Southwest,705-27-0674,Mark,Anderson,1975-09-18,M,+15502053363,6366 Oak St,,Chicago,IL,60601,USA,"6366 Oak St, Chicago, IL 60601, USA",PCP0092,Active,EHR,P00675,ING-PAT-20261005-00675,2026-10-05T10:31:45,2026-10-05T10:33:45,2022-08-01T10:33:45,2026-10-05T10:33:45,2026-10-05T06:58:45,39b91e0f42140306e23254d77a475f898701b94b2ee12f0b36b4e5905b72c6a6,CURRENT,True
100676,P00676,570338316184be31b553c37609b84ffbacb5aaed15f47c577594327499f38921,MEM7000676,GRP1036,OakStreet-Central,569-74-8291,Anthony,Martinez,1938-12-20,F,+16066379028,6570 Market Blvd,,San Antonio,TX,78205,USA,"6570 Market Blvd, San Antonio, TX 78205, USA",PCP0116,Active,EHR,P00676,ING-PAT-20261005-00676,2026-10-05T10:31:48,2026-10-05T10:33:48,2021-11-09T10:33:48,2026-10-05T10:33:48,2026-10-05T06:48:48,cfbe274ea74c29a3be5be3a748157d860bc3af5c12b96d6aa2a445df5c359842,CURRENT,True
100677,P00677,61e50e910e08e81927f9c13d1257789c8621d08273de58effaa108c20339c3ea,MEM7000677,GRP1037,OakStreet-South,379-60-7124,Karen,Hernandez,1946-01-09,M,+13725668326,9612 Oak Blvd,,Phoenix,AZ,85004,USA,"9612 Oak Blvd, Phoenix, AZ 85004, USA",PCP0108,Inactive,EHR,P00677,ING-PAT-20261005-00677,2026-10-05T10:31:51,2026-10-05T10:33:51,2024-08-22T10:33:51,2026-10-05T10:33:51,2026-10-05T10:24:51,05c48712eeab6f4396583dc4f0fdedfcde557ebab02ec0e499ad594e7f0a7083,CURRENT,True
100678,P00678,519a474c1dd63d7f6799be880a86b4b8af179a3177604480315be317df7f3fb8,MEM7000678,GRP1038,OakStreet-East,468-43-6777,Robert,Hernandez,1990-10-25,F,+18833866740,735 Pine Rd,,Houston,TX,77005,USA,"735 Pine Rd, Houston, TX 77005, USA",PCP0018,Active,EHR,P00678,ING-PAT-20261005-00678,2026-10-05T10:31:54,2026-10-05T10:33:54,2023-08-03T10:33:54,2026-10-05T10:33:54,2026-10-05T08:58:54,7ee0719ccd8447d2cf5426909e295435496dcc7c56185a8c220ce4ce452a0eda,CURRENT,True
100679,P00679,fd056fded9681bc70bcdce5ad6a9b7644f441c620b9eebb4c64370ca1f4547d1,MEM7000679,GRP1039,OakStreet-Southwest,591-86-3200,Margaret,Lee,1979-06-01,F,+19134655013,8481 Oak Rd,,Houston,TX,77024,USA,"8481 Oak Rd, Houston, TX 77024, USA",PCP0006,Active,EHR,P00679,ING-PAT-20261005-00679,2026-10-05T10:31:57,2026-10-05T10:33:57,2025-06-14T10:33:57,2026-10-05T10:33:57,2026-10-05T07:36:57,c68b04e238ba6156cf9ae95c7ec298df9e845b66b1105aa7bbe281a03bb22b7f,CURRENT,True
100680,P00680,e9f38c0ce8fd5a6fb0db907607b12904bbaf98bf2c5215effe43b8e4e8b032b1,MEM7000680,GRP1000,OakStreet-Central,333-38-2218,Lisa,Thompson,1982-11-19,M,+15732275925,7628 Washington Rd,,Houston,TX,77024,USA,"7628 Washington Rd, Houston, TX 77024, USA",PCP0043,Active,EHR,P00680,ING-PAT-20261005-00680,2026-10-05T10:32:00,2026-10-05T10:34:00,2021-12-05T10:34:00,2026-10-05T10:34:00,2026-10-05T08:56:00,5fc7b50dd6a353a4d1c925d7ed9362db01de3948491e01969f2a15413c13e9b3,CURRENT,True
100681,P00681,01c544679fee1c1371266ff1d37297672445ca4f124937d055cd1a5665ab2a15,MEM7000681,GRP1001,OakStreet-South,383-60-0855,Jennifer,Wilson,1935-02-19,M,+12925498159,6634 Park Ave,,Dallas,TX,75201,USA,"6634 Park Ave, Dallas, TX 75201, USA",PCP0074,Active,EHR,P00681,ING-PAT-20261005-00681,2026-10-05T10:32:03,2026-10-05T10:34:03,2022-01-23T10:34:03,2026-10-05T10:34:03,2026-10-05T09:39:03,3fe485d26fb776abb66bb1f095e22caa4953fc33e9026686fe905ae9a23047ce,CURRENT,True
100682,P00682,3b9e61cd68d703fad0c0077e9a9c5924a45ce2121795184bbf9846b7e65ded1f,MEM7000682,GRP1002,OakStreet-East,631-84-7222,Margaret,White,1943-10-28,M,+13184401477,5916 Pine Ave,,Houston,TX,77002,USA,"5916 Pine Ave, Houston, TX 77002, USA",PCP0049,Active,EHR,P00682,ING-PAT-20261005-00682,2026-10-05T10:32:06,2026-10-05T10:34:06,2023-10-01T10:34:06,2026-10-05T10:34:06,2026-10-05T07:13:06,d4ecb92a98d8041d2da17cc832feb2cd54017c9f64c5c1e8946fac294565f489,CURRENT,True
100683,P00683,9dec64df1e0dd886afba56f2d01683a5e3e19f26bcbba3f45e49ef6f923499ed,MEM7000683,GRP1003,OakStreet-Southwest,504-26-8958,Susan,Smith,1963-03-06,F,+13185828261,1429 Park Blvd,,Chicago,IL,60601,USA,"1429 Park Blvd, Chicago, IL 60601, USA",PCP0059,Active,EHR,P00683,ING-PAT-20261005-00683,2026-10-05T10:32:09,2026-10-05T10:34:09,2022-03-12T10:34:09,2026-10-05T10:34:09,2026-10-05T07:46:09,c4a4a4420658b77f949da0f4f6739397a1cd0fc9203206bf978b19551f196fe5,CURRENT,True
100684,P00684,cbf4e275f7959fc39fd9b619a74cc5baca990281f43ee557b8ad24efcff7e726,MEM7000684,GRP1004,OakStreet-Central,186-49-5362,Nancy,Lopez,1943-07-08,M,+13108442234,9696 Washington St,,San Antonio,TX,78205,USA,"9696 Washington St, San Antonio, TX 78205, USA",PCP0086,Active,EHR,P00684,ING-PAT-20261005-00684,2026-10-05T10:32:12,2026-10-05T10:34:12,2023-12-27T10:34:12,2026-10-05T10:34:12,2026-10-05T09:52:12,1cb06e0b211e540ad6f7c4ffbedd6b6be305745b3e0f1d014141ae7674e18c5f,CURRENT,True
100685,P00685,38e2985920f8ffd8962ade63d934e521205ceb6cc55987ff51f8b48d97699d14,MEM7000685,GRP1005,OakStreet-South,539-64-8650,Joseph,Davis,1981-06-20,F,+18828532937,1965 Washington Blvd,,Chicago,IL,60601,USA,"1965 Washington Blvd, Chicago, IL 60601, USA",PCP0002,Active,EHR,P00685,ING-PAT-20261005-00685,2026-10-05T10:32:15,2026-10-05T10:34:15,2025-10-16T10:34:15,2026-10-05T10:34:15,2026-10-05T10:04:15,5e41d2df08f9589d462da99416b896a83a60c11a138f78d5de631e0c032d8157,CURRENT,True
100686,P00686,7410cab7609c2ac8ad3bc671d07ca25abc8ec8c5e442642028acbac47e443982,MEM7000686,GRP1006,OakStreet-East,198-90-4738,Richard,Thompson,1984-08-14,M,+17335944191,2276 Main Blvd,,Orlando,FL,32801,USA,"2276 Main Blvd, Orlando, FL 32801, USA",PCP0053,Active,EHR,P00686,ING-PAT-20261005-00686,2026-10-05T10:32:18,2026-10-05T10:34:18,2025-09-12T10:34:18,2026-10-05T10:34:18,2026-10-05T07:52:18,cf9152923fde936e41093a8e4a8dcb6acf72b68b9829db81682db0419d789a16,CURRENT,True
100687,P00687,c35d579adb0a2aec9b921f37cb3ca043c2c1c3be26ad1c0b9414fb0c61aefb68,MEM7000687,GRP1007,OakStreet-Southwest,628-60-3283,Steven,Clark,1940-06-22,M,+16248018943,2022 Washington Blvd,,Orlando,FL,32801,USA,"2022 Washington Blvd, Orlando, FL 32801, USA",PCP0072,Active,EHR,P00687,ING-PAT-20261005-00687,2026-10-05T10:32:21,2026-10-05T10:34:21,2024-07-24T10:34:21,2026-10-05T10:34:21,2026-10-05T08:15:21,12e63ecab44e963848895c552393de9059843902132cc7ee126b71cc0149a53f,CURRENT,True
100688,P00688,b6a88b039c3eaf140de2263d4d23a0406a77d687e0d869978a1a63cc59227707,MEM7000688,GRP1008,OakStreet-Central,474-75-1390,David,Miller,1947-10-07,F,+16782848004,3025 Main St,,Phoenix,AZ,85004,USA,"3025 Main St, Phoenix, AZ 85004, USA",PCP0118,Active,EHR,P00688,ING-PAT-20261005-00688,2026-10-05T10:32:24,2026-10-05T10:34:24,2025-07-20T10:34:24,2026-10-05T10:34:24,2026-10-05T09:23:24,9fe2162abafec5953803fcefc2146ea5981a3b21857eac51e85c3d12093b123f,CURRENT,True
100689,P00689,c7af1f81b784852c2c747c8858aa309981a52bfefe5d13313ec4eeb5b10d363f,MEM7000689,GRP1009,OakStreet-South,381-38-0309,Margaret,Moore,2003-12-03,F,+19836067427,5324 Washington Ave,,Chicago,IL,60601,USA,"5324 Washington Ave, Chicago, IL 60601, USA",PCP0079,Active,EHR,P00689,ING-PAT-20261005-00689,2026-10-05T10:32:27,2026-10-05T10:34:27,2022-10-20T10:34:27,2026-10-05T10:34:27,2026-10-05T08:04:27,11d9aef3e1834a1702094f9c2c8137727bf07a41e745a0fed10d6dc80b065c00,CURRENT,True
100690,P00690,8c3b05a7a7917c403090407a4b2a25f20216758ae1d61e5b79319e9a052984e2,MEM7000690,GRP1010,OakStreet-East,867-19-3738,Patricia,Ramirez,1938-02-08,M,+13872444889,6315 Oak Blvd,,Houston,TX,77024,USA,"6315 Oak Blvd, Houston, TX 77024, USA",PCP0091,Active,EHR,P00690,ING-PAT-20261005-00690,2026-10-05T10:32:30,2026-10-05T10:34:30,2023-10-03T10:34:30,2026-10-05T10:34:30,2026-10-05T07:18:30,bb56290a47b39de3d17602eaab53b320d5990d0aee734e504a62c740f37a4a7a,CURRENT,True
100691,P00691,6ffe8c17953a9c476d75df0a4c45a02f6717329a2162a05f4e8b7ce2f3a8ba02,MEM7000691,GRP1011,OakStreet-Southwest,260-10-5744,Thomas,White,1995-04-17,F,+16924666838,3314 Pine Ave,Apt 476,Atlanta,GA,30303,USA,"3314 Pine Ave Apt 476, Atlanta, GA 30303, USA",PCP0086,Active,EHR,P00691,ING-PAT-20261005-00691,2026-10-05T10:32:33,2026-10-05T10:34:33,2022-05-31T10:34:33,2026-10-05T10:34:33,2026-10-05T07:29:33,cbe57756d34577eae8cd2f138808b491aff95845ecf748637bf3ef34f96e5f2a,CURRENT,True
100692,P00692,8f7cc7c679bc0e02178667803dcaf30c7af48abfa89115c07e909f289e619de5,MEM7000692,GRP1012,OakStreet-Central,551-19-4629,Joseph,Gonzalez,1958-01-03,F,+18077428594,434 Washington Blvd,Apt 811,San Antonio,TX,78205,USA,"434 Washington Blvd Apt 811, San Antonio, TX 78205, USA",PCP0023,Active,EHR,P00692,ING-PAT-20261005-00692,2026-10-05T10:32:36,2026-10-05T10:34:36,2025-09-21T10:34:36,2026-10-05T10:34:36,2026-10-05T08:18:36,0ebb1ebaf6e034874712495dbc01d95a2782a2c80fe6baa0ce0f6fb393a11f0b,CURRENT,True
100693,P00693,5e0abca4ae83992c0307da4641cc310ceeefb5176e95335bda22cacc51cbf131,MEM7000693,GRP1013,OakStreet-South,637-30-7024,Matthew,Gonzalez,1991-08-21,M,+18245554411,2351 Park St,,Austin,TX,78701,USA,"2351 Park St, Austin, TX 78701, USA",PCP0119,Active,EHR,P00693,ING-PAT-20261005-00693,2026-10-05T10:32:39,2026-10-05T10:34:39,2024-10-05T10:34:39,2026-10-05T10:34:39,2026-10-05T09:14:39,782fafd0b1d6daed4130313f8a05b69fa1a8d617e36ea6586e10f551fec70a72,CURRENT,True
100694,P00694,dab91635f6dc20cb9bfac4329ba3258490071742c8c423ed6175fb65b351c69c,MEM7000694,GRP1014,OakStreet-East,672-98-6624,Steven,Miller,1939-09-12,M,+16872491690,6079 Lake Ave,,Chicago,IL,60601,USA,"6079 Lake Ave, Chicago, IL 60601, USA",PCP0096,Active,EHR,P00694,ING-PAT-20261005-00694,2026-10-05T10:32:42,2026-10-05T10:34:42,2025-10-08T10:34:42,2026-10-05T10:34:42,2026-10-05T06:42:42,96606d50a3ed897c7ae3debb0bccb214bd4066780bc8c0c650e2c95970b576af,CURRENT,True
100695,P00695,16812a725e1afa6b16d1934248ae4636e90ec5125dae5802f8a76c4caeeb45df,MEM7000695,GRP1015,OakStreet-Southwest,467-21-9084,Lisa,Lewis,1996-01-18,M,+18378798609,7460 Park St,,Houston,TX,77024,USA,"7460 Park St, Houston, TX 77024, USA",PCP0114,Active,EHR,P00695,ING-PAT-20261005-00695,2026-10-05T10:32:45,2026-10-05T10:34:45,2025-07-12T10:34:45,2026-10-05T10:34:45,2026-10-05T06:44:45,fb2b87b7d68431f8b63aa8037c83b422c702e25a05660a3db926fc14ab6a35ee,CURRENT,True
100696,P00696,781a7da317c1a44122fc5f3045ac29756c8a6efb75c5c273d6d2a20e2c427033,MEM7000696,GRP1016,OakStreet-Central,803-55-9637,Betty,Davis,2004-06-07,F,+17165655553,6089 Park Rd,,Houston,TX,77005,USA,"6089 Park Rd, Houston, TX 77005, USA",PCP0083,Active,EHR,P00696,ING-PAT-20261005-00696,2026-10-05T10:32:48,2026-10-05T10:34:48,2025-03-10T10:34:48,2026-10-05T10:34:48,2026-10-05T10:07:48,b9b929aef8937b1efe9107bba156a4bbe46bde459b5a9981308491c525565e68,CURRENT,True
100697,P00697,8e181d42ba5207a8dc314c3134e1603d0491aa3c5e2344f8ebabf6c5fabb407b,MEM7000697,GRP1017,OakStreet-South,127-71-5489,Patricia,White,1963-04-12,F,+19535007396,3651 Washington Ave,,Houston,TX,77024,USA,"3651 Washington Ave, Houston, TX 77024, USA",PCP0087,Active,EHR,P00697,ING-PAT-20261005-00697,2026-10-05T10:32:51,2026-10-05T10:34:51,2024-01-16T10:34:51,2026-10-05T10:34:51,2026-10-05T10:19:51,b6da3cd98b818d0059c10282da3aea189e3cad1782ecc4bd7d23402fcdbe3060,CURRENT,True
100698,P00698,9d063ead34278aec6eae63de60f3589409a6b66c0dd9ef1d5b0a17efdc2ce934,MEM7000698,GRP1018,OakStreet-East,884-91-8280,William,Gonzalez,1995-01-08,F,+19692127929,5278 Main Rd,,Orlando,FL,32801,USA,"5278 Main Rd, Orlando, FL 32801, USA",PCP0090,Active,EHR,P00698,ING-PAT-20261005-00698,2026-10-05T10:32:54,2026-10-05T10:34:54,2025-11-15T10:34:54,2026-10-05T10:34:54,2026-10-05T10:26:54,b82be131679cedb2e211cbaba6ad9f419f71cf43384f3222d8c7059699e1f2eb,CURRENT,True
100699,P00699,312de60d30c282a59e8725e18dcf06679e7e303a699f4751f97b0e42d8e6c897,MEM7000699,GRP1019,OakStreet-Southwest,424-74-4803,Mark,Perez,1968-04-10,M,+17094748070,4328 Market Blvd,,Dallas,TX,75201,USA,"4328 Market Blvd, Dallas, TX 75201, USA",PCP0091,Active,EHR,P00699,ING-PAT-20261005-00699,2026-10-05T10:32:57,2026-10-05T10:34:57,2022-12-04T10:34:57,2026-10-05T10:34:57,2026-10-05T09:33:57,7f3411717afca51c9d2cb1fe1bc3c692c66a002944f218f5cbea0af1e2970f1e,CURRENT,True
100700,P00700,1c99c05f18b87ca51b83b89361f58e465b4fe1924869a4f48f21cf5e3507fafc,MEM7000700,GRP1020,OakStreet-Central,115-97-2184,Matthew,Taylor,1967-08-01,M,+15713826038,5957 Pine Rd,,Chicago,IL,60601,USA,"5957 Pine Rd, Chicago, IL 60601, USA",PCP0091,Active,EHR,P00700,ING-PAT-20261005-00700,2026-10-05T10:33:00,2026-10-05T10:35:00,2025-02-24T10:35:00,2026-10-05T10:35:00,2026-10-05T09:50:00,4bb2e44eb8f04916478ae23369fffa49c1efc7fa19f375629a00043e3b33a3cc,CURRENT,True
100701,P00701,53e65b173798576a0437ab64ced824242a2b6cb505d66f2a0018c641bbe13bec,MEM7000701,GRP1021,OakStreet-South,523-73-4601,Nancy,Hernandez,1967-11-22,F,+18534041784,5984 Oak Blvd,,San Antonio,TX,78205,USA,"5984 Oak Blvd, San Antonio, TX 78205, USA",PCP0021,Active,EHR,P00701,ING-PAT-20261005-00701,2026-10-05T10:33:03,2026-10-05T10:35:03,2023-09-26T10:35:03,2026-10-05T10:35:03,2026-10-05T08:46:03,5c142a70e4d195cd1811ce2a8d996a9f2c979e0fe86fdd27c7afb66e315b34a6,CURRENT,True
100702,P00702,6ea5f38d00403feea75ed10b1e94ef5d70177a6ae4d8bc088ae3dec94c0d3394,MEM7000702,GRP1022,OakStreet-East,445-99-0723,Anthony,Harris,2004-03-08,F,+12885886304,3120 Lake Blvd,,Houston,TX,77002,USA,"3120 Lake Blvd, Houston, TX 77002, USA",PCP0080,Active,EHR,P00702,ING-PAT-20261005-00702,2026-10-05T10:33:06,2026-10-05T10:35:06,2022-12-20T10:35:06,2026-10-05T10:35:06,2026-10-05T08:02:06,a938c568e94f363893faa6ebec19bb0fb47569f596d75a30bf4cd2978d4d8682,CURRENT,True
100703,P00703,7c7b3e040a8c954e67170918508b3ffc059833b939188ab797e259a605d4d90a,MEM7000703,GRP1023,OakStreet-Southwest,856-84-6127,Mark,Johnson,1968-05-24,M,+16532868371,9002 Pine Blvd,,Austin,TX,78701,USA,"9002 Pine Blvd, Austin, TX 78701, USA",PCP0052,Active,EHR,P00703,ING-PAT-20261005-00703,2026-10-05T10:33:09,2026-10-05T10:35:09,2023-02-18T10:35:09,2026-10-05T10:35:09,2026-10-05T09:54:09,e4ed54f0326c75afe7f8dee50ae4dc14f0a56ba9a211a6e4ebdf1e4dcb050bcf,CURRENT,True
100704,P00704,96c8fe01b8db8b1328b29f3557396eb9016fef4b0a084784ea33f2a1278519ef,MEM7000704,GRP1024,OakStreet-Central,629-54-3356,Barbara,Hernandez,1968-09-13,M,+18498568997,3114 Market Ave,,Houston,TX,77005,USA,"3114 Market Ave, Houston, TX 77005, USA",PCP0089,Active,EHR,P00704,ING-PAT-20261005-00704,2026-10-05T10:33:12,2026-10-05T10:35:12,2023-05-29T10:35:12,2026-10-05T10:35:12,2026-10-05T08:21:12,5004e835eb57db768ba3203266fe6f2b00abfe66443667f24b604f28d4dd028c,CURRENT,True
100705,P00705,4e78b54ad7c234b94ddcd9c290b082cb096684035680fafce503cf024fb15afe,MEM7000705,GRP1025,OakStreet-South,397-48-6322,Lisa,Ramirez,1986-07-05,M,+12954589743,7126 Main Blvd,,Houston,TX,77002,USA,"7126 Main Blvd, Houston, TX 77002, USA",PCP0039,Active,EHR,P00705,ING-PAT-20261005-00705,2026-10-05T10:33:15,2026-10-05T10:35:15,2025-01-16T10:35:15,2026-10-05T10:35:15,2026-10-05T07:07:15,5a3bb677f1abd827b25a9cd97308c5b44359abccc70e23848d9d10eb3d5e1896,CURRENT,True
100706,P00706,1b84aeb2e935d844b244235b7171456e36894703524a52f6fb47c96d26c22ebc,MEM7000706,GRP1026,OakStreet-East,318-56-0593,Joseph,Miller,1981-01-08,M,+18872893420,3711 Lake Rd,,Atlanta,GA,30303,USA,"3711 Lake Rd, Atlanta, GA 30303, USA",PCP0113,Active,EHR,P00706,ING-PAT-20261005-00706,2026-10-05T10:33:18,2026-10-05T10:35:18,2025-02-15T10:35:18,2026-10-05T10:35:18,2026-10-05T08:03:18,57ee9107a6354f4728839a43ddd8237bdb31f92d9b9d98ec77e92d68913c2950,CURRENT,True
100707,P00707,52d2dc4ce162315457b8ccf7d727eac9a19048af7765714450d870ce0f83ad45,MEM7000707,GRP1027,OakStreet-Southwest,842-32-4819,Patricia,Williams,1995-08-12,F,+14576352646,5072 Lake Blvd,,Chicago,IL,60601,USA,"5072 Lake Blvd, Chicago, IL 60601, USA",PCP0088,Active,EHR,P00707,ING-PAT-20261005-00707,2026-10-05T10:33:21,2026-10-05T10:35:21,2023-12-07T10:35:21,2026-10-05T10:35:21,2026-10-05T06:52:21,f125790e2f9cc7ac245332f20c7441f0ad42d4d31b525fdad70e90c63505a1e6,CURRENT,True
100708,P00708,c383c4cd872bac5cd9746b514869d117cbdc3ee517fcdd8b66d9548bd1392419,MEM7000708,GRP1028,OakStreet-Central,424-21-6171,Karen,Jones,1962-06-11,M,+14534476672,3619 Market St,Apt 60,Atlanta,GA,30303,USA,"3619 Market St Apt 60, Atlanta, GA 30303, USA",PCP0001,Active,EHR,P00708,ING-PAT-20261005-00708,2026-10-05T10:33:24,2026-10-05T10:35:24,2022-10-24T10:35:24,2026-10-05T10:35:24,2026-10-05T06:51:24,3a3aba8b8596436055440d7295dfda1e40b45875053c74d369e7327c158b7f82,CURRENT,True
100709,P00709,280a2b903dcd96ac518e246a942a9518e247c48eec924db8bde271b86ee0677e,MEM7000709,GRP1029,OakStreet-South,271-29-8487,Karen,Johnson,1941-07-22,M,+15496266856,3272 Oak Ave,,San Antonio,TX,78205,USA,"3272 Oak Ave, San Antonio, TX 78205, USA",PCP0034,Active,EHR,P00709,ING-PAT-20261005-00709,2026-10-05T10:33:27,2026-10-05T10:35:27,2025-07-27T10:35:27,2026-10-05T10:35:27,2026-10-05T09:28:27,31e4074a242e0c9881d062adbda3f6482a5587e944cd301104b20dcd56e25dc8,CURRENT,True
100710,P00710,1942967f036c0299fbfc7a1becca9bfd4f06a73faacd64642f9912e2a8798771,MEM7000710,GRP1030,OakStreet-East,486-41-8587,Margaret,Thompson,1944-09-24,F,+12983476177,4317 Park Ave,,Houston,TX,77024,USA,"4317 Park Ave, Houston, TX 77024, USA",PCP0034,Active,EHR,P00710,ING-PAT-20261005-00710,2026-10-05T10:33:30,2026-10-05T10:35:30,2023-01-08T10:35:30,2026-10-05T10:35:30,2026-10-05T10:32:30,48e293fdfed6765ad154da8cd4eeb3f3c2105f3c8fabd79322bc26f7671ebb74,CURRENT,True
100711,P00711,39f68b8e5a4885706c05620eec2a8a8681c12889c750b644a2fe84bcfea1d6bb,MEM7000711,GRP1031,OakStreet-Southwest,848-47-3959,Barbara,Martin,1981-09-07,M,+17768343409,9191 Washington St,,Houston,TX,77005,USA,"9191 Washington St, Houston, TX 77005, USA",PCP0061,Active,EHR,P00711,ING-PAT-20261005-00711,2026-10-05T10:33:33,2026-10-05T10:35:33,2021-11-17T10:35:33,2026-10-05T10:35:33,2026-10-05T09:30:33,516caf74360588a9e8225285a17d84ee90eaa0dfe16d9d6e8f74dced52cb1575,CURRENT,True
100712,P00712,184a18e09beeaec5c94e1432767d57450cbb7a7943d2ee7218e59501dad8e598,MEM7000712,GRP1032,OakStreet-Central,882-40-6295,Lisa,Jackson,1943-04-21,M,+16516474227,695 Oak Rd,,Orlando,FL,32801,USA,"695 Oak Rd, Orlando, FL 32801, USA",PCP0096,Active,EHR,P00712,ING-PAT-20261005-00712,2026-10-05T10:33:36,2026-10-05T10:35:36,2023-06-04T10:35:36,2026-10-05T10:35:36,2026-10-05T08:11:36,c884678cd9a61d24cfd8fc1cfdf7cffa5995a7728c173303a23e920fff380589,CURRENT,True
100713,P00713,68675c3e05bb8a9172a1d93fcf30723bb7b4adf614affe17b68e7b849f748a68,MEM7000713,GRP1033,OakStreet-South,766-24-3393,Sarah,Clark,1989-09-21,F,+15044105025,7971 Park Blvd,,San Antonio,TX,78205,USA,"7971 Park Blvd, San Antonio, TX 78205, USA",PCP0057,Active,EHR,P00713,ING-PAT-20261005-00713,2026-10-05T10:33:39,2026-10-05T10:35:39,2025-07-07T10:35:39,2026-10-05T10:35:39,2026-10-05T10:25:39,4a695400068f32b7693c20c20b2b157da6b37c82b56234566fec3db53c1cadc2,CURRENT,True
100714,P00714,0307fdc01478185a6c388b84b98e506953bb4651a4ce5b4e90e4218e42e5d091,MEM7000714,GRP1034,OakStreet-East,671-43-5984,Charles,Anderson,1959-02-17,M,+16948991013,9564 Main St,,Houston,TX,77024,USA,"9564 Main St, Houston, TX 77024, USA",PCP0087,Active,EHR,P00714,ING-PAT-20261005-00714,2026-10-05T10:33:42,2026-10-05T10:35:42,2024-08-31T10:35:42,2026-10-05T10:35:42,2026-10-05T10:08:42,1116054fed8f5509f3e83666c1b51ee2d149a8769b3312067139ec8d1d553b57,CURRENT,True
100715,P00715,42a6846ca0a3c5b906e076e3745c2f25479bd7ec8ba0888cc5bc169de030bedf,MEM7000715,GRP1035,OakStreet-Southwest,515-68-8077,Jennifer,Wilson,1938-06-22,F,+16764009739,5582 Main Ave,,Chicago,IL,60601,USA,"5582 Main Ave, Chicago, IL 60601, USA",PCP0079,Active,EHR,P00715,ING-PAT-20261005-00715,2026-10-05T10:33:45,2026-10-05T10:35:45,2025-02-16T10:35:45,2026-10-05T10:35:45,2026-10-05T07:53:45,71a364924128d7d86ed7ad53891989f488d6f1d63f1ec78e48092036766d51f1,CURRENT,True
100716,P00716,f95e74c7baebfbfda2b5e1284d83844cfae666017a396e8ddb51dcf110c1387a,MEM7000716,GRP1036,OakStreet-Central,306-78-7507,Steven,White,1937-12-18,M,+19768733630,1283 Washington Blvd,,Houston,TX,77005,USA,"1283 Washington Blvd, Houston, TX 77005, USA",PCP0113,Active,EHR,P00716,ING-PAT-20261005-00716,2026-10-05T10:33:48,2026-10-05T10:35:48,2022-04-07T10:35:48,2026-10-05T10:35:48,2026-10-05T07:00:48,69be2a65f1b61f5e6d9ef1d56012eb1184380f31323aa2e2f30f82cc018a026a,CURRENT,True
100717,P00717,adad0c25e64c419e8569042b709483f0d517c46b175d9424b563dd3b60528270,MEM7000717,GRP1037,OakStreet-South,448-74-7518,Elizabeth,Wilson,1936-09-04,F,+19886404472,6280 Lake St,Apt 874,Houston,TX,77024,USA,"6280 Lake St Apt 874, Houston, TX 77024, USA",PCP0108,Active,EHR,P00717,ING-PAT-20261005-00717,2026-10-05T10:33:51,2026-10-05T10:35:51,2022-01-08T10:35:51,2026-10-05T10:35:51,2026-10-05T08:00:51,8b0d3f3007c13a61968e5184b246fb6d6f285bec314829304c4713055f3a9b57,CURRENT,True
100718,P00718,5e18339596e484396ad59f6ce30a556cad5b03be2dce832142a9cc11bef5fd01,MEM7000718,GRP1038,OakStreet-East,559-14-8893,Mary,Perez,2003-11-28,F,+12765194808,8172 Main Ave,,Houston,TX,77002,USA,"8172 Main Ave, Houston, TX 77002, USA",PCP0032,Active,EHR,P00718,ING-PAT-20261005-00718,2026-10-05T10:33:54,2026-10-05T10:35:54,2023-07-10T10:35:54,2026-10-05T10:35:54,2026-10-05T08:54:54,8d28115df8c5e2b4a5ffdb7e1287abfaa6fa0dc630278eb618634d5b662a09a4,CURRENT,True
100719,P00719,2523eb7ff74814ec64f40cb05bd94cd8cd31464fec1ad83597d7a774b687d7c1,MEM7000719,GRP1039,OakStreet-Southwest,580-96-3224,Mark,Martinez,1936-09-05,F,+14292118395,2714 Washington St,,Orlando,FL,32801,USA,"2714 Washington St, Orlando, FL 32801, USA",PCP0048,Active,EHR,P00719,ING-PAT-20261005-00719,2026-10-05T10:33:57,2026-10-05T10:35:57,2023-03-26T10:35:57,2026-10-05T10:35:57,2026-10-05T09:16:57,a190808ee9d9ca5d561d3d3debbad77fc76342dd368f5e6d1277460e768d48e5,CURRENT,True
100720,P00720,cfe60e0128fb117da93ad5f4bf248e7ccfeb741f0657515272a2f6d15e6eca3f,MEM7000720,GRP1000,OakStreet-Central,809-20-8640,Susan,Anderson,1939-04-25,M,+12082134944,2754 Market Blvd,,Phoenix,AZ,85004,USA,"2754 Market Blvd, Phoenix, AZ 85004, USA",PCP0104,Active,EHR,P00720,ING-PAT-20261005-00720,2026-10-05T10:34:00,2026-10-05T10:36:00,2025-06-18T10:36:00,2026-10-05T10:36:00,2026-10-05T08:38:00,51ef0306d362dab23c8027f44242a50e96b723a98dac90e9c8c3df73cf82827c,CURRENT,True
100721,P00721,437b004e6948225c917a5e906e25c935f979b184be858af547ac0ae2a373b3d7,MEM7000721,GRP1001,OakStreet-South,750-21-4463,Nancy,Sanchez,1971-02-14,F,+17543994280,368 Lake Rd,,Phoenix,AZ,85004,USA,"368 Lake Rd, Phoenix, AZ 85004, USA",PCP0016,Active,EHR,P00721,ING-PAT-20261005-00721,2026-10-05T10:34:03,2026-10-05T10:36:03,2024-08-18T10:36:03,2026-10-05T10:36:03,2026-10-05T06:52:03,8b55f3fd36f7f8e4b5b775c64f4ebb461e58618ec0a54fe878d65843ec61be5d,CURRENT,True
100722,P00722,d32179e863a1207e1c30b2f65600abaf6d8ee059b06b41981f036dcc00bb20eb,MEM7000722,GRP1002,OakStreet-East,861-70-8046,Mary,Anderson,1992-10-22,F,+13875307874,2592 Pine Blvd,,San Antonio,TX,78205,USA,"2592 Pine Blvd, San Antonio, TX 78205, USA",PCP0049,Active,EHR,P00722,ING-PAT-20261005-00722,2026-10-05T10:34:06,2026-10-05T10:36:06,2022-01-17T10:36:06,2026-10-05T10:36:06,2026-10-05T09:08:06,43d6d7030db7f9d06a9b592bb909a9d3c8cae85e3e4ec94909a6c0817fa3db3c,CURRENT,True
100723,P00723,83ca11c849016d96e1d0c6b915be4dad335ae4a03f78cc176414abcf9f4e79ce,MEM7000723,GRP1003,OakStreet-Southwest,487-23-5322,Charles,White,1986-05-12,F,+15355623476,6260 Main St,,Dallas,TX,75201,USA,"6260 Main St, Dallas, TX 75201, USA",PCP0028,Inactive,EHR,P00723,ING-PAT-20261005-00723,2026-10-05T10:34:09,2026-10-05T10:36:09,2024-06-10T10:36:09,2026-10-05T10:36:09,2026-10-05T06:44:09,7e441e0a4b360186d02ae4b56f99df7074b9e6ab21186a0f8641215c59f6acaa,CURRENT,True
100724,P00724,4581ffa37ec04b9e125305c802a740924e3a81a3c7af6ca39eb44061aad1e17d,MEM7000724,GRP1004,OakStreet-Central,196-36-9255,Margaret,Garcia,1938-04-24,M,+18437337154,7197 Lake St,,Austin,TX,78701,USA,"7197 Lake St, Austin, TX 78701, USA",PCP0068,Active,EHR,P00724,ING-PAT-20261005-00724,2026-10-05T10:34:12,2026-10-05T10:36:12,2024-10-27T10:36:12,2026-10-05T10:36:12,2026-10-05T09:29:12,3c61b68df5fb402c83afc1de882c248397cb12e91e640942c62544e92493f094,CURRENT,True
100725,P00725,71e4533e2e4568fad2b7d48343eddf0847d1d61372c4389bf8e43b2586e99943,MEM7000725,GRP1005,OakStreet-South,108-22-8758,Mary,Lewis,1981-11-02,F,+18573349256,7095 Lake Blvd,,San Antonio,TX,78205,USA,"7095 Lake Blvd, San Antonio, TX 78205, USA",PCP0101,Active,EHR,P00725,ING-PAT-20261005-00725,2026-10-05T10:34:15,2026-10-05T10:36:15,2022-10-29T10:36:15,2026-10-05T10:36:15,2026-10-05T09:00:15,ba54cfd6ea7f2083a522f8ee45ab2cca44bb30bd7d6a07cc45ccc41d1eb76e09,CURRENT,True
100726,P00726,2d9dfd63af9dbf35bd6c13f14dad5499f75b24be9459d7b6f34c644b61254d4b,MEM7000726,GRP1006,OakStreet-East,227-55-2262,Robert,Martin,1955-06-28,F,+12339789194,2835 Pine Rd,,Houston,TX,77002,USA,"2835 Pine Rd, Houston, TX 77002, USA",PCP0115,Active,EHR,P00726,ING-PAT-20261005-00726,2026-10-05T10:34:18,2026-10-05T10:36:18,2023-10-20T10:36:18,2026-10-05T10:36:18,2026-10-05T08:42:18,e0594bcbefd8a38b4ab5efbca116da8f4f1aa566e8c334fc2bc34b60cbd56e7b,CURRENT,True
100727,P00727,98cf69258e8f2b4f0d58582bfb12e6a138261373ca553257b5ecb2fa843394a1,MEM7000727,GRP1007,OakStreet-Southwest,786-67-1800,Robert,Lewis,1993-09-02,M,+17669201875,9416 Lake Rd,,Dallas,TX,75201,USA,"9416 Lake Rd, Dallas, TX 75201, USA",PCP0057,Active,EHR,P00727,ING-PAT-20261005-00727,2026-10-05T10:34:21,2026-10-05T10:36:21,2023-07-04T10:36:21,2026-10-05T10:36:21,2026-10-05T09:48:21,d224ee2183c852884cf48c6877008e92f736a962a5d92439f75a896e83017d94,CURRENT,True
100728,P00728,1931c6bec0a4a99a0e8ef16f58ec9e925df1e3246e135cf3ee79cae7549bd86a,MEM7000728,GRP1008,OakStreet-Central,228-10-0187,Linda,Anderson,1948-11-18,F,+14697799480,5848 Oak St,,Chicago,IL,60601,USA,"5848 Oak St, Chicago, IL 60601, USA",PCP0075,Active,EHR,P00728,ING-PAT-20261005-00728,2026-10-05T10:34:24,2026-10-05T10:36:24,2025-11-03T10:36:24,2026-10-05T10:36:24,2026-10-05T08:24:24,42557e95a96e9e06b003308acfeb5f5b8953ab4ef2fe20c09ebdde6d74a79c66,CURRENT,True
100729,P00729,e55988085f6d0668a178e186a3fb59f9f83182fe4b10fb7d19d43f2b59a6927e,MEM7000729,GRP1009,OakStreet-South,183-56-2687,Barbara,Jones,1953-12-18,F,+18483055729,4657 Pine St,Apt 823,Houston,TX,77002,USA,"4657 Pine St Apt 823, Houston, TX 77002, USA",PCP0113,Active,EHR,P00729,ING-PAT-20261005-00729,2026-10-05T10:34:27,2026-10-05T10:36:27,2022-09-23T10:36:27,2026-10-05T10:36:27,2026-10-05T08:32:27,e6a3f8f1ba32741dae00561a3abbaf4f891a9abbc111c506317cdeb5c9550be7,CURRENT,True
100730,P00730,be88a5784f6ea2caf711ad6d97d5e4fc1e4196d929c742632649e834afe7efad,MEM7000730,GRP1010,OakStreet-East,643-41-3492,Karen,Clark,1999-02-09,F,+13634628042,7021 Market Ave,,Houston,TX,77005,USA,"7021 Market Ave, Houston, TX 77005, USA",PCP0027,Active,EHR,P00730,ING-PAT-20261005-00730,2026-10-05T10:34:30,2026-10-05T10:36:30,2024-05-01T10:36:30,2026-10-05T10:36:30,2026-10-05T10:18:30,bd0f0fff53315f6429bdca953362c3fc415477b35bd367d8d912934cb805dbe3,CURRENT,True
100731,P00731,24f03cfc2dc575aac443ac4e47475cf1c96789d5d51f7c31dd3ae4da29d1bffa,MEM7000731,GRP1011,OakStreet-Southwest,190-11-6404,Anthony,Lopez,1989-03-18,M,+12403427714,7131 Main Rd,,Houston,TX,77024,USA,"7131 Main Rd, Houston, TX 77024, USA",PCP0016,Active,EHR,P00731,ING-PAT-20261005-00731,2026-10-05T10:34:33,2026-10-05T10:36:33,2023-01-26T10:36:33,2026-10-05T10:36:33,2026-10-05T09:25:33,79b2c953541daa47338b150c37481a35fb23cdf02af8178240bf70fcf8dd4ab8,CURRENT,True
100732,P00732,f42c50a0f012022fcf69dcf9e8f4d28a4ba8b40dc212943fe067cd9b6f874aa9,MEM7000732,GRP1012,OakStreet-Central,684-25-7506,Mark,Perez,1969-05-04,F,+19866045338,9911 Market Ave,,Phoenix,AZ,85004,USA,"9911 Market Ave, Phoenix, AZ 85004, USA",PCP0032,Active,EHR,P00732,ING-PAT-20261005-00732,2026-10-05T10:34:36,2026-10-05T10:36:36,2023-05-23T10:36:36,2026-10-05T10:36:36,2026-10-05T07:05:36,1da84d59324555807b82f5b049886dd681efb2af99fa2dfebcd370f3879191fd,CURRENT,True
100733,P00733,78cc527fa6e5ade110a9b27da360b7ce919f1ea22fcccf1b75497ade493420ec,MEM7000733,GRP1013,OakStreet-South,667-20-8854,Linda,Smith,1985-01-08,F,+14044873094,4499 Lake St,,San Antonio,TX,78205,USA,"4499 Lake St, San Antonio, TX 78205, USA",PCP0029,Active,EHR,P00733,ING-PAT-20261005-00733,2026-10-05T10:34:39,2026-10-05T10:36:39,2024-02-08T10:36:39,2026-10-05T10:36:39,2026-10-05T08:16:39,7393d5edf37f81224ffe81f4fa791c643d9c84843712700589bc11c79952c958,CURRENT,True
100734,P00734,1cdfaf2c900c4b74ede8a441dbe2e877771fa31fde2bd4ff759bad8253b37b83,MEM7000734,GRP1014,OakStreet-East,346-25-7025,John,Johnson,1947-08-03,F,+12944703179,4029 Lake Ave,,Dallas,TX,75201,USA,"4029 Lake Ave, Dallas, TX 75201, USA",PCP0027,Active,EHR,P00734,ING-PAT-20261005-00734,2026-10-05T10:34:42,2026-10-05T10:36:42,2023-08-02T10:36:42,2026-10-05T10:36:42,2026-10-05T09:23:42,fc58bcb4a7a192467f06a136efd521883baf40e698ae2c32f66e82244c940e83,CURRENT,True
100735,P00735,3f8e7a048037f3eee2358145f744689f1e7a519d64917055695dbccc37745640,MEM7000735,GRP1015,OakStreet-Southwest,346-10-4975,Richard,Lee,1942-09-21,F,+17278018963,4621 Lake Blvd,Apt 63,Dallas,TX,75201,USA,"4621 Lake Blvd Apt 63, Dallas, TX 75201, USA",PCP0071,Active,EHR,P00735,ING-PAT-20261005-00735,2026-10-05T10:34:45,2026-10-05T10:36:45,2024-01-31T10:36:45,2026-10-05T10:36:45,2026-10-05T08:53:45,b78478c6837a467fca5b7df8ba76043443924b722d157417692e0cd12a7e4273,CURRENT,True
100736,P00736,800f9c6fdd42c488d376bc9df74ab89e5e90df93f9276bd1a7059b3c6cd61eeb,MEM7000736,GRP1016,OakStreet-Central,396-31-0013,William,Lewis,1995-08-13,M,+13647171664,6247 Main Rd,,Houston,TX,77005,USA,"6247 Main Rd, Houston, TX 77005, USA",PCP0037,Active,EHR,P00736,ING-PAT-20261005-00736,2026-10-05T10:34:48,2026-10-05T10:36:48,2024-11-23T10:36:48,2026-10-05T10:36:48,2026-10-05T09:41:48,29c3ad0c3701d6d4da94b895d150e1a81e7c35bfe164440337b5436896a18d77,CURRENT,True
100737,P00737,55a2e157757b80423f1557b253ed07661c85f985f5f70fe519ce4aa13c36f50c,MEM7000737,GRP1017,OakStreet-South,569-47-1635,Betty,Moore,1995-07-20,M,+14147212142,3444 Park Blvd,,Houston,TX,77005,USA,"3444 Park Blvd, Houston, TX 77005, USA",PCP0082,Active,EHR,P00737,ING-PAT-20261005-00737,2026-10-05T10:34:51,2026-10-05T10:36:51,2025-08-21T10:36:51,2026-10-05T10:36:51,2026-10-05T07:29:51,3ffc7dda1792aec7d098b57795598a6728568178b4e33b41c2ca660bacc457e0,CURRENT,True
100738,P00738,a138d197449e00263db6b77c6dafe92d54a819418ee3ff9cb2dee73482a16b37,MEM7000738,GRP1018,OakStreet-East,252-83-2395,Karen,Lopez,1986-08-26,F,+13667382130,2366 Pine Ave,,Chicago,IL,60601,USA,"2366 Pine Ave, Chicago, IL 60601, USA",PCP0111,Active,EHR,P00738,ING-PAT-20261005-00738,2026-10-05T10:34:54,2026-10-05T10:36:54,2022-09-23T10:36:54,2026-10-05T10:36:54,2026-10-05T08:35:54,9b770214b781fa3f53741d9ae738282abf88bd880fc6a7c95a8e15ecf6bf6a26,CURRENT,True
100739,P00739,44626e30dff6cadb690c59f1662e39f99c32596b27a16be42ae96d5186dbdc34,MEM7000739,GRP1019,OakStreet-Southwest,242-38-1108,Jessica,Harris,1989-12-18,F,+18876051264,4659 Park Blvd,,Phoenix,AZ,85004,USA,"4659 Park Blvd, Phoenix, AZ 85004, USA",PCP0022,Active,EHR,P00739,ING-PAT-20261005-00739,2026-10-05T10:34:57,2026-10-05T10:36:57,2022-02-28T10:36:57,2026-10-05T10:36:57,2026-10-05T09:40:57,01004604264e9f8acd2b5dc69b9f8b7a3fb74e4544b4f74abedd2325182a4174,CURRENT,True
100740,P00740,0b8cd8b83408da0c7c6f6553932fb6efa33df5501a700a592803553f09e9ea08,MEM7000740,GRP1020,OakStreet-Central,237-38-2293,Linda,Robinson,1937-02-20,F,+16166272735,5011 Washington Blvd,,Austin,TX,78701,USA,"5011 Washington Blvd, Austin, TX 78701, USA",PCP0078,Active,EHR,P00740,ING-PAT-20261005-00740,2026-10-05T10:35:00,2026-10-05T10:37:00,2024-05-20T10:37:00,2026-10-05T10:37:00,2026-10-05T09:12:00,563c141046313c21de9b6efd66ff8c84817f73008c736685f5e38fa44c3021e8,CURRENT,True
100741,P00741,f626dfc8a2fad91e274c3681d13fcce314175db88d7f53c612160285811e2a68,MEM7000741,GRP1021,OakStreet-South,769-59-3293,Barbara,Taylor,1952-03-12,F,+13527879938,1445 Park Ave,,San Antonio,TX,78205,USA,"1445 Park Ave, San Antonio, TX 78205, USA",PCP0024,Active,EHR,P00741,ING-PAT-20261005-00741,2026-10-05T10:35:03,2026-10-05T10:37:03,2024-09-03T10:37:03,2026-10-05T10:37:03,2026-10-05T08:38:03,94b8ff3a4fee49fee09f486c214ba28bc2515f86558f301f3d23ae5c0e08a796,CURRENT,True
100742,P00742,c0d8b181ba63fc45ab378aea3c7d25528a2ad1ecb600b6ae6cec520e5f044b67,MEM7000742,GRP1022,OakStreet-East,248-27-0008,Jessica,Brown,1969-07-10,M,+13429796020,1708 Pine Ave,,Houston,TX,77002,USA,"1708 Pine Ave, Houston, TX 77002, USA",PCP0003,Active,EHR,P00742,ING-PAT-20261005-00742,2026-10-05T10:35:06,2026-10-05T10:37:06,2025-08-05T10:37:06,2026-10-05T10:37:06,2026-10-05T08:26:06,39c377dc9e9876a695412056baa0c8fb2ef48f6b35ca8f60c621a8c77db8c03a,CURRENT,True
100743,P00743,da0565c27d9c3e7e9c8b37ba943f0be64cb3ed197a84dbc52936678baadc4e77,MEM7000743,GRP1023,OakStreet-Southwest,495-41-4736,Sarah,Perez,2004-09-14,F,+18607698160,6605 Market Rd,Apt 300,Chicago,IL,60601,USA,"6605 Market Rd Apt 300, Chicago, IL 60601, USA",PCP0026,Active,EHR,P00743,ING-PAT-20261005-00743,2026-10-05T10:35:09,2026-10-05T10:37:09,2022-10-27T10:37:09,2026-10-05T10:37:09,2026-10-05T09:07:09,8dfa50880babaa315b71416c24131b91cf3c4554176e83027aac3a74909725eb,CURRENT,True
100744,P00744,a7ab4b04c9c5e0ab2b682cac66d193586628843513e32f39b703d8a1e55010f6,MEM7000744,GRP1024,OakStreet-Central,237-14-1594,Michael,Hernandez,1970-06-23,M,+17072889742,1267 Market Blvd,,Houston,TX,77002,USA,"1267 Market Blvd, Houston, TX 77002, USA",PCP0026,Active,EHR,P00744,ING-PAT-20261005-00744,2026-10-05T10:35:12,2026-10-05T10:37:12,2021-11-24T10:37:12,2026-10-05T10:37:12,2026-10-05T08:57:12,c3f31e9246c0e08a40cdb6d5eae152b5cafc4e53b24e5ed812672e5197e59a83,CURRENT,True
100745,P00745,02ee3bced5dc811d07b2c35ef79f1a50fbe0b272d301fe085a365a48234feb84,MEM7000745,GRP1025,OakStreet-South,292-72-6319,Robert,Sanchez,1970-05-11,M,+15682171372,8029 Lake Ave,,Phoenix,AZ,85004,USA,"8029 Lake Ave, Phoenix, AZ 85004, USA",PCP0005,Active,EHR,P00745,ING-PAT-20261005-00745,2026-10-05T10:35:15,2026-10-05T10:37:15,2024-11-01T10:37:15,2026-10-05T10:37:15,2026-10-05T08:35:15,3e592cfd0c3a5cd25ec72b90da08b2f63a410ed18135e7e9364a40a9b07f1f27,CURRENT,True
100746,P00746,aab3a67118b586055a88d1c4ad58a1350385ae90a90ac4301ddc2102fc3ef394,MEM7000746,GRP1026,OakStreet-East,143-96-0248,Margaret,Johnson,1951-11-07,M,+16898082799,3584 Oak St,Apt 683,Orlando,FL,32801,USA,"3584 Oak St Apt 683, Orlando, FL 32801, USA",PCP0088,Active,EHR,P00746,ING-PAT-20261005-00746,2026-10-05T10:35:18,2026-10-05T10:37:18,2022-10-25T10:37:18,2026-10-05T10:37:18,2026-10-05T06:50:18,c2edaee7c6fa4cf7ba79cb2774504d19fd51148e34aa6803b2004c4eb317dd37,CURRENT,True
100747,P00747,2576e241e1d18f910f797ba82278b1daee10fd093967aae31cf79b28a564bc4b,MEM7000747,GRP1027,OakStreet-Southwest,248-88-3557,John,Harris,1986-05-16,F,+16452813748,7215 Washington Blvd,,Houston,TX,77005,USA,"7215 Washington Blvd, Houston, TX 77005, USA",PCP0024,Active,EHR,P00747,ING-PAT-20261005-00747,2026-10-05T10:35:21,2026-10-05T10:37:21,2022-03-15T10:37:21,2026-10-05T10:37:21,2026-10-05T07:43:21,9f855390127e56eb3b22fa3d96537e609a4305ec30d155ffeae523363ce89308,CURRENT,True
100748,P00748,5ea6355a85a24f218befc7d3d0f7982121ce51bf0cf2bfe6b8002300bb3e8891,MEM7000748,GRP1028,OakStreet-Central,196-70-4099,Patricia,Smith,2001-10-01,M,+17745771309,3774 Oak St,,Orlando,FL,32801,USA,"3774 Oak St, Orlando, FL 32801, USA",PCP0071,Active,EHR,P00748,ING-PAT-20261005-00748,2026-10-05T10:35:24,2026-10-05T10:37:24,2022-02-14T10:37:24,2026-10-05T10:37:24,2026-10-05T08:17:24,dac83373b3c83ba17221097a4acdc27ec720b2d729d464a20d6d05307a10cae1,CURRENT,True
100749,P00749,a02eac785104b0c76716e7bdcc40381963c63013e18182b5c92620f8fa6e75a2,MEM7000749,GRP1029,OakStreet-South,144-97-0020,Ashley,Johnson,1994-03-22,M,+17182125014,2965 Oak Blvd,,Atlanta,GA,30303,USA,"2965 Oak Blvd, Atlanta, GA 30303, USA",PCP0085,Active,EHR,P00749,ING-PAT-20261005-00749,2026-10-05T10:35:27,2026-10-05T10:37:27,2023-07-24T10:37:27,2026-10-05T10:37:27,2026-10-05T08:31:27,94c52fd71e6f181f35c60cba223f48913318cd141ba730d53439c931048ecdcc,CURRENT,True
100750,P00750,a3cbea3450b9aafa78ca5307557693f5dde2328c207e066c975bad6452c557fa,MEM7000750,GRP1030,OakStreet-East,852-29-3017,William,Gonzalez,1991-10-07,F,+16343042721,7021 Main Ave,,Houston,TX,77024,USA,"7021 Main Ave, Houston, TX 77024, USA",PCP0035,Active,EHR,P00750,ING-PAT-20261005-00750,2026-10-05T10:35:30,2026-10-05T10:37:30,2022-12-11T10:37:30,2026-10-05T10:37:30,2026-10-05T07:20:30,ad471eb96fbba14d14954952aaaa3e12c89d0dc8b1c38fc76d5c3209b55be30c,CURRENT,True
100751,P00751,b443981dda01cd4eb664c6acc0372ef0d6b1554674110b72b46d420a4a2cfb24,MEM7000751,GRP1031,OakStreet-Southwest,603-14-6210,Matthew,Garcia,1988-12-07,F,+12757631211,4613 Lake Ave,,San Antonio,TX,78205,USA,"4613 Lake Ave, San Antonio, TX 78205, USA",PCP0088,Active,EHR,P00751,ING-PAT-20261005-00751,2026-10-05T10:35:33,2026-10-05T10:37:33,2022-11-04T10:37:33,2026-10-05T10:37:33,2026-10-05T07:35:33,a9479e2b726e75ecb32df46dc112dcfd51ff6fd23d1ede535792d2df14d3b7c2,CURRENT,True
100752,P00752,64dd6ef7ad5bcaf458a3a44a8fc066d7a3b95e45f4d7d0892019d93da7355456,MEM7000752,GRP1032,OakStreet-Central,629-93-0632,Mark,Robinson,1986-04-12,M,+14843098940,5461 Main Ave,,Atlanta,GA,30303,USA,"5461 Main Ave, Atlanta, GA 30303, USA",PCP0004,Active,EHR,P00752,ING-PAT-20261005-00752,2026-10-05T10:35:36,2026-10-05T10:37:36,2023-05-05T10:37:36,2026-10-05T10:37:36,2026-10-05T08:13:36,1f58ab4522f17b101ef97bb04e5cff2dad85eb1888128df84af00182ea82988a,CURRENT,True
100753,P00753,929d3a8fa4a099e61c422b86212f3b61f2e6e24d0db15dba6fbec17c0c0aa428,MEM7000753,GRP1033,OakStreet-South,127-62-7496,Barbara,Hernandez,1938-10-03,M,+15035344091,3750 Market Rd,,Austin,TX,78701,USA,"3750 Market Rd, Austin, TX 78701, USA",PCP0093,Active,EHR,P00753,ING-PAT-20261005-00753,2026-10-05T10:35:39,2026-10-05T10:37:39,2023-02-01T10:37:39,2026-10-05T10:37:39,2026-10-05T07:20:39,00faa5a1d0d33451377fb8f44faf8fdaedc6091e94dc816b4cb1e97aa5b386d8,CURRENT,True
100754,P00754,f2cc6c1dd62be6e8f8354789d7131ea6944f06269f0c8b23b6b6a71b775791a5,MEM7000754,GRP1034,OakStreet-East,416-30-7300,Joseph,Martinez,1973-05-23,M,+18043486989,3706 Park St,Apt 560,Atlanta,GA,30303,USA,"3706 Park St Apt 560, Atlanta, GA 30303, USA",PCP0048,Active,EHR,P00754,ING-PAT-20261005-00754,2026-10-05T10:35:42,2026-10-05T10:37:42,2025-06-12T10:37:42,2026-10-05T10:37:42,2026-10-05T09:17:42,95c32586899e7557f2b7ac8d332181d5e82c1559e6d6f540fb38c67456c0cad0,CURRENT,True
100755,P00755,26d98e08dc5ac5f946b32c14ec7bf97a9cb923958bed067b528c00c9bf0fedea,MEM7000755,GRP1035,OakStreet-Southwest,682-11-1668,Robert,Gonzalez,1968-03-23,F,+18897494043,8512 Park Ave,Apt 116,Houston,TX,77024,USA,"8512 Park Ave Apt 116, Houston, TX 77024, USA",PCP0100,Active,EHR,P00755,ING-PAT-20261005-00755,2026-10-05T10:35:45,2026-10-05T10:37:45,2023-03-31T10:37:45,2026-10-05T10:37:45,2026-10-05T08:07:45,907abf6346f45e20a6cec932027bfa01342719eb4cba0c8319d4be25f845b0fd,CURRENT,True
100756,P00756,fcdba0beabe22ca2c0f275dd9e973c5898554d8a9ac31e7fe395a44b4f5b9c06,MEM7000756,GRP1036,OakStreet-Central,533-80-1872,Michael,Smith,1949-04-26,F,+19765039463,9844 Washington Rd,,Phoenix,AZ,85004,USA,"9844 Washington Rd, Phoenix, AZ 85004, USA",PCP0063,Active,EHR,P00756,ING-PAT-20261005-00756,2026-10-05T10:35:48,2026-10-05T10:37:48,2024-09-28T10:37:48,2026-10-05T10:37:48,2026-10-05T09:55:48,ea910accd71125e2a20e4f8a6c64fea0375008bd3e70fc81c1e547b22e50680d,CURRENT,True
100757,P00757,3996b128ae6b4df9fa51c20c374f4260c0cb2568a7862b1474b7e97d5100ce46,MEM7000757,GRP1037,OakStreet-South,507-49-5358,Ashley,Walker,1986-03-27,M,+16106938965,2328 Washington Blvd,,San Antonio,TX,78205,USA,"2328 Washington Blvd, San Antonio, TX 78205, USA",PCP0063,Active,EHR,P00757,ING-PAT-20261005-00757,2026-10-05T10:35:51,2026-10-05T10:37:51,2022-09-08T10:37:51,2026-10-05T10:37:51,2026-10-05T07:52:51,8068d57a549e88abf59458b1d84fe126f6cab7a67e322d543fb96e4c1fc4f8e6,CURRENT,True
100758,P00758,bd9882d87b1489a06df8bc8bbcb1af476dffd08c521a1889da81d02df840b245,MEM7000758,GRP1038,OakStreet-East,731-75-4683,Sarah,Gonzalez,1998-09-13,F,+18729335972,2683 Oak St,,Austin,TX,78701,USA,"2683 Oak St, Austin, TX 78701, USA",PCP0047,Active,EHR,P00758,ING-PAT-20261005-00758,2026-10-05T10:35:54,2026-10-05T10:37:54,2025-10-14T10:37:54,2026-10-05T10:37:54,2026-10-05T09:31:54,b925b739267d0bfa5cdef07b46120ea6ba41917065f055c32db5c947306faae2,CURRENT,True
100759,P00759,5c91006b65d837543f5df5a765371bdf6009ac765faf179b75f767a757c5b27a,MEM7000759,GRP1039,OakStreet-Southwest,682-47-7930,Robert,Sanchez,1979-11-19,M,+16258639260,5935 Lake St,,Houston,TX,77002,USA,"5935 Lake St, Houston, TX 77002, USA",PCP0004,Active,EHR,P00759,ING-PAT-20261005-00759,2026-10-05T10:35:57,2026-10-05T10:37:57,2024-02-04T10:37:57,2026-10-05T10:37:57,2026-10-05T07:38:57,1c77996f90aac0ea1228f03c88595f2c6b82d20b8ca80195e89e935b7b1dd70e,CURRENT,True
100760,P00760,9d01dbbf62a29cfb6763bb680c9c6c7bec6eb1d28d9f4befbcdbd98f2e774d44,MEM7000760,GRP1000,OakStreet-Central,515-53-7804,Anthony,White,1963-08-08,M,+19635929508,2123 Main Rd,,Houston,TX,77002,USA,"2123 Main Rd, Houston, TX 77002, USA",PCP0092,Active,EHR,P00760,ING-PAT-20261005-00760,2026-10-05T10:36:00,2026-10-05T10:38:00,2024-04-22T10:38:00,2026-10-05T10:38:00,2026-10-05T07:01:00,13798f95a7717e8c3c9a043b4c2523fba3cdc0fa984218cdbb5bd998f649c91d,CURRENT,True
100761,P00761,632511030457255025a4c2d1131914e678bd76a5ebfd3338f81f2cd359f3ce62,MEM7000761,GRP1001,OakStreet-South,473-37-3844,Joseph,Walker,1987-07-14,M,+19642198631,4154 Lake Rd,Apt 103,Houston,TX,77005,USA,"4154 Lake Rd Apt 103, Houston, TX 77005, USA",PCP0002,Active,EHR,P00761,ING-PAT-20261005-00761,2026-10-05T10:36:03,2026-10-05T10:38:03,2023-09-09T10:38:03,2026-10-05T10:38:03,2026-10-05T10:07:03,db37d4a0f715eeaad19fa3d1e638f3ea07b9cf7ce773f40f0b92e31212c2ab04,CURRENT,True
100762,P00762,a6f4d9a99b023104fe1ddcdfd2f62014bc23f7a436599811c578167efe15f907,MEM7000762,GRP1002,OakStreet-East,624-16-0331,Robert,Martinez,1935-07-02,F,+18113329245,3341 Oak Blvd,,San Antonio,TX,78205,USA,"3341 Oak Blvd, San Antonio, TX 78205, USA",PCP0088,Active,EHR,P00762,ING-PAT-20261005-00762,2026-10-05T10:36:06,2026-10-05T10:38:06,2025-01-10T10:38:06,2026-10-05T10:38:06,2026-10-05T10:05:06,9dee9b44cbe69e624ca56449993dc488940318bf24ddb05c85068e4244fe1b8d,CURRENT,True
100763,P00763,34c618d78b889009da54f55b6fa7cbaec6866ca3596a22ff86f1d0c5675e47ef,MEM7000763,GRP1003,OakStreet-Southwest,238-39-3800,Ashley,Clark,1986-10-20,F,+17262968172,3932 Lake Blvd,Apt 494,San Antonio,TX,78205,USA,"3932 Lake Blvd Apt 494, San Antonio, TX 78205, USA",PCP0036,Active,EHR,P00763,ING-PAT-20261005-00763,2026-10-05T10:36:09,2026-10-05T10:38:09,2023-08-29T10:38:09,2026-10-05T10:38:09,2026-10-05T09:53:09,82490519ea9a46ae09e3b94892914a5e64252424043f4972bf5d39fdc2f66b60,CURRENT,True
100764,P00764,d5a18beb85cbfdf31252eaa77c13e26ac5933bbc2f332badb7a61f88f35e0ef1,MEM7000764,GRP1004,OakStreet-Central,808-17-7656,Jessica,Sanchez,1985-08-14,M,+15776622872,1952 Market Ave,,Houston,TX,77005,USA,"1952 Market Ave, Houston, TX 77005, USA",PCP0108,Active,EHR,P00764,ING-PAT-20261005-00764,2026-10-05T10:36:12,2026-10-05T10:38:12,2021-12-21T10:38:12,2026-10-05T10:38:12,2026-10-05T08:08:12,25e22a7d40aa3c43079f114309adf0556221cb7e90a884362339371b835c08eb,CURRENT,True
100765,P00765,f65eb79c36d4ed01ad55c1c267d965b710140df90a0bca020e2e4104ab3b5e6b,MEM7000765,GRP1005,OakStreet-South,892-53-6814,Matthew,Thompson,1945-01-03,M,+14403841406,1037 Market Blvd,Apt 274,Austin,TX,78701,USA,"1037 Market Blvd Apt 274, Austin, TX 78701, USA",PCP0109,Active,EHR,P00765,ING-PAT-20261005-00765,2026-10-05T10:36:15,2026-10-05T10:38:15,2025-04-24T10:38:15,2026-10-05T10:38:15,2026-10-05T10:21:15,47af28f751f2290555771c8dd3c4b8decf2c13a284535d760e4df2004795f8d8,CURRENT,True
100766,P00766,4009890a2caa2087b37cc09154825e315277c4827f00103ae1ec774684c925a0,MEM7000766,GRP1006,OakStreet-East,170-62-4800,David,Martinez,1968-07-17,M,+19855111067,9084 Pine Ave,,Orlando,FL,32801,USA,"9084 Pine Ave, Orlando, FL 32801, USA",PCP0106,Active,EHR,P00766,ING-PAT-20261005-00766,2026-10-05T10:36:18,2026-10-05T10:38:18,2024-10-21T10:38:18,2026-10-05T10:38:18,2026-10-05T08:19:18,3dc91830e9d1c5c849e54fe59776c8ec90d061632e12adece40ac82b2b6e0902,CURRENT,True
100767,P00767,b79655f66786118974d121c8b26169cc26adc4479f14c564727f2b215db28376,MEM7000767,GRP1007,OakStreet-Southwest,756-25-5066,Barbara,Jackson,2001-01-21,F,+18403804282,8761 Washington Rd,,Orlando,FL,32801,USA,"8761 Washington Rd, Orlando, FL 32801, USA",PCP0060,Active,EHR,P00767,ING-PAT-20261005-00767,2026-10-05T10:36:21,2026-10-05T10:38:21,2023-11-09T10:38:21,2026-10-05T10:38:21,2026-10-05T07:19:21,f1efb0e68ccd8df1e0ed02c3fc86ce5e542e53f039d6ad4c2c132f5003fdf27e,CURRENT,True
100768,P00768,23b76f21b3f7d2f9ae24d9028bd7725a8bdead3468777a004663a9bee6582229,MEM7000768,GRP1008,OakStreet-Central,735-77-4882,Daniel,Wilson,1955-04-06,F,+17579823528,9081 Oak Blvd,,Houston,TX,77002,USA,"9081 Oak Blvd, Houston, TX 77002, USA",PCP0038,Active,EHR,P00768,ING-PAT-20261005-00768,2026-10-05T10:36:24,2026-10-05T10:38:24,2023-01-26T10:38:24,2026-10-05T10:38:24,2026-10-05T08:44:24,588a7547184c09a89bda2e03ca55aff009d2f8ab564a2e8c7da71c3941507886,CURRENT,True
100769,P00769,743100c0a5364bcaf9d9f8e6af7d252e0c49fccc6e36ca4d2f5d620b6356c057,MEM7000769,GRP1009,OakStreet-South,590-97-9401,Mark,Garcia,1938-02-05,F,+14226095245,422 Pine Ave,,Austin,TX,78701,USA,"422 Pine Ave, Austin, TX 78701, USA",PCP0083,Active,EHR,P00769,ING-PAT-20261005-00769,2026-10-05T10:36:27,2026-10-05T10:38:27,2022-04-28T10:38:27,2026-10-05T10:38:27,2026-10-05T09:28:27,82a2b2394198b011099635c5278cd244fc246d21bfc38d05f43bdd4d20ffba37,CURRENT,True
100770,P00770,a7053b3e284d8cc4045ee47539ceb470f4ded62126a27546fdf5fadae75239ef,MEM7000770,GRP1010,OakStreet-East,812-19-7389,Jennifer,Harris,1992-01-05,F,+17748993126,3579 Market Rd,,Phoenix,AZ,85004,USA,"3579 Market Rd, Phoenix, AZ 85004, USA",PCP0001,Active,EHR,P00770,ING-PAT-20261005-00770,2026-10-05T10:36:30,2026-10-05T10:38:30,2021-11-14T10:38:30,2026-10-05T10:38:30,2026-10-05T08:27:30,640c4b634a04aec28aed14c04ae07f35cedcc778faab851f872531361e586e05,CURRENT,True
100771,P00771,25198d34d6d00be121f36a56dd88e1ec27156188cfb93db2d66eb99adedaee14,MEM7000771,GRP1011,OakStreet-Southwest,798-53-6732,Michael,Lopez,1986-01-11,F,+13188015521,2202 Park Ave,Apt 218,San Antonio,TX,78205,USA,"2202 Park Ave Apt 218, San Antonio, TX 78205, USA",PCP0042,Active,EHR,P00771,ING-PAT-20261005-00771,2026-10-05T10:36:33,2026-10-05T10:38:33,2024-03-10T10:38:33,2026-10-05T10:38:33,2026-10-05T08:08:33,b6ca9732d354a378d0b60ff12b0ddf126fc3fe3fee2b003c68bba4e9d2326b55,CURRENT,True
100772,P00772,9a13f01b602a41dfdb05fa49e18eb0d0ef5c88f09b670a82c65fec148dceed72,MEM7000772,GRP1012,OakStreet-Central,299-54-9790,Anthony,Walker,1963-12-15,M,+18537115470,1141 Oak Rd,,Houston,TX,77002,USA,"1141 Oak Rd, Houston, TX 77002, USA",PCP0010,Active,EHR,P00772,ING-PAT-20261005-00772,2026-10-05T10:36:36,2026-10-05T10:38:36,2023-11-21T10:38:36,2026-10-05T10:38:36,2026-10-05T07:53:36,d6f5db172fe622259952178645a4e65dcc26e0beaffebccf31d8b8e81f20cee5,CURRENT,True
100773,P00773,1be0911c64dc96c0bfc0a619c41d693a7ae640f63c7a41bc30cca185cc3ec338,MEM7000773,GRP1013,OakStreet-South,752-65-0776,Anthony,Clark,1935-12-08,F,+16967331492,8858 Market St,,San Antonio,TX,78205,USA,"8858 Market St, San Antonio, TX 78205, USA",PCP0085,Active,EHR,P00773,ING-PAT-20261005-00773,2026-10-05T10:36:39,2026-10-05T10:38:39,2025-01-18T10:38:39,2026-10-05T10:38:39,2026-10-05T08:33:39,593d9da43b785609d91a2cdf7efcc7ec9ce42458b313f00124ae618c4fe54136,CURRENT,True
100774,P00774,ff794d7ccf022eefde5279f6fa36bfe18d27ae665d4bce630b3f6d81cb77b346,MEM7000774,GRP1014,OakStreet-East,101-15-1076,Sarah,Gonzalez,1948-05-24,M,+18058791656,8160 Main St,Apt 526,Houston,TX,77024,USA,"8160 Main St Apt 526, Houston, TX 77024, USA",PCP0055,Active,EHR,P00774,ING-PAT-20261005-00774,2026-10-05T10:36:42,2026-10-05T10:38:42,2023-07-15T10:38:42,2026-10-05T10:38:42,2026-10-05T07:32:42,43f31a298edd4eb5080f2fca305a3dbd2021048974b3732cd4ad1fff6a6f2efa,CURRENT,True
100775,P00775,dbcca1fda0e7f5beba6237cd83b6b881a7cf0f2a9dd3b69c74d905586f8be5d0,MEM7000775,GRP1015,OakStreet-Southwest,875-75-6513,Jennifer,Jackson,1979-11-19,F,+12797476765,5405 Washington Rd,,Chicago,IL,60601,USA,"5405 Washington Rd, Chicago, IL 60601, USA",PCP0117,Inactive,EHR,P00775,ING-PAT-20261005-00775,2026-10-05T10:36:45,2026-10-05T10:38:45,2022-04-01T10:38:45,2026-10-05T10:38:45,2026-10-05T08:17:45,4a111b3c919836d951244eb283a9d404309b490462451b6ad6bed6ad2a877eb5,CURRENT,True
100776,P00776,93d9f946511a6c9bae355691b288ffb6b7281e1c8915d9f7c1710b1407306e83,MEM7000776,GRP1016,OakStreet-Central,651-96-4845,Robert,Smith,1974-01-04,F,+14675417104,3066 Park Rd,,Houston,TX,77024,USA,"3066 Park Rd, Houston, TX 77024, USA",PCP0023,Active,EHR,P00776,ING-PAT-20261005-00776,2026-10-05T10:36:48,2026-10-05T10:38:48,2025-04-13T10:38:48,2026-10-05T10:38:48,2026-10-05T09:45:48,5002288c4ec1a6684d6ae5a3b79745fdb7d6ded68b8cded90a81c6ac2c34bb46,CURRENT,True
100777,P00777,d3b45760c78ea2b1ca4a82a23fde5a1621a0d414b4b037a47a2638ef56eda0c7,MEM7000777,GRP1017,OakStreet-South,217-64-6509,Robert,Davis,1976-07-25,M,+18365099816,7351 Park St,,San Antonio,TX,78205,USA,"7351 Park St, San Antonio, TX 78205, USA",PCP0043,Active,EHR,P00777,ING-PAT-20261005-00777,2026-10-05T10:36:51,2026-10-05T10:38:51,2024-11-10T10:38:51,2026-10-05T10:38:51,2026-10-05T09:59:51,5f606b3db407f800bbccee408b13da25520f255edb64048f44eec70418c7ba1c,CURRENT,True
100778,P00778,217c5c670bf5c1c903ef266991c0a2121483f6cef7e88d1d6fd275ed49011689,MEM7000778,GRP1018,OakStreet-East,247-59-7877,William,Robinson,1984-12-07,F,+19342586880,8820 Market Rd,,Houston,TX,77005,USA,"8820 Market Rd, Houston, TX 77005, USA",PCP0061,Active,EHR,P00778,ING-PAT-20261005-00778,2026-10-05T10:36:54,2026-10-05T10:38:54,2021-12-05T10:38:54,2026-10-05T10:38:54,2026-10-05T10:15:54,dfb4bea38f152ee50eb5ab4c23fd003b14d6f45f8d474d47d36662a0d0edde53,CURRENT,True
100779,P00779,5ec41732c2d6488bad267b82d8ff1f860a1c957c015797e3cffdb737392c1946,MEM7000779,GRP1019,OakStreet-Southwest,607-97-9340,Richard,Martin,1935-10-10,M,+13345529968,4980 Market Rd,,Houston,TX,77002,USA,"4980 Market Rd, Houston, TX 77002, USA",PCP0107,Active,EHR,P00779,ING-PAT-20261005-00779,2026-10-05T10:36:57,2026-10-05T10:38:57,2022-02-25T10:38:57,2026-10-05T10:38:57,2026-10-05T09:32:57,622b559e53e36d1900b730a9d0be31526b9f40492d320d01645e6fd56d665b27,CURRENT,True
100780,P00780,0ef8f3851a6c90cc0f3830ae57ad675d2bd78f517f89fa2e03ef218c5a452115,MEM7000780,GRP1020,OakStreet-Central,567-24-0364,Mary,Miller,1942-06-23,F,+17868386039,7510 Lake Blvd,Apt 899,Chicago,IL,60601,USA,"7510 Lake Blvd Apt 899, Chicago, IL 60601, USA",PCP0006,Active,EHR,P00780,ING-PAT-20261005-00780,2026-10-05T10:37:00,2026-10-05T10:39:00,2024-10-02T10:39:00,2026-10-05T10:39:00,2026-10-05T07:38:00,e65dcdd3d47474c89386ac4f754baf1efdfc97d84d615af258dd53927b5b6bd4,CURRENT,True
100781,P00781,390fd517fb366169a59e0ceaf13a6f4d2e78eb5b5b187112ab41094d8538e9cf,MEM7000781,GRP1021,OakStreet-South,563-96-9183,Richard,Perez,1999-05-01,M,+15028738158,6867 Oak Blvd,Apt 708,Houston,TX,77005,USA,"6867 Oak Blvd Apt 708, Houston, TX 77005, USA",PCP0063,Active,EHR,P00781,ING-PAT-20261005-00781,2026-10-05T10:37:03,2026-10-05T10:39:03,2025-09-23T10:39:03,2026-10-05T10:39:03,2026-10-05T07:31:03,95dcce4814ea14c84aa327746bc0a44f274626a8732211f0d35571e2e5a934d7,CURRENT,True
100782,P00782,59919a5185ac03aafed0ca304103e327998a1924077de9bcc562f9c3d7cf82e1,MEM7000782,GRP1022,OakStreet-East,294-66-9623,Charles,Clark,1967-09-11,M,+13285594537,4737 Park Rd,Apt 382,Atlanta,GA,30303,USA,"4737 Park Rd Apt 382, Atlanta, GA 30303, USA",PCP0054,Active,EHR,P00782,ING-PAT-20261005-00782,2026-10-05T10:37:06,2026-10-05T10:39:06,2022-07-18T10:39:06,2026-10-05T10:39:06,2026-10-05T09:33:06,ad3d812869bc816a57799e9f284a5cf1ec7c893c26abddf161262de1d0ff6fd3,CURRENT,True
100783,P00783,dca43939b58a4c452676b352d8dd5442208672bf5da3b828d8f340b0dc52e68e,MEM7000783,GRP1023,OakStreet-Southwest,328-42-3255,Joseph,Davis,1947-06-08,F,+14355959018,5270 Lake Blvd,,Houston,TX,77002,USA,"5270 Lake Blvd, Houston, TX 77002, USA",PCP0091,Active,EHR,P00783,ING-PAT-20261005-00783,2026-10-05T10:37:09,2026-10-05T10:39:09,2021-12-31T10:39:09,2026-10-05T10:39:09,2026-10-05T09:34:09,97b9cedd20573e9d13978e768a309054179a5dddf8e0bbfc33a2aef22c23d286,CURRENT,True
100784,P00784,a5222b08ea55bc95d3bf5f962fd0e2c20fcf5757ac4477551f0e7b35a57a9bb2,MEM7000784,GRP1024,OakStreet-Central,110-33-8206,Barbara,Robinson,1971-05-01,F,+16223334202,3454 Park Blvd,,Orlando,FL,32801,USA,"3454 Park Blvd, Orlando, FL 32801, USA",PCP0008,Active,EHR,P00784,ING-PAT-20261005-00784,2026-10-05T10:37:12,2026-10-05T10:39:12,2023-01-07T10:39:12,2026-10-05T10:39:12,2026-10-05T08:44:12,5ee3d3f77cde0b2e6d8ce63169c00202ca110506e676213ffab99f34073bf0bf,CURRENT,True
100785,P00785,ffe766414e8b7d6be57431ba740f86ec6ba1c17e081bf1f23791d1fbf7ae165d,MEM7000785,GRP1025,OakStreet-South,488-82-4675,Jennifer,Ramirez,1981-05-01,M,+18153131775,7299 Washington Rd,,Atlanta,GA,30303,USA,"7299 Washington Rd, Atlanta, GA 30303, USA",PCP0116,Active,EHR,P00785,ING-PAT-20261005-00785,2026-10-05T10:37:15,2026-10-05T10:39:15,2025-09-10T10:39:15,2026-10-05T10:39:15,2026-10-05T08:29:15,1d7b7ccb029f5724cb9e9ab664d0aa97c68ff0ed20d8c348cc6aa714cad3cc40,CURRENT,True
100786,P00786,dd58a65f1ef2211a185586e8a4aa28f139f419acae9ed346956c22d053a6e845,MEM7000786,GRP1026,OakStreet-East,120-36-7055,Mark,Walker,1972-05-24,M,+12033195177,4939 Market Ave,,Austin,TX,78701,USA,"4939 Market Ave, Austin, TX 78701, USA",PCP0062,Active,EHR,P00786,ING-PAT-20261005-00786,2026-10-05T10:37:18,2026-10-05T10:39:18,2025-06-06T10:39:18,2026-10-05T10:39:18,2026-10-05T07:49:18,0ce0bf9b4471d0f66ef36f7624e5df702cd4137d26c95631b9d97d402c7eaf53,CURRENT,True
100787,P00787,17a43aee619a246d8a7ada7865cb7d611d7b7e927fd67b2878fe2eba154c92fc,MEM7000787,GRP1027,OakStreet-Southwest,108-60-5982,William,Gonzalez,1937-03-09,M,+13738823539,8345 Oak Ave,,Austin,TX,78701,USA,"8345 Oak Ave, Austin, TX 78701, USA",PCP0013,Active,EHR,P00787,ING-PAT-20261005-00787,2026-10-05T10:37:21,2026-10-05T10:39:21,2022-01-30T10:39:21,2026-10-05T10:39:21,2026-10-05T06:44:21,43c0ed93e657a1d9570a1498a8e119e797613e53394b64f98f6a69a0c052873d,CURRENT,True
100788,P00788,4dfcb6d9401b36ea3c40a4c6163d4d8897a46d865161c903edb8c1ac94a206f8,MEM7000788,GRP1028,OakStreet-Central,438-57-1468,Jessica,Lewis,1949-10-18,M,+12602502272,905 Market Ave,,Houston,TX,77024,USA,"905 Market Ave, Houston, TX 77024, USA",PCP0094,Active,EHR,P00788,ING-PAT-20261005-00788,2026-10-05T10:37:24,2026-10-05T10:39:24,2023-10-19T10:39:24,2026-10-05T10:39:24,2026-10-05T07:07:24,1d3080d5ce4b25f342f4d584308383c4c938dca2c12aaae77f41af1472ce30ff,CURRENT,True
100789,P00789,5a269f0e5b8e280ed9cd1fbca5948641de6e60fef3a776df256c36112cc62a10,MEM7000789,GRP1029,OakStreet-South,878-50-9554,Barbara,Harris,1948-03-17,F,+19167411861,3162 Main Rd,Apt 794,Atlanta,GA,30303,USA,"3162 Main Rd Apt 794, Atlanta, GA 30303, USA",PCP0104,Inactive,EHR,P00789,ING-PAT-20261005-00789,2026-10-05T10:37:27,2026-10-05T10:39:27,2023-07-03T10:39:27,2026-10-05T10:39:27,2026-10-05T06:49:27,b2e17b8c05d4cb4878c52d6400bf63a1b49b11e8f9d0878e07daeff89690abf3,CURRENT,True
100790,P00790,aa8f67b9077581c002c3103eaa12238dde780b2a97699360197692fb3da5ca85,MEM7000790,GRP1030,OakStreet-East,707-67-7422,Sarah,Jackson,1939-04-28,F,+17432789892,3118 Market Rd,,Chicago,IL,60601,USA,"3118 Market Rd, Chicago, IL 60601, USA",PCP0038,Active,EHR,P00790,ING-PAT-20261005-00790,2026-10-05T10:37:30,2026-10-05T10:39:30,2024-10-05T10:39:30,2026-10-05T10:39:30,2026-10-05T09:51:30,7357872bae8d7b8324fc661fb4a7ad625db9b2061c6a36dda335d4a2dd25609f,CURRENT,True
100791,P00791,f618a9e9ae9593b7e1c930e64996058d41bedf77f9811e773c06677843a629dd,MEM7000791,GRP1031,OakStreet-Southwest,390-88-0770,Susan,Johnson,1936-12-15,M,+12953209354,3501 Washington Ave,,San Antonio,TX,78205,USA,"3501 Washington Ave, San Antonio, TX 78205, USA",PCP0014,Active,EHR,P00791,ING-PAT-20261005-00791,2026-10-05T10:37:33,2026-10-05T10:39:33,2023-08-07T10:39:33,2026-10-05T10:39:33,2026-10-05T07:35:33,3484f7ffd6c118c12b17abaf2462da28d9ed0b4ae64f9fc5a57af2a04e214341,CURRENT,True
100792,P00792,4c418027971c2512a587f9918478bdfa1fbefda78ecc123deeb7b41bde44dc99,MEM7000792,GRP1032,OakStreet-Central,627-38-6145,Lisa,Lee,2000-11-15,M,+15208585350,5832 Market St,,Austin,TX,78701,USA,"5832 Market St, Austin, TX 78701, USA",PCP0058,Active,EHR,P00792,ING-PAT-20261005-00792,2026-10-05T10:37:36,2026-10-05T10:39:36,2021-11-15T10:39:36,2026-10-05T10:39:36,2026-10-05T08:25:36,4363d2f9c9f2bcfa38e4b7b160a240014d705b5aea28a64692be4601fd44f18c,CURRENT,True
100793,P00793,d8dcce312c487fe4080802e60a401d03f094cfb32f0ebdb6f67e10069699fd13,MEM7000793,GRP1033,OakStreet-South,157-62-2316,Anthony,Williams,1959-05-13,M,+18992913681,5380 Washington Ave,,Houston,TX,77002,USA,"5380 Washington Ave, Houston, TX 77002, USA",PCP0051,Active,EHR,P00793,ING-PAT-20261005-00793,2026-10-05T10:37:39,2026-10-05T10:39:39,2025-11-10T10:39:39,2026-10-05T10:39:39,2026-10-05T07:27:39,76eb801dc5bbe15266e81480a79520f64fe503db0a595a63e15a5506d452a637,CURRENT,True
100794,P00794,66f413cfdc5e44cdf18f9dde6275614be8148efe5ac79c0c151e1976b0c28360,MEM7000794,GRP1034,OakStreet-East,603-69-2236,John,Martinez,2001-12-16,M,+16185447567,7449 Washington Rd,,Houston,TX,77005,USA,"7449 Washington Rd, Houston, TX 77005, USA",PCP0047,Active,EHR,P00794,ING-PAT-20261005-00794,2026-10-05T10:37:42,2026-10-05T10:39:42,2024-09-28T10:39:42,2026-10-05T10:39:42,2026-10-05T06:39:42,dd5ac3790d7bb96156f4a2e1fe5131e6c694a1a77623b52ea9cf83a95baeac4d,CURRENT,True
100795,P00795,88ea6ed58c5605834539bf1a5396eb8329861a35a634dbeac8702acbca10e12c,MEM7000795,GRP1035,OakStreet-Southwest,293-51-3686,Elizabeth,Lopez,1953-04-18,M,+18984359301,3332 Washington Blvd,,Houston,TX,77005,USA,"3332 Washington Blvd, Houston, TX 77005, USA",PCP0039,Active,EHR,P00795,ING-PAT-20261005-00795,2026-10-05T10:37:45,2026-10-05T10:39:45,2024-06-20T10:39:45,2026-10-05T10:39:45,2026-10-05T09:08:45,da76e12f798f74d9fefe5627bbd93ca49043a84658567f19aaecb489ff8cd33a,CURRENT,True
100796,P00796,5d70fd13dd7567b5cafe156e8b1e2f179972f10f22002aa655519c4e8c64d888,MEM7000796,GRP1036,OakStreet-Central,738-28-3028,Ashley,Perez,1999-11-27,F,+17257348245,9546 Market St,,Atlanta,GA,30303,USA,"9546 Market St, Atlanta, GA 30303, USA",PCP0073,Active,EHR,P00796,ING-PAT-20261005-00796,2026-10-05T10:37:48,2026-10-05T10:39:48,2022-11-23T10:39:48,2026-10-05T10:39:48,2026-10-05T10:01:48,a330df2566c92a33628fa4bb46da449d9ca8064a1a7a6680c2130a1bc8826f18,CURRENT,True
100797,P00797,91605adbf771b7bf6a8775dcd0e99f7b98df867df897a768fa85c789c6ffc220,MEM7000797,GRP1037,OakStreet-South,429-58-4186,Betty,Smith,1999-05-19,M,+19767166893,3916 Park Rd,,Austin,TX,78701,USA,"3916 Park Rd, Austin, TX 78701, USA",PCP0082,Active,EHR,P00797,ING-PAT-20261005-00797,2026-10-05T10:37:51,2026-10-05T10:39:51,2024-01-27T10:39:51,2026-10-05T10:39:51,2026-10-05T06:54:51,f06aeb6f7a5b07e0eec210d769c48f6cef7cdf3d4ebded8a8ea0606f593d9049,CURRENT,True
100798,P00798,a57ea8d900713c393221a64a28dd1079e64718f3128826b8a9dfa84ca81fbf70,MEM7000798,GRP1038,OakStreet-East,103-98-7047,Mark,Taylor,1955-06-28,F,+19632625129,2038 Main St,Apt 969,Austin,TX,78701,USA,"2038 Main St Apt 969, Austin, TX 78701, USA",PCP0053,Active,EHR,P00798,ING-PAT-20261005-00798,2026-10-05T10:37:54,2026-10-05T10:39:54,2022-09-01T10:39:54,2026-10-05T10:39:54,2026-10-05T10:17:54,0c03b91391982151851d9d7b90c48d5495fe070f6b9869875c410a15dfbe1bef,CURRENT,True
100799,P00799,ae7ce3bed6ab8ef4f316449436593ec91fcb4ca873f626f04f6798a6deeb2ab4,MEM7000799,GRP1039,OakStreet-Southwest,416-77-2431,Jennifer,Wilson,1951-06-13,F,+16725498441,8567 Market Rd,,Phoenix,AZ,85004,USA,"8567 Market Rd, Phoenix, AZ 85004, USA",PCP0014,Active,EHR,P00799,ING-PAT-20261005-00799,2026-10-05T10:37:57,2026-10-05T10:39:57,2022-05-12T10:39:57,2026-10-05T10:39:57,2026-10-05T09:30:57,6d71d3fbea35d018abd35b954455b13e3f82665c11460418c046ea1bc5a4ddc0,CURRENT,True
100800,P00800,706407146c8b2f66b113e764fbc0f24c33c45c81d789ce415a6f9d9a84600cf0,MEM7000800,GRP1000,OakStreet-Central,414-37-7709,David,Lopez,1955-06-03,F,+16962354104,1373 Lake St,,Phoenix,AZ,85004,USA,"1373 Lake St, Phoenix, AZ 85004, USA",PCP0043,Active,EHR,P00800,ING-PAT-20261005-00800,2026-10-05T10:38:00,2026-10-05T10:40:00,2024-08-12T10:40:00,2026-10-05T10:40:00,2026-10-05T07:57:00,cc711712112f69cb7a895b289dcd6708a5b2e4f22ff8305fa4c9d677b5e9b3a7,CURRENT,True
100801,P00801,f8afde93d3caaad1655490bd7ca0b76bbd39e1f17142506f22c32740d50fecd1,MEM7000801,GRP1001,OakStreet-South,782-88-4851,Patricia,Miller,1964-12-16,F,+14628114001,3217 Main Blvd,,Austin,TX,78701,USA,"3217 Main Blvd, Austin, TX 78701, USA",PCP0088,Active,EHR,P00801,ING-PAT-20261005-00801,2026-10-05T10:38:03,2026-10-05T10:40:03,2023-09-26T10:40:03,2026-10-05T10:40:03,2026-10-05T08:49:03,cd785a3580e0c493f05c2deb89f9ff5434a0dca465fb2d91d52268bb5bd08d06,CURRENT,True
100802,P00802,6a95286ee46a5f61b3ed4a5f6932a01949c877b075d2a6dc15cf044b29c992c7,MEM7000802,GRP1002,OakStreet-East,125-85-0657,Joseph,Thompson,1991-02-04,M,+19513193165,5703 Lake Blvd,,San Antonio,TX,78205,USA,"5703 Lake Blvd, San Antonio, TX 78205, USA",PCP0033,Active,EHR,P00802,ING-PAT-20261005-00802,2026-10-05T10:38:06,2026-10-05T10:40:06,2023-07-25T10:40:06,2026-10-05T10:40:06,2026-10-05T08:35:06,d8306461b605c76f676f70fc7175670ffd5f1fe68079a5486fc38a94380848a0,CURRENT,True
100803,P00803,3ddb755ab29cbc688a14876bd34ddbb34ef5c5c462b0802d1b5bc4451629d541,MEM7000803,GRP1003,OakStreet-Southwest,461-83-1950,John,Jackson,1991-05-05,F,+15957467971,8867 Main Ave,Apt 609,Chicago,IL,60601,USA,"8867 Main Ave Apt 609, Chicago, IL 60601, USA",PCP0116,Inactive,EHR,P00803,ING-PAT-20261005-00803,2026-10-05T10:38:09,2026-10-05T10:40:09,2023-07-21T10:40:09,2026-10-05T10:40:09,2026-10-05T10:26:09,65cd6a841f847117fa6d067f5be3917e94144de64a36c5b209fce15abeb5084e,CURRENT,True
100804,P00804,8545f37f1f5eac04562509ac22d31284a4a31f4eb70f84711b0bf11fe3bdda40,MEM7000804,GRP1004,OakStreet-Central,365-28-9831,Margaret,Robinson,1945-06-07,F,+15197268322,6756 Oak Rd,,Austin,TX,78701,USA,"6756 Oak Rd, Austin, TX 78701, USA",PCP0014,Active,EHR,P00804,ING-PAT-20261005-00804,2026-10-05T10:38:12,2026-10-05T10:40:12,2024-07-25T10:40:12,2026-10-05T10:40:12,2026-10-05T08:03:12,ce2eb469b03f538e2ec0c768c6edad8237a22f666d2ad94e4e0c884389e39c52,CURRENT,True
100805,P00805,a48b9d2d10b492bb864dcead460975931f541034756ad1293c103dc4c177294f,MEM7000805,GRP1005,OakStreet-South,747-95-5860,William,Thompson,1992-10-13,F,+14722304453,4085 Washington Blvd,Apt 992,Houston,TX,77002,USA,"4085 Washington Blvd Apt 992, Houston, TX 77002, USA",PCP0039,Active,EHR,P00805,ING-PAT-20261005-00805,2026-10-05T10:38:15,2026-10-05T10:40:15,2022-01-30T10:40:15,2026-10-05T10:40:15,2026-10-05T09:01:15,091b2f64c7d3670aa9fcd9246a290b4b088ce62bae93e191e70549c20effd240,CURRENT,True
100806,P00806,6fbc73c1007e210e4254f3d6727fad4cd6ab274ac3141ea757ed6a0300030d44,MEM7000806,GRP1006,OakStreet-East,334-90-1037,Susan,Taylor,1948-07-26,F,+18142075911,9482 Washington Blvd,,Houston,TX,77005,USA,"9482 Washington Blvd, Houston, TX 77005, USA",PCP0103,Active,EHR,P00806,ING-PAT-20261005-00806,2026-10-05T10:38:18,2026-10-05T10:40:18,2025-06-16T10:40:18,2026-10-05T10:40:18,2026-10-05T09:07:18,9b99743623f28a8af5f5d28b7a95c0246e3278a489bf369cef7cb56fb6f6e0fd,CURRENT,True
100807,P00807,38e2bea8f5205cf2117a1efebe748edaa3da87bdbb86ad4bb1560dfabf54f839,MEM7000807,GRP1007,OakStreet-Southwest,183-65-6567,James,Lopez,1997-09-11,F,+18215635881,8510 Washington St,Apt 133,Houston,TX,77005,USA,"8510 Washington St Apt 133, Houston, TX 77005, USA",PCP0058,Active,EHR,P00807,ING-PAT-20261005-00807,2026-10-05T10:38:21,2026-10-05T10:40:21,2024-02-23T10:40:21,2026-10-05T10:40:21,2026-10-05T07:13:21,3687cad55d7e5cf1cfd10da0fc20b6e0ca171aa200b84fafa33b01e06612edaa,CURRENT,True
100808,P00808,3ec68ffb294539f81c730c428f83072c6702e8b29ce95f2410bdfc0b45b83fe7,MEM7000808,GRP1008,OakStreet-Central,846-39-5577,Karen,Gonzalez,1988-08-27,F,+12919381894,5325 Main Blvd,Apt 590,Chicago,IL,60601,USA,"5325 Main Blvd Apt 590, Chicago, IL 60601, USA",PCP0114,Active,EHR,P00808,ING-PAT-20261005-00808,2026-10-05T10:38:24,2026-10-05T10:40:24,2021-11-28T10:40:24,2026-10-05T10:40:24,2026-10-05T08:37:24,7859a98d361ce66c38ba67898e89f0dbd0f3a50450d9436d10773ba87ab7db3d,CURRENT,True
100809,P00809,7d50f1e2dfbc1d18ca10809c4014951418fefbc5471b7805978d51a04fcf9692,MEM7000809,GRP1009,OakStreet-South,773-76-4098,Lisa,Lopez,1945-10-05,M,+13954795763,6978 Main St,,San Antonio,TX,78205,USA,"6978 Main St, San Antonio, TX 78205, USA",PCP0120,Active,EHR,P00809,ING-PAT-20261005-00809,2026-10-05T10:38:27,2026-10-05T10:40:27,2023-10-26T10:40:27,2026-10-05T10:40:27,2026-10-05T10:08:27,dddbaadb2d3afdaab147b1bd59530ae7f70fd63b7d25813876df249d3c43c7f4,CURRENT,True
100810,P00810,23d072f89c8f69e913c227015c7fa7f352f4a80ae5dc8e1fc7883158ff20eb2a,MEM7000810,GRP1010,OakStreet-East,556-81-1938,Richard,Miller,1935-03-22,F,+15569069557,8016 Park Rd,,Houston,TX,77005,USA,"8016 Park Rd, Houston, TX 77005, USA",PCP0029,Active,EHR,P00810,ING-PAT-20261005-00810,2026-10-05T10:38:30,2026-10-05T10:40:30,2022-10-23T10:40:30,2026-10-05T10:40:30,2026-10-05T10:01:30,f22dcdeb447296177b0bb1ca3c871e18500dbeab9047bb9ea9f625acdd6c580a,CURRENT,True
100811,P00811,90d91d967be0c5ba86c3e3af7e1a4a6ef7c57ddb285bdc2a007f9cc38b4ed343,MEM7000811,GRP1011,OakStreet-Southwest,772-44-6618,Susan,Perez,1960-10-21,F,+16819126556,1391 Oak Ave,,Houston,TX,77005,USA,"1391 Oak Ave, Houston, TX 77005, USA",PCP0001,Active,EHR,P00811,ING-PAT-20261005-00811,2026-10-05T10:38:33,2026-10-05T10:40:33,2025-03-12T10:40:33,2026-10-05T10:40:33,2026-10-05T07:16:33,055f784a95c6d1c0afa1bf58b3f0a1280d2d171563d082d158b6ffc65b6f232a,CURRENT,True
100812,P00812,0cb84ab2bb4706292346f6b7a7a9b3900a9e4460511a0cadd6a3f121a456c59a,MEM7000812,GRP1012,OakStreet-Central,512-46-3227,Ashley,White,1941-09-22,M,+19072473523,6477 Main Blvd,,Atlanta,GA,30303,USA,"6477 Main Blvd, Atlanta, GA 30303, USA",PCP0023,Active,EHR,P00812,ING-PAT-20261005-00812,2026-10-05T10:38:36,2026-10-05T10:40:36,2022-02-07T10:40:36,2026-10-05T10:40:36,2026-10-05T08:21:36,1022d7c7219bbe1a041a363bb02c2e64d564a7c26b3df1fa653dcad909b8fb10,CURRENT,True
100813,P00813,040ab13aa43e4e8364405799803fdb46aef7b65f00bec631fe2ff68165a41493,MEM7000813,GRP1013,OakStreet-South,607-46-0584,Elizabeth,Jones,1994-01-05,F,+18738255149,8073 Oak St,,Phoenix,AZ,85004,USA,"8073 Oak St, Phoenix, AZ 85004, USA",PCP0058,Active,EHR,P00813,ING-PAT-20261005-00813,2026-10-05T10:38:39,2026-10-05T10:40:39,2023-01-07T10:40:39,2026-10-05T10:40:39,2026-10-05T08:54:39,8a5da7ced38a74f6cc6989877d00af1b9bf4c2240642878791829c318a89670b,CURRENT,True
100814,P00814,b070562c4286e873c44317fc8edaf7b39bbb5b43b1ad69896d60489209003b59,MEM7000814,GRP1014,OakStreet-East,830-69-5235,John,Rodriguez,1962-04-02,M,+19202792617,6197 Lake St,,Dallas,TX,75201,USA,"6197 Lake St, Dallas, TX 75201, USA",PCP0026,Active,EHR,P00814,ING-PAT-20261005-00814,2026-10-05T10:38:42,2026-10-05T10:40:42,2021-12-06T10:40:42,2026-10-05T10:40:42,2026-10-05T07:56:42,0ea40a88a2beb1ae5ee2f04c4b604388713a5c93741fc3b2a189d7ead5df3ffc,CURRENT,True
100815,P00815,af0bf1fd26f7cf758692431dc58534948c9cab7e4d4bf600d7c3ebb8eb5fb93b,MEM7000815,GRP1015,OakStreet-Southwest,673-15-5129,Lisa,Martinez,1978-08-19,F,+13343978406,7850 Pine Blvd,,Phoenix,AZ,85004,USA,"7850 Pine Blvd, Phoenix, AZ 85004, USA",PCP0061,Active,EHR,P00815,ING-PAT-20261005-00815,2026-10-05T10:38:45,2026-10-05T10:40:45,2021-12-11T10:40:45,2026-10-05T10:40:45,2026-10-05T07:43:45,2d810c587613380209be69101903c47607ed9e97b195153bcbe82f46446bb124,CURRENT,True
100816,P00816,8d8ce0dbd32897b8c8237247e45072b4361d4658f9a6a833f85608747ce904bb,MEM7000816,GRP1016,OakStreet-Central,153-63-6289,Elizabeth,Lopez,2000-05-23,M,+14665059260,4080 Lake Rd,Apt 461,Phoenix,AZ,85004,USA,"4080 Lake Rd Apt 461, Phoenix, AZ 85004, USA",PCP0047,Active,EHR,P00816,ING-PAT-20261005-00816,2026-10-05T10:38:48,2026-10-05T10:40:48,2022-08-20T10:40:48,2026-10-05T10:40:48,2026-10-05T08:08:48,ccdb6cd249e70aa75546b733f8bb5072066d3e52c2f3e6f69fb619567ee4bc7b,CURRENT,True
100817,P00817,3474cd1aaf3c1b7bee6887250f226336585b5ee34ff7d49482e16d32848db980,MEM7000817,GRP1017,OakStreet-South,839-90-4852,Mary,Moore,1969-04-03,M,+13943694031,9438 Main Blvd,,Chicago,IL,60601,USA,"9438 Main Blvd, Chicago, IL 60601, USA",PCP0027,Active,EHR,P00817,ING-PAT-20261005-00817,2026-10-05T10:38:51,2026-10-05T10:40:51,2024-04-18T10:40:51,2026-10-05T10:40:51,2026-10-05T07:00:51,6a13123a4370430e639b8d64decd82a7822e609d29a55822d62de8f221c4515b,CURRENT,True
100818,P00818,814cdbd3f1d6dacd9862b1caefae811edccb6030b901745b9d818f98c0becd90,MEM7000818,GRP1018,OakStreet-East,522-12-6780,Matthew,Harris,1935-12-25,F,+19579463444,5645 Park Blvd,,Chicago,IL,60601,USA,"5645 Park Blvd, Chicago, IL 60601, USA",PCP0058,Active,EHR,P00818,ING-PAT-20261005-00818,2026-10-05T10:38:54,2026-10-05T10:40:54,2024-02-09T10:40:54,2026-10-05T10:40:54,2026-10-05T09:49:54,df7a88e7cf99ce9c25a1a4935f85cf058301ec1e18abdef118fbea4f10c33486,CURRENT,True
100819,P00819,f72a46a17c343ebc6364e90ac57dfb30d33b5e17f8465bdf7ad3d6877b37a562,MEM7000819,GRP1019,OakStreet-Southwest,176-89-5816,Matthew,Miller,1990-01-28,F,+18628363386,1501 Market Blvd,,Houston,TX,77024,USA,"1501 Market Blvd, Houston, TX 77024, USA",PCP0012,Active,EHR,P00819,ING-PAT-20261005-00819,2026-10-05T10:38:57,2026-10-05T10:40:57,2023-06-16T10:40:57,2026-10-05T10:40:57,2026-10-05T09:41:57,4c5587ef49caedef9c10ff879f7311beecb6eb91ef1f64878c01c5773ffe0481,CURRENT,True
100820,P00820,70241322ed4283cb82310d5f60f0c9c2258537604a5a628fe9cc750deb11b61e,MEM7000820,GRP1020,OakStreet-Central,687-59-5606,David,Hernandez,1989-02-21,F,+17936021547,4896 Main St,,Orlando,FL,32801,USA,"4896 Main St, Orlando, FL 32801, USA",PCP0048,Active,EHR,P00820,ING-PAT-20261005-00820,2026-10-05T10:39:00,2026-10-05T10:41:00,2022-01-03T10:41:00,2026-10-05T10:41:00,2026-10-05T07:59:00,713b45c2a73f68da6f16fb8cc7f7438c78ccb8f50905ebd6b795b2f6029d301b,CURRENT,True
100821,P00821,34a8fd63e7b759bd125240222660cbc4857cee0e64e375cd8c4bec18504e964d,MEM7000821,GRP1021,OakStreet-South,260-49-3044,Nancy,Taylor,2004-01-03,F,+16009289141,6868 Washington Blvd,,Dallas,TX,75201,USA,"6868 Washington Blvd, Dallas, TX 75201, USA",PCP0114,Active,EHR,P00821,ING-PAT-20261005-00821,2026-10-05T10:39:03,2026-10-05T10:41:03,2021-12-03T10:41:03,2026-10-05T10:41:03,2026-10-05T09:53:03,e290a3cfb37eb7cdf5eb3758f7484e4ce61cafc34a542c22c5a09619a8a0439a,CURRENT,True
100822,P00822,3f978cdab5eff12cb9f7d22a7bc86e5d41a1e81601082368e14fbd8e50bd3928,MEM7000822,GRP1022,OakStreet-East,610-16-2731,Margaret,Lewis,1973-03-12,F,+19503506964,8379 Main Blvd,,Houston,TX,77005,USA,"8379 Main Blvd, Houston, TX 77005, USA",PCP0004,Active,EHR,P00822,ING-PAT-20261005-00822,2026-10-05T10:39:06,2026-10-05T10:41:06,2023-09-09T10:41:06,2026-10-05T10:41:06,2026-10-05T09:17:06,0bd1fdc39141810196d54d56e7de6eabe7510595480356d630f43ce935d4ce64,CURRENT,True
100823,P00823,18454d0d4ff9241d08b958859066f69bcf1ce405952a438f14c77467bd001635,MEM7000823,GRP1023,OakStreet-Southwest,142-95-4219,Patricia,Miller,1944-05-17,M,+12358415675,9458 Market Blvd,,Houston,TX,77002,USA,"9458 Market Blvd, Houston, TX 77002, USA",PCP0007,Active,EHR,P00823,ING-PAT-20261005-00823,2026-10-05T10:39:09,2026-10-05T10:41:09,2022-05-09T10:41:09,2026-10-05T10:41:09,2026-10-05T07:43:09,ccb722e510797a3a4bf7a7edc901775b4203d7b365263cf0141557c4dc6e4899,CURRENT,True
100824,P00824,421b88c4ef46a082b0c9c1b9864f02c693fae07ac2c447b603cf7b41056ef115,MEM7000824,GRP1024,OakStreet-Central,216-76-8371,Susan,Lopez,1988-03-09,F,+18438754913,4039 Pine St,,Orlando,FL,32801,USA,"4039 Pine St, Orlando, FL 32801, USA",PCP0009,Active,EHR,P00824,ING-PAT-20261005-00824,2026-10-05T10:39:12,2026-10-05T10:41:12,2023-09-18T10:41:12,2026-10-05T10:41:12,2026-10-05T07:33:12,23926eefd9c8e2cb3f984de9c11f428e833bf564c0679632e34eccebfe7d127d,CURRENT,True
100825,P00825,17daeb3db03c1f864629fc09fbaf6efcdec59c8335c4f55d868263408c51f029,MEM7000825,GRP1025,OakStreet-South,632-55-1857,Steven,Walker,1966-10-07,F,+16296101824,3561 Lake Rd,Apt 203,San Antonio,TX,78205,USA,"3561 Lake Rd Apt 203, San Antonio, TX 78205, USA",PCP0112,Active,EHR,P00825,ING-PAT-20261005-00825,2026-10-05T10:39:15,2026-10-05T10:41:15,2021-11-29T10:41:15,2026-10-05T10:41:15,2026-10-05T10:34:15,16a99cea6bdcf07879ef3fac6fe2bfbd1f36c00635ec10f83a7d8d93c3225db1,CURRENT,True
100826,P00826,6b53854186334bba73e68e34dd38b737d14c7c4a00957ee4f685e1694baeae79,MEM7000826,GRP1026,OakStreet-East,457-57-8526,Joseph,Johnson,1993-08-10,M,+15814869846,8575 Park Blvd,,Dallas,TX,75201,USA,"8575 Park Blvd, Dallas, TX 75201, USA",PCP0010,Active,EHR,P00826,ING-PAT-20261005-00826,2026-10-05T10:39:18,2026-10-05T10:41:18,2022-03-24T10:41:18,2026-10-05T10:41:18,2026-10-05T09:00:18,25b9467c64fad719e7732dca522afd4d7e96a06d1a998167f9564e033d1fe8a7,CURRENT,True
100827,P00827,367e71834f0778ef58fa3f6ba1bb28e4533ff940334fba6f509353d01f6b683f,MEM7000827,GRP1027,OakStreet-Southwest,473-43-5211,James,Taylor,1946-09-07,F,+15359277531,9992 Lake St,,San Antonio,TX,78205,USA,"9992 Lake St, San Antonio, TX 78205, USA",PCP0082,Active,EHR,P00827,ING-PAT-20261005-00827,2026-10-05T10:39:21,2026-10-05T10:41:21,2023-06-29T10:41:21,2026-10-05T10:41:21,2026-10-05T09:57:21,030dd058d43e443f886c741c57d862aa8e8de2d272a808199543470245298913,CURRENT,True
100828,P00828,a832f1192bb4ce1afc877128378485d9226bbe3e44d3e83c60cf5a8c1eaa3d25,MEM7000828,GRP1028,OakStreet-Central,207-65-0610,Sarah,Rodriguez,1974-08-03,M,+18466391664,7787 Park Blvd,Apt 993,Houston,TX,77024,USA,"7787 Park Blvd Apt 993, Houston, TX 77024, USA",PCP0068,Inactive,EHR,P00828,ING-PAT-20261005-00828,2026-10-05T10:39:24,2026-10-05T10:41:24,2021-11-06T10:41:24,2026-10-05T10:41:24,2026-10-05T07:57:24,298f4e290f105b0954169ca2be78a388cc80f2ce397136da8de2a08fd734d8aa,CURRENT,True
100829,P00829,95d6d32cfee21ba3f745a3766fc24a524a939d7a32027d29a3e031cc587650de,MEM7000829,GRP1029,OakStreet-South,463-79-9514,Nancy,Ramirez,1939-07-23,F,+19474748244,1869 Pine St,,Houston,TX,77005,USA,"1869 Pine St, Houston, TX 77005, USA",PCP0107,Active,EHR,P00829,ING-PAT-20261005-00829,2026-10-05T10:39:27,2026-10-05T10:41:27,2023-08-02T10:41:27,2026-10-05T10:41:27,2026-10-05T07:28:27,c1861df6f4e6eca9aa1bd281ab0a2940f357db9cce3aa98ee327512431061875,CURRENT,True
100830,P00830,b113812634a1421a1722d3ecc189d4b5a73a43013f75a2d2d2db8815be56ff95,MEM7000830,GRP1030,OakStreet-East,302-98-6504,Linda,Lopez,1979-03-28,M,+16086049337,8867 Market Ave,,Houston,TX,77024,USA,"8867 Market Ave, Houston, TX 77024, USA",PCP0006,Active,EHR,P00830,ING-PAT-20261005-00830,2026-10-05T10:39:30,2026-10-05T10:41:30,2024-01-24T10:41:30,2026-10-05T10:41:30,2026-10-05T09:45:30,87878e66aed1ef4ea3a60d1000f125f7af1b4438fb88ef600fbef52bdcce61ee,CURRENT,True
100831,P00831,72f6aca1d97840d1a8b8470fd1e5ec6c51af0c346c49a96c876d8dcbc58e9aea,MEM7000831,GRP1031,OakStreet-Southwest,585-32-9251,James,Jackson,1961-02-27,F,+15914689715,9122 Pine St,,Houston,TX,77024,USA,"9122 Pine St, Houston, TX 77024, USA",PCP0095,Active,EHR,P00831,ING-PAT-20261005-00831,2026-10-05T10:39:33,2026-10-05T10:41:33,2023-08-01T10:41:33,2026-10-05T10:41:33,2026-10-05T09:24:33,a02d1b09a96b43790a52f7631e3cc76a214d2a4b404b6536e63798f9c93d25a9,CURRENT,True
100832,P00832,a67be5be7eb4a1ee36baa686b0b6ac31d2c54298824787004469e7ac2ca95ac5,MEM7000832,GRP1032,OakStreet-Central,297-84-9307,Charles,Rodriguez,1941-03-09,F,+19185134597,4263 Park St,,San Antonio,TX,78205,USA,"4263 Park St, San Antonio, TX 78205, USA",PCP0112,Active,EHR,P00832,ING-PAT-20261005-00832,2026-10-05T10:39:36,2026-10-05T10:41:36,2022-12-29T10:41:36,2026-10-05T10:41:36,2026-10-05T07:11:36,96fcb4db460a5e4e6ad1cbb838b84bf19947e55867221e79301ca3622a6cd438,CURRENT,True
100833,P00833,ee7c45d7ea551bf8a91d2d8e34250c4a5e7f0df886b0844acb384fdcdfe083b3,MEM7000833,GRP1033,OakStreet-South,186-87-6587,Joseph,White,1976-06-04,M,+18013735414,7060 Market St,,Phoenix,AZ,85004,USA,"7060 Market St, Phoenix, AZ 85004, USA",PCP0009,Active,EHR,P00833,ING-PAT-20261005-00833,2026-10-05T10:39:39,2026-10-05T10:41:39,2025-10-11T10:41:39,2026-10-05T10:41:39,2026-10-05T07:06:39,9d9702e1bc308d41f39cd614e10a52cd970dba636a2094394cd0bac66d83a044,CURRENT,True
100834,P00834,7c49941ace77746fa59acc44266f9392d7a4bdfdc09d83716925a59502dfb42e,MEM7000834,GRP1034,OakStreet-East,781-84-7198,Nancy,Thompson,1936-09-07,F,+19815068299,1051 Washington Ave,,Orlando,FL,32801,USA,"1051 Washington Ave, Orlando, FL 32801, USA",PCP0099,Active,EHR,P00834,ING-PAT-20261005-00834,2026-10-05T10:39:42,2026-10-05T10:41:42,2024-03-04T10:41:42,2026-10-05T10:41:42,2026-10-05T09:29:42,b142eb62b6f48623e6104fcabf32abae7197b135dddacb4788388868ea4be9ed,CURRENT,True
100835,P00835,1dfaecf669121c8b2c771b42e865c8adf51d22759f9c640974659b712b2ec997,MEM7000835,GRP1035,OakStreet-Southwest,644-42-3975,Linda,Clark,1972-10-10,F,+12328218642,8599 Oak Rd,Apt 512,Austin,TX,78701,USA,"8599 Oak Rd Apt 512, Austin, TX 78701, USA",PCP0006,Active,EHR,P00835,ING-PAT-20261005-00835,2026-10-05T10:39:45,2026-10-05T10:41:45,2023-12-08T10:41:45,2026-10-05T10:41:45,2026-10-05T09:58:45,afb1748e88cda03eecaaccaf084adc239f0352d807a58cc7ebc4ffce45bf4079,CURRENT,True
100836,P00836,7a68bb4e5415f200833c23c56679fe0fcc25c94f30c706c77d3374ab075e1965,MEM7000836,GRP1036,OakStreet-Central,364-88-0817,Karen,Johnson,1984-11-23,M,+19082314720,9892 Market St,,Chicago,IL,60601,USA,"9892 Market St, Chicago, IL 60601, USA",PCP0091,Active,EHR,P00836,ING-PAT-20261005-00836,2026-10-05T10:39:48,2026-10-05T10:41:48,2023-07-30T10:41:48,2026-10-05T10:41:48,2026-10-05T09:49:48,2071c42f96938334c9e67d54d12a7ee2d7680d293863cfb1c720a61eefbc1e97,CURRENT,True
100837,P00837,5afb36a5955136f84489ad55c435dfb95f61135bbbf1be83387eb17cab7ac3e7,MEM7000837,GRP1037,OakStreet-South,876-60-4109,Jennifer,Johnson,1951-09-03,F,+13958787630,3211 Washington Ave,Apt 23,Dallas,TX,75201,USA,"3211 Washington Ave Apt 23, Dallas, TX 75201, USA",PCP0036,Active,EHR,P00837,ING-PAT-20261005-00837,2026-10-05T10:39:51,2026-10-05T10:41:51,2022-07-26T10:41:51,2026-10-05T10:41:51,2026-10-05T08:03:51,5187f12c93314032ede1d1f2cfafbabcc9c8f37d45e121ab54306033e342a8fb,CURRENT,True
100838,P00838,4e546d4dc9bc65235f6df226511dc703849c538867a2595e35eac39930cf624f,MEM7000838,GRP1038,OakStreet-East,457-84-9280,Robert,Anderson,1988-03-04,M,+19824583631,1950 Market Rd,,Chicago,IL,60601,USA,"1950 Market Rd, Chicago, IL 60601, USA",PCP0120,Active,EHR,P00838,ING-PAT-20261005-00838,2026-10-05T10:39:54,2026-10-05T10:41:54,2024-12-05T10:41:54,2026-10-05T10:41:54,2026-10-05T09:16:54,0fdf3b96afddc0d08b14c008708775bae2c35647582ea1ead63b6563523eb9db,CURRENT,True
100839,P00839,234a4a1294551a92ee0147a1d702064642fca6b5475826207f74de938234d0b8,MEM7000839,GRP1039,OakStreet-Southwest,239-68-8871,Daniel,Walker,1952-05-25,M,+15914808947,1263 Main St,Apt 934,Houston,TX,77024,USA,"1263 Main St Apt 934, Houston, TX 77024, USA",PCP0053,Active,EHR,P00839,ING-PAT-20261005-00839,2026-10-05T10:39:57,2026-10-05T10:41:57,2025-09-24T10:41:57,2026-10-05T10:41:57,2026-10-05T08:23:57,0af0fa63995e54a0d7fb2e99e37a868a92fe6fa16c93f36e0c6c8d747c309801,CURRENT,True
100840,P00840,ac259476bb97f053d7a18b03d4ffa2caa729589d6d9dfa89245fa5e2797dc80e,MEM7000840,GRP1000,OakStreet-Central,369-94-1037,David,Lopez,1975-07-17,M,+16447707356,9267 Oak Blvd,,Phoenix,AZ,85004,USA,"9267 Oak Blvd, Phoenix, AZ 85004, USA",PCP0038,Active,EHR,P00840,ING-PAT-20261005-00840,2026-10-05T10:40:00,2026-10-05T10:42:00,2024-03-15T10:42:00,2026-10-05T10:42:00,2026-10-05T06:56:00,9d6f929089480bd6d9149ba96ba6621f618c52e9c8e2e67fd4708636d7b5e869,CURRENT,True
100841,P00841,d7dd7430073d656913c4415eff6ca51fbacbcb4dfc79a692985eb6d7e7a3bd5d,MEM7000841,GRP1001,OakStreet-South,864-57-1273,Anthony,Clark,1974-07-21,M,+16517622173,8140 Pine Ave,,Dallas,TX,75201,USA,"8140 Pine Ave, Dallas, TX 75201, USA",PCP0011,Active,EHR,P00841,ING-PAT-20261005-00841,2026-10-05T10:40:03,2026-10-05T10:42:03,2025-01-23T10:42:03,2026-10-05T10:42:03,2026-10-05T07:46:03,531886c38a38d4c094423922c7ba238022e8f866d9dd76450aea61750875cc4d,CURRENT,True
100842,P00842,833414cc92891b8edb5e92a77c0fd1a5a823ba6987db66a0f30b0655e54a487f,MEM7000842,GRP1002,OakStreet-East,670-98-2937,Elizabeth,Harris,1952-07-28,M,+18209724419,7482 Oak Blvd,,Phoenix,AZ,85004,USA,"7482 Oak Blvd, Phoenix, AZ 85004, USA",PCP0008,Active,EHR,P00842,ING-PAT-20261005-00842,2026-10-05T10:40:06,2026-10-05T10:42:06,2021-12-13T10:42:06,2026-10-05T10:42:06,2026-10-05T09:38:06,3110277afcc210b39dde7d682909241618dd9e8928ea6fb2217873c66d2e1a00,CURRENT,True
100843,P00843,87618fe7a3b7df4a6437f8deccc164e19ec8d629d88648cc8319d630709e4aaa,MEM7000843,GRP1003,OakStreet-Southwest,382-55-0250,Joseph,Brown,1986-08-01,M,+15697845452,7358 Lake St,,Phoenix,AZ,85004,USA,"7358 Lake St, Phoenix, AZ 85004, USA",PCP0088,Active,EHR,P00843,ING-PAT-20261005-00843,2026-10-05T10:40:09,2026-10-05T10:42:09,2024-07-02T10:42:09,2026-10-05T10:42:09,2026-10-05T09:57:09,27b3baef56cd45edc6e2fe4d653cd197ab9053aa09310569930a959ec877fca5,CURRENT,True
100844,P00844,318009cb49eefc585040958668b15bd7dc0f4d1cb6db24338a6aa7edaeef7df4,MEM7000844,GRP1004,OakStreet-Central,121-94-9157,Richard,Wilson,1966-06-14,M,+19372832131,4254 Main St,,Dallas,TX,75201,USA,"4254 Main St, Dallas, TX 75201, USA",PCP0037,Active,EHR,P00844,ING-PAT-20261005-00844,2026-10-05T10:40:12,2026-10-05T10:42:12,2025-02-27T10:42:12,2026-10-05T10:42:12,2026-10-05T09:14:12,49954a184d59c560c72b84907b4027f4a4c4a1bfa31a70c7990e5a83d3b51e15,CURRENT,True
100845,P00845,7e0a1ac5cf3cd52141d5e1b834ef313f73134067202c9103581ee9f56e7b92b6,MEM7000845,GRP1005,OakStreet-South,803-68-5782,Jessica,Perez,1990-02-04,M,+14163919924,8875 Pine Ave,,Dallas,TX,75201,USA,"8875 Pine Ave, Dallas, TX 75201, USA",PCP0114,Active,EHR,P00845,ING-PAT-20261005-00845,2026-10-05T10:40:15,2026-10-05T10:42:15,2025-11-02T10:42:15,2026-10-05T10:42:15,2026-10-05T08:25:15,c1e96dee2ce0dafe2ceb83620003d9f89d7a0159c52d7fec106594a6ca1507a6,CURRENT,True
100846,P00846,449a53d969b6bf171b40d3bf4cd77acaf7f3a3ecb3066240d1b9c4932f959fc6,MEM7000846,GRP1006,OakStreet-East,701-30-9226,Ashley,Garcia,1975-07-14,F,+15382884959,2592 Market Blvd,Apt 867,Chicago,IL,60601,USA,"2592 Market Blvd Apt 867, Chicago, IL 60601, USA",PCP0056,Active,EHR,P00846,ING-PAT-20261005-00846,2026-10-05T10:40:18,2026-10-05T10:42:18,2023-05-07T10:42:18,2026-10-05T10:42:18,2026-10-05T06:44:18,e19068b32efa766125dc8606b2fce2b116e509c2fcc5daa925d9daf4040225d7,CURRENT,True
100847,P00847,59beece56f8529d23dee8ec0743b48866ee999eac8b06bc96901ba1c2044de17,MEM7000847,GRP1007,OakStreet-Southwest,879-72-9976,Anthony,Johnson,1935-02-06,M,+15216154641,1926 Market Ave,,Dallas,TX,75201,USA,"1926 Market Ave, Dallas, TX 75201, USA",PCP0103,Active,EHR,P00847,ING-PAT-20261005-00847,2026-10-05T10:40:21,2026-10-05T10:42:21,2021-12-09T10:42:21,2026-10-05T10:42:21,2026-10-05T10:02:21,ae8c48ba3f5d5dc7bd4ca1d187cf24fb9afcb6fab01b9b783686cda4fd9f76e3,CURRENT,True
100848,P00848,0f111e1534688e16bfd0da1ce81959fdab31e2b01ff9f4ecaa169a73935812bf,MEM7000848,GRP1008,OakStreet-Central,808-86-6815,Charles,Rodriguez,1950-02-02,M,+18876566290,7184 Lake Ave,,Atlanta,GA,30303,USA,"7184 Lake Ave, Atlanta, GA 30303, USA",PCP0038,Active,EHR,P00848,ING-PAT-20261005-00848,2026-10-05T10:40:24,2026-10-05T10:42:24,2023-04-09T10:42:24,2026-10-05T10:42:24,2026-10-05T08:20:24,157878531a6958d69884ea7979908ae43f183b7fe9617c36a97eeffb80e4eb81,CURRENT,True
100849,P00849,91b3ea0e2af5e614243bfe2b9647cb48456635a5f5b233f63b73afbe48d2217a,MEM7000849,GRP1009,OakStreet-South,160-57-5776,Daniel,Davis,1981-05-10,M,+16563609740,7239 Market Blvd,,Atlanta,GA,30303,USA,"7239 Market Blvd, Atlanta, GA 30303, USA",PCP0068,Active,EHR,P00849,ING-PAT-20261005-00849,2026-10-05T10:40:27,2026-10-05T10:42:27,2022-09-21T10:42:27,2026-10-05T10:42:27,2026-10-05T06:43:27,c1d8e8da300895401be04bc71f96aa8ddcc8e1737e6c64f94df2194012b35d40,CURRENT,True
100850,P00850,b0d555886aa61084b59b6847aacce22dc0d66b371be01e96f694327044d909e3,MEM7000850,GRP1010,OakStreet-East,381-50-2328,Anthony,Rodriguez,2004-03-20,F,+19186411819,8307 Pine Ave,,Houston,TX,77005,USA,"8307 Pine Ave, Houston, TX 77005, USA",PCP0047,Active,EHR,P00850,ING-PAT-20261005-00850,2026-10-05T10:40:30,2026-10-05T10:42:30,2022-04-16T10:42:30,2026-10-05T10:42:30,2026-10-05T07:17:30,c7dfbb4e2a86df5091c13bc9bdebea05204e9965c0853b227e7095b7bab6b689,CURRENT,True
100851,P00851,3a70673d7f7023468157260fae01e11f798e4c1d1f06d5bf20a561427b8f7328,MEM7000851,GRP1011,OakStreet-Southwest,401-41-3546,Anthony,Brown,1984-03-06,F,+16198237292,7475 Oak Blvd,Apt 18,Houston,TX,77002,USA,"7475 Oak Blvd Apt 18, Houston, TX 77002, USA",PCP0102,Active,EHR,P00851,ING-PAT-20261005-00851,2026-10-05T10:40:33,2026-10-05T10:42:33,2025-06-24T10:42:33,2026-10-05T10:42:33,2026-10-05T09:24:33,186179810c7cc692fcc4aa69f22030d48b3fdbcccd55696007675125fae42953,CURRENT,True
100852,P00852,01d8c2b979ee18c2ff4dc61bc292aafe542c1ac11c7d6460db18ac86c2530159,MEM7000852,GRP1012,OakStreet-Central,267-57-1706,Steven,Robinson,1998-04-23,F,+17056325214,9206 Main Rd,,Atlanta,GA,30303,USA,"9206 Main Rd, Atlanta, GA 30303, USA",PCP0093,Active,EHR,P00852,ING-PAT-20261005-00852,2026-10-05T10:40:36,2026-10-05T10:42:36,2023-06-21T10:42:36,2026-10-05T10:42:36,2026-10-05T07:06:36,d93de44840f714b61ced6dbf651bc83ba025d78053f846810c49f114cf252a0b,CURRENT,True
100853,P00853,778393eb1edcfcc02cdfb977729cad905b14fd886e793a83766fc715504b45c8,MEM7000853,GRP1013,OakStreet-South,341-80-8302,Joseph,Clark,1976-08-15,M,+19817856267,3309 Pine St,,Phoenix,AZ,85004,USA,"3309 Pine St, Phoenix, AZ 85004, USA",PCP0006,Active,EHR,P00853,ING-PAT-20261005-00853,2026-10-05T10:40:39,2026-10-05T10:42:39,2023-08-12T10:42:39,2026-10-05T10:42:39,2026-10-05T08:23:39,b98f872ac71460576a0ad0d784af385047df169912f6dda7ddc765b647ba59ad,CURRENT,True
100854,P00854,f315f4d1f095ff1455be605889aeab44b2c8e8156ec4907c2f593a32085a046a,MEM7000854,GRP1014,OakStreet-East,545-99-4412,David,Williams,1977-09-11,M,+18564413331,4514 Main Rd,,Houston,TX,77024,USA,"4514 Main Rd, Houston, TX 77024, USA",PCP0074,Active,EHR,P00854,ING-PAT-20261005-00854,2026-10-05T10:40:42,2026-10-05T10:42:42,2025-08-25T10:42:42,2026-10-05T10:42:42,2026-10-05T06:45:42,69495791d2028d19e46431d036e8aebed6970fa9f011b7813b1eaf50dd482f15,CURRENT,True
100855,P00855,75cb678bb7aebb479a31b4b0f1cb1eecd11b0f45e6f4460b46c5aae5f1dca31f,MEM7000855,GRP1015,OakStreet-Southwest,379-89-2197,William,Gonzalez,1986-11-15,M,+12957386952,9205 Lake Blvd,,Chicago,IL,60601,USA,"9205 Lake Blvd, Chicago, IL 60601, USA",PCP0031,Active,EHR,P00855,ING-PAT-20261005-00855,2026-10-05T10:40:45,2026-10-05T10:42:45,2024-02-06T10:42:45,2026-10-05T10:42:45,2026-10-05T10:06:45,e4ea0b5eda1f6e39aa3ed6c4c65bbec28bc34a419280d265162183a3204b8c08,CURRENT,True
100856,P00856,87d8aa7cf58ea6397d55b267fe33a3a08b98394df2a73902bf397a5f697f53fc,MEM7000856,GRP1016,OakStreet-Central,558-73-7632,Jessica,Hernandez,1942-09-19,F,+19046352785,4147 Lake Blvd,,Phoenix,AZ,85004,USA,"4147 Lake Blvd, Phoenix, AZ 85004, USA",PCP0026,Active,EHR,P00856,ING-PAT-20261005-00856,2026-10-05T10:40:48,2026-10-05T10:42:48,2021-11-22T10:42:48,2026-10-05T10:42:48,2026-10-05T06:42:48,5234cd3a9f377ff4987b46132de3a644a486aa998b12565f223d1b300735ae64,CURRENT,True
100857,P00857,c84517d55afaf52f8019813f13d16ea2c16ac8e0c79fbc97c2fe99721189ea12,MEM7000857,GRP1017,OakStreet-South,589-67-2951,Lisa,Brown,1985-08-23,M,+13788201077,5651 Pine Blvd,Apt 733,Houston,TX,77024,USA,"5651 Pine Blvd Apt 733, Houston, TX 77024, USA",PCP0061,Active,EHR,P00857,ING-PAT-20261005-00857,2026-10-05T10:40:51,2026-10-05T10:42:51,2023-08-15T10:42:51,2026-10-05T10:42:51,2026-10-05T07:29:51,50175c6b666b6bdc929e57817319deec367e29319016ba445b3c1193ffeb2cb1,CURRENT,True
100858,P00858,b7dee4f2ca7a8cdb6343ef1a2b8e93dfd8a3f564ecc5ff9d5100c85758958a39,MEM7000858,GRP1018,OakStreet-East,461-69-8463,Linda,Davis,1955-07-02,M,+17469886782,8245 Lake Blvd,,San Antonio,TX,78205,USA,"8245 Lake Blvd, San Antonio, TX 78205, USA",PCP0068,Active,EHR,P00858,ING-PAT-20261005-00858,2026-10-05T10:40:54,2026-10-05T10:42:54,2024-02-06T10:42:54,2026-10-05T10:42:54,2026-10-05T07:29:54,ffd720a87debe349aa4bb56e0fbd91247cf2e5e77c55ecc4522361360c78eeb5,CURRENT,True
100859,P00859,00b8abf88c2e19596bcd8fef116387762d5104da3b7ba8cc756034432accfa79,MEM7000859,GRP1019,OakStreet-Southwest,540-76-7696,Mark,Clark,1982-07-03,M,+12356797756,7068 Main St,Apt 423,Dallas,TX,75201,USA,"7068 Main St Apt 423, Dallas, TX 75201, USA",PCP0001,Active,EHR,P00859,ING-PAT-20261005-00859,2026-10-05T10:40:57,2026-10-05T10:42:57,2024-10-14T10:42:57,2026-10-05T10:42:57,2026-10-05T08:41:57,c8fa3be1d53f83360ae9111c623a8a3df3fef653692a3207bf95753b01cdc19d,CURRENT,True
100860,P00860,27a5c3878c9a0a6bfb7ba18924698eb1d9025a4b8f9915eab4666227500c9cab,MEM7000860,GRP1020,OakStreet-Central,561-10-1301,Linda,Garcia,1970-06-15,F,+12815818447,7175 Washington Ave,,San Antonio,TX,78205,USA,"7175 Washington Ave, San Antonio, TX 78205, USA",PCP0115,Active,EHR,P00860,ING-PAT-20261005-00860,2026-10-05T10:41:00,2026-10-05T10:43:00,2024-08-24T10:43:00,2026-10-05T10:43:00,2026-10-05T08:55:00,30abb5950019d1383d804079077969df1e48101dd98b802f72dc42dd6bbf5b57,CURRENT,True
100861,P00861,74e12e90fda5fbf5812caeea03ebc1aad9d64db642a713ecc860e1cc6eacc239,MEM7000861,GRP1021,OakStreet-South,371-97-8245,John,Moore,1956-05-18,F,+13253957362,6714 Oak St,,Houston,TX,77002,USA,"6714 Oak St, Houston, TX 77002, USA",PCP0067,Active,EHR,P00861,ING-PAT-20261005-00861,2026-10-05T10:41:03,2026-10-05T10:43:03,2022-04-01T10:43:03,2026-10-05T10:43:03,2026-10-05T08:11:03,021d74132a1347057709f2ce10d99a5d81eee961c1a7dc35fa21e124c559f4fb,CURRENT,True
100862,P00862,44caa1cd43be0540434e49f4c010a58f0a66690b229e7cbed0b5a8948f8fd97f,MEM7000862,GRP1022,OakStreet-East,656-66-5162,Susan,Hernandez,1954-12-27,M,+13068881799,6099 Main Ave,Apt 499,Houston,TX,77024,USA,"6099 Main Ave Apt 499, Houston, TX 77024, USA",PCP0072,Active,EHR,P00862,ING-PAT-20261005-00862,2026-10-05T10:41:06,2026-10-05T10:43:06,2025-11-04T10:43:06,2026-10-05T10:43:06,2026-10-05T09:11:06,08ddb9f88fdd65bf27455d5e430c6c234b01e002b6651ea7469e5be8bad57c54,CURRENT,True
100863,P00863,231ba7c6a1fdb7887ba91b6c4169913abe785e075647aba95f76392e5ab8e3f9,MEM7000863,GRP1023,OakStreet-Southwest,830-65-8189,Ashley,Davis,2004-05-25,M,+12922363284,9657 Washington Blvd,,Austin,TX,78701,USA,"9657 Washington Blvd, Austin, TX 78701, USA",PCP0109,Active,EHR,P00863,ING-PAT-20261005-00863,2026-10-05T10:41:09,2026-10-05T10:43:09,2022-08-22T10:43:09,2026-10-05T10:43:09,2026-10-05T07:32:09,29e7706534396f89a5213753db858072493cff3998b2e82bffbadcea9d62fd33,CURRENT,True
100864,P00864,cf75eeb294ffdf5fd73501960b1cbe49bb8f38547f0450a6a14f4156cf1a0345,MEM7000864,GRP1024,OakStreet-Central,773-83-0997,Matthew,Gonzalez,1954-09-01,M,+15499536211,3100 Washington St,,Chicago,IL,60601,USA,"3100 Washington St, Chicago, IL 60601, USA",PCP0032,Active,EHR,P00864,ING-PAT-20261005-00864,2026-10-05T10:41:12,2026-10-05T10:43:12,2024-09-21T10:43:12,2026-10-05T10:43:12,2026-10-05T07:07:12,a0ad4583e8e3fc39e2e069ab408a2aec222f5237583cc25bda5081e166f1131e,CURRENT,True
100865,P00865,a474624ddb9c7eab4f8bb73b87b36dd4ce51bf86b8e8cc95730700ae4ca600e5,MEM7000865,GRP1025,OakStreet-South,253-17-5464,Susan,Johnson,1946-07-19,F,+16802703234,8717 Park Rd,Apt 290,San Antonio,TX,78205,USA,"8717 Park Rd Apt 290, San Antonio, TX 78205, USA",PCP0087,Active,EHR,P00865,ING-PAT-20261005-00865,2026-10-05T10:41:15,2026-10-05T10:43:15,2022-07-09T10:43:15,2026-10-05T10:43:15,2026-10-05T07:59:15,f63e66b14eec0918c52d17174a30e28b995c164e6a6b5e7313483b1a7e9eee3e,CURRENT,True
100866,P00866,c77ce689323943049a31128a330cd38bab11ad940b2bbdf1404290836902536c,MEM7000866,GRP1026,OakStreet-East,218-25-3472,Steven,Jones,1957-05-07,F,+14056334483,4829 Pine St,,Orlando,FL,32801,USA,"4829 Pine St, Orlando, FL 32801, USA",PCP0076,Active,EHR,P00866,ING-PAT-20261005-00866,2026-10-05T10:41:18,2026-10-05T10:43:18,2022-09-23T10:43:18,2026-10-05T10:43:18,2026-10-05T08:58:18,887e2b011e5f56f1daae3ed432ef1b3e778a18764780ffc1987872e1ccf285b4,CURRENT,True
100867,P00867,ae0d62693d3ebf4b151e446b9b93a01303981b5ffe4fe5e4373b934db9eca3fb,MEM7000867,GRP1027,OakStreet-Southwest,338-12-7026,Ashley,Smith,1951-10-19,F,+18773386575,9776 Pine Ave,Apt 449,Phoenix,AZ,85004,USA,"9776 Pine Ave Apt 449, Phoenix, AZ 85004, USA",PCP0077,Active,EHR,P00867,ING-PAT-20261005-00867,2026-10-05T10:41:21,2026-10-05T10:43:21,2023-09-09T10:43:21,2026-10-05T10:43:21,2026-10-05T08:54:21,26d0aeee2d43bc8a69dc711e75f33fe3b4d739e391acece0c5597b57f7f5d1c5,CURRENT,True
100868,P00868,cb21be742e9596b3d30c9441c8871be0d5caf2265ba5efe627080e050d677cd1,MEM7000868,GRP1028,OakStreet-Central,560-49-1958,Betty,Ramirez,1935-05-21,M,+12285461359,8855 Lake Blvd,,Orlando,FL,32801,USA,"8855 Lake Blvd, Orlando, FL 32801, USA",PCP0034,Active,EHR,P00868,ING-PAT-20261005-00868,2026-10-05T10:41:24,2026-10-05T10:43:24,2023-05-07T10:43:24,2026-10-05T10:43:24,2026-10-05T07:03:24,0585fbc9d577dfbc391a65ecc188af075d010c22e46f4a1b4d73f32993e1e266,CURRENT,True
100869,P00869,482c9682f9bc4b2882b11119d38a6a9add5c0c96e39c54f7a725a43a713104c7,MEM7000869,GRP1029,OakStreet-South,362-83-7802,Robert,Moore,1981-02-26,F,+13822722504,489 Washington Rd,,Atlanta,GA,30303,USA,"489 Washington Rd, Atlanta, GA 30303, USA",PCP0027,Active,EHR,P00869,ING-PAT-20261005-00869,2026-10-05T10:41:27,2026-10-05T10:43:27,2022-02-28T10:43:27,2026-10-05T10:43:27,2026-10-05T09:29:27,95725294a398c9235ed85111b7e532ac1ab14092f70406e0b0905986142274e6,CURRENT,True
100870,P00870,09d5cb290605570e70eba3c6a6c8457254d1a84521d144a05cbbc70d182e190b,MEM7000870,GRP1030,OakStreet-East,212-75-3553,Nancy,Moore,1943-12-03,F,+13305048584,3016 Pine St,,Austin,TX,78701,USA,"3016 Pine St, Austin, TX 78701, USA",PCP0031,Active,EHR,P00870,ING-PAT-20261005-00870,2026-10-05T10:41:30,2026-10-05T10:43:30,2025-01-05T10:43:30,2026-10-05T10:43:30,2026-10-05T09:23:30,3a1a9e460ed384da169cd4e07ea0722cf77d566d6f8f856ff80e1d46945aab1d,CURRENT,True
100871,P00871,976714649596aba566a394d58010959d16647837419b02a950128caec8531f7b,MEM7000871,GRP1031,OakStreet-Southwest,189-18-7207,Matthew,Moore,1960-12-14,M,+14022341925,8676 Washington Ave,,Phoenix,AZ,85004,USA,"8676 Washington Ave, Phoenix, AZ 85004, USA",PCP0072,Active,EHR,P00871,ING-PAT-20261005-00871,2026-10-05T10:41:33,2026-10-05T10:43:33,2022-06-22T10:43:33,2026-10-05T10:43:33,2026-10-05T08:25:33,04b035339ad4c0acb96cc84b3b30ddef9b18f11b4545abcc95f2dc0537bc69ff,CURRENT,True
100872,P00872,6a4bc0ea37571f3579cb29315bcd680f3902df5f2c4757858a7cc236888ac30a,MEM7000872,GRP1032,OakStreet-Central,890-55-3679,William,Wilson,1949-01-21,F,+15389678175,592 Lake Blvd,Apt 713,San Antonio,TX,78205,USA,"592 Lake Blvd Apt 713, San Antonio, TX 78205, USA",PCP0082,Active,EHR,P00872,ING-PAT-20261005-00872,2026-10-05T10:41:36,2026-10-05T10:43:36,2024-01-14T10:43:36,2026-10-05T10:43:36,2026-10-05T08:43:36,b812cbdffcfd4cd91d599b598ff6e87614b536b75ba622e3d6dcb741cf9ff7c4,CURRENT,True
100873,P00873,c70b276a10dd20927b1a7912fe58613048b707165006456b46b74633f92b4019,MEM7000873,GRP1033,OakStreet-South,427-18-5842,Jennifer,Davis,1984-04-06,F,+12857747430,1031 Market Ave,,Austin,TX,78701,USA,"1031 Market Ave, Austin, TX 78701, USA",PCP0104,Active,EHR,P00873,ING-PAT-20261005-00873,2026-10-05T10:41:39,2026-10-05T10:43:39,2021-11-16T10:43:39,2026-10-05T10:43:39,2026-10-05T08:09:39,d12d38b1f488a61104feb0a889e62c8d03f7dbc47d981df3fac8c65ba9a43c07,CURRENT,True
100874,P00874,55bf6d666dd0df0956fb6a50d14c15b41bf8708a35ee1ae5a9bb23a01077cf43,MEM7000874,GRP1034,OakStreet-East,685-86-9727,Thomas,Thompson,1961-03-05,F,+12075505480,6403 Oak St,,Houston,TX,77024,USA,"6403 Oak St, Houston, TX 77024, USA",PCP0050,Inactive,EHR,P00874,ING-PAT-20261005-00874,2026-10-05T10:41:42,2026-10-05T10:43:42,2024-10-11T10:43:42,2026-10-05T10:43:42,2026-10-05T07:21:42,900b364959754d7253f2a8b627032e295b67d30b1d9bbeacd644c0ed3bc08f87,CURRENT,True
100875,P00875,cba03935a30d44a8fb8bf3b8b958a6d7d66cf4a3d4205b13c6a9672926c338ad,MEM7000875,GRP1035,OakStreet-Southwest,536-60-6225,Betty,Wilson,1986-01-05,F,+17102616383,8779 Lake St,,Chicago,IL,60601,USA,"8779 Lake St, Chicago, IL 60601, USA",PCP0088,Active,EHR,P00875,ING-PAT-20261005-00875,2026-10-05T10:41:45,2026-10-05T10:43:45,2024-01-16T10:43:45,2026-10-05T10:43:45,2026-10-05T07:14:45,b2959f477ec3ff9ee0cb8a85fc51762ec8f992346fc9db0484696e4171ce031c,CURRENT,True
100876,P00876,94e3089e1aac8fa205b8c261972aa72cfce01db645130e9e389db6c416584faf,MEM7000876,GRP1036,OakStreet-Central,689-21-6152,Mark,Lewis,2001-12-16,M,+15355919272,7205 Park Ave,,San Antonio,TX,78205,USA,"7205 Park Ave, San Antonio, TX 78205, USA",PCP0015,Active,EHR,P00876,ING-PAT-20261005-00876,2026-10-05T10:41:48,2026-10-05T10:43:48,2022-11-24T10:43:48,2026-10-05T10:43:48,2026-10-05T08:16:48,28c5f6e5938ac857a4cfdf525a8ea598568e10e0d3ddae92df01670a9dfa8c37,CURRENT,True
100877,P00877,44c10313c35601630e1750452d2d5c711262f05520528987c6664e4b69c792f9,MEM7000877,GRP1037,OakStreet-South,627-10-9489,Jessica,White,1950-05-21,F,+12133117508,3478 Washington Ave,,Atlanta,GA,30303,USA,"3478 Washington Ave, Atlanta, GA 30303, USA",PCP0037,Active,EHR,P00877,ING-PAT-20261005-00877,2026-10-05T10:41:51,2026-10-05T10:43:51,2023-04-01T10:43:51,2026-10-05T10:43:51,2026-10-05T08:46:51,d7a917a9910c1a01d281cbfd54040f7e0828d48047b33fe77c791ee6a8b1f860,CURRENT,True
100878,P00878,503b2ea9025454a4326413959be7567592b8e8c1684aba1b8a6a1128a660c806,MEM7000878,GRP1038,OakStreet-East,769-46-4920,Sarah,Lee,1964-06-25,M,+12353988281,9912 Pine Ave,,Phoenix,AZ,85004,USA,"9912 Pine Ave, Phoenix, AZ 85004, USA",PCP0041,Active,EHR,P00878,ING-PAT-20261005-00878,2026-10-05T10:41:54,2026-10-05T10:43:54,2024-09-05T10:43:54,2026-10-05T10:43:54,2026-10-05T07:20:54,4a458d48a48b4a746237f30734244723720ec826487021af85bc04c554ca4af8,CURRENT,True
100879,P00879,df23aaf177243b97aef6a87a966307603ee5595c0d2a70b50f9ad75efb2d7d85,MEM7000879,GRP1039,OakStreet-Southwest,658-60-8991,Elizabeth,Martin,1940-01-05,F,+16008459106,8956 Pine Ave,,Atlanta,GA,30303,USA,"8956 Pine Ave, Atlanta, GA 30303, USA",PCP0018,Active,EHR,P00879,ING-PAT-20261005-00879,2026-10-05T10:41:57,2026-10-05T10:43:57,2023-04-22T10:43:57,2026-10-05T10:43:57,2026-10-05T09:43:57,6e5e616035534de4c37d473499b625cd5633d947bfc36292991fd42a073cea38,CURRENT,True
100880,P00880,60f44577040dbd6c3ba62f4abc95d6752708037bc9647cf2010df90908c76348,MEM7000880,GRP1000,OakStreet-Central,781-73-1795,Robert,Smith,1976-05-28,F,+12703576727,5944 Lake Ave,,Dallas,TX,75201,USA,"5944 Lake Ave, Dallas, TX 75201, USA",PCP0035,Active,EHR,P00880,ING-PAT-20261005-00880,2026-10-05T10:42:00,2026-10-05T10:44:00,2025-07-07T10:44:00,2026-10-05T10:44:00,2026-10-05T09:44:00,13fe607446894d75ef2ed9ab8611897e2bb546de87dff4ba2fc360a40e2222c0,CURRENT,True
100881,P00881,5512c42a4121a34062d4603bc3b3d8c81db57cec7515ed3a2b1d3623bbb3be0c,MEM7000881,GRP1001,OakStreet-South,287-22-0912,Thomas,Walker,1977-12-28,F,+12302901413,3261 Oak Ave,,Phoenix,AZ,85004,USA,"3261 Oak Ave, Phoenix, AZ 85004, USA",PCP0115,Active,EHR,P00881,ING-PAT-20261005-00881,2026-10-05T10:42:03,2026-10-05T10:44:03,2025-06-28T10:44:03,2026-10-05T10:44:03,2026-10-05T09:52:03,a1034df5e4620ee4090ce0ad63604a7137716c21152c7c0cc6e2ed13c3103f90,CURRENT,True
100882,P00882,d5076a4b7795ec103f26cc65bce7d8fe46f7d37ec9cde38c8dcd3eb077dab990,MEM7000882,GRP1002,OakStreet-East,112-90-2636,Daniel,Lee,1975-04-06,F,+16804832061,3353 Market Ave,,Houston,TX,77024,USA,"3353 Market Ave, Houston, TX 77024, USA",PCP0044,Active,EHR,P00882,ING-PAT-20261005-00882,2026-10-05T10:42:06,2026-10-05T10:44:06,2025-05-22T10:44:06,2026-10-05T10:44:06,2026-10-05T10:34:06,b46f4c151d3d951e368e722436560ff42ae1889673a441e5736f005182f527ca,CURRENT,True
100883,P00883,f2ca5265a0412981444d910a096b667b8c8246d6ef398af3bd2a4e7a7a638296,MEM7000883,GRP1003,OakStreet-Southwest,836-60-6025,Betty,Garcia,1998-09-17,M,+17917548447,4759 Park St,,Houston,TX,77005,USA,"4759 Park St, Houston, TX 77005, USA",PCP0085,Active,EHR,P00883,ING-PAT-20261005-00883,2026-10-05T10:42:09,2026-10-05T10:44:09,2025-07-10T10:44:09,2026-10-05T10:44:09,2026-10-05T10:05:09,a7ed1e7639d914c6309c07e2d69a5cb0d03716e69ba99f47b4884acb7f1e5d41,CURRENT,True
100884,P00884,c6631cdf5ea868f627153d8838cab0c0aedcfe348c2d931a6a2e8e6ab323fd9c,MEM7000884,GRP1004,OakStreet-Central,700-84-2494,Robert,Jones,1983-01-19,F,+12355804942,6521 Lake Blvd,,Chicago,IL,60601,USA,"6521 Lake Blvd, Chicago, IL 60601, USA",PCP0086,Active,EHR,P00884,ING-PAT-20261005-00884,2026-10-05T10:42:12,2026-10-05T10:44:12,2024-06-11T10:44:12,2026-10-05T10:44:12,2026-10-05T08:03:12,ebf0d2514bd3615aa87be028c18540c39a22da410c762771f6f520ebfe6fd8c2,CURRENT,True
100885,P00885,5cb2e3537871b226a5f363f94a2256d4405740ed08b618cb325609ace1f7d866,MEM7000885,GRP1005,OakStreet-South,301-17-9356,Karen,Williams,1960-11-25,M,+18023345949,8822 Pine Blvd,,Atlanta,GA,30303,USA,"8822 Pine Blvd, Atlanta, GA 30303, USA",PCP0063,Inactive,EHR,P00885,ING-PAT-20261005-00885,2026-10-05T10:42:15,2026-10-05T10:44:15,2024-12-13T10:44:15,2026-10-05T10:44:15,2026-10-05T07:57:15,f593e4329ccc2d0ba6077e9246ff5eb873d73ed4c23be960d27c22e5e45e5e0c,CURRENT,True
100886,P00886,bee49ff2f59afe083e59d03cdfef42e0d8e12c580d95dcfb13974ee10b2602b3,MEM7000886,GRP1006,OakStreet-East,523-95-1694,Patricia,Robinson,1959-10-10,F,+13127365865,9438 Washington St,,Orlando,FL,32801,USA,"9438 Washington St, Orlando, FL 32801, USA",PCP0005,Active,EHR,P00886,ING-PAT-20261005-00886,2026-10-05T10:42:18,2026-10-05T10:44:18,2024-11-20T10:44:18,2026-10-05T10:44:18,2026-10-05T07:51:18,1aa9451c4d4544c446b53fa229bf2781fa872f699995bef4c1ba4b1ef151cca4,CURRENT,True
100887,P00887,1002eef8925ca07bd6ab0a24c6de8a0a228ed7cf0506329d18544178b09beeff,MEM7000887,GRP1007,OakStreet-Southwest,893-99-6522,Thomas,Garcia,1984-10-04,F,+13944758481,1633 Pine Blvd,Apt 996,Houston,TX,77002,USA,"1633 Pine Blvd Apt 996, Houston, TX 77002, USA",PCP0112,Active,EHR,P00887,ING-PAT-20261005-00887,2026-10-05T10:42:21,2026-10-05T10:44:21,2023-01-12T10:44:21,2026-10-05T10:44:21,2026-10-05T08:59:21,a18a2ccca940522baaf95e117d2d5cb971e1f4566a13f8991ec443684f2ba2ab,CURRENT,True
100888,P00888,bca6cf854778424c75b70e7848dc9868dc715ec166e38dadc8eb460554779313,MEM7000888,GRP1008,OakStreet-Central,742-72-2206,Mary,White,1967-01-19,F,+19436905618,1837 Park Rd,,Austin,TX,78701,USA,"1837 Park Rd, Austin, TX 78701, USA",PCP0087,Active,EHR,P00888,ING-PAT-20261005-00888,2026-10-05T10:42:24,2026-10-05T10:44:24,2023-08-01T10:44:24,2026-10-05T10:44:24,2026-10-05T10:39:24,3c86de38c3ebf7cd2134b51f14163c94036cdf36912898152635cdf3d5fc9600,CURRENT,True
100889,P00889,cdf06e0f14e2cbba8da3527c8067fa0970b631fe71db744e34af4853f5bf66ca,MEM7000889,GRP1009,OakStreet-South,362-76-3925,Mary,Johnson,1963-04-13,M,+12577879220,3102 Washington Blvd,,Houston,TX,77024,USA,"3102 Washington Blvd, Houston, TX 77024, USA",PCP0061,Active,EHR,P00889,ING-PAT-20261005-00889,2026-10-05T10:42:27,2026-10-05T10:44:27,2023-12-02T10:44:27,2026-10-05T10:44:27,2026-10-05T09:57:27,5e873f03f68a12aa647730a23d77d830263b7e20685ad9ef6e76460534fedd98,CURRENT,True
100890,P00890,58f8e0a1c319e451e35b3b33905e9a24b14c1203ae253208fe0af5bc2d64aca8,MEM7000890,GRP1010,OakStreet-East,529-80-2754,John,Hernandez,1967-02-15,M,+12148614835,3455 Pine St,,Houston,TX,77005,USA,"3455 Pine St, Houston, TX 77005, USA",PCP0021,Active,EHR,P00890,ING-PAT-20261005-00890,2026-10-05T10:42:30,2026-10-05T10:44:30,2024-03-05T10:44:30,2026-10-05T10:44:30,2026-10-05T10:13:30,824691a0abd380d86f5539f00da362ce95b6251d0894b2a240361ae9a4c0479b,CURRENT,True
100891,P00891,57ce529c943f16a8a52299729a4c77d1d48bf5a0c0f37e6cb9d440241c23be4f,MEM7000891,GRP1011,OakStreet-Southwest,479-69-8592,Sarah,Perez,1996-04-15,M,+19353114023,5480 Park Rd,,Houston,TX,77002,USA,"5480 Park Rd, Houston, TX 77002, USA",PCP0083,Active,EHR,P00891,ING-PAT-20261005-00891,2026-10-05T10:42:33,2026-10-05T10:44:33,2023-05-17T10:44:33,2026-10-05T10:44:33,2026-10-05T09:56:33,5aae16f87746e4d889e6609fc375b55196a888fa6272707b22fc9a21b21e1d3f,CURRENT,True
100892,P00892,63d4d07d8cfdf69101eb752490e2183689bf645346d9aeef95e6dbb8479a0ea5,MEM7000892,GRP1012,OakStreet-Central,324-37-7015,Betty,Brown,1993-05-13,M,+15106567487,8501 Washington St,,Atlanta,GA,30303,USA,"8501 Washington St, Atlanta, GA 30303, USA",PCP0064,Active,EHR,P00892,ING-PAT-20261005-00892,2026-10-05T10:42:36,2026-10-05T10:44:36,2025-07-11T10:44:36,2026-10-05T10:44:36,2026-10-05T10:14:36,d30268066bcffe1296b8ffb5681999e7eb8d732d2ab2822d2e686df9b7403928,CURRENT,True
100893,P00893,4d3c20dff9f455ac1caee6d404970425983f84313e7201bb85642627c99f34bd,MEM7000893,GRP1013,OakStreet-South,285-63-3273,Linda,Lewis,1948-09-19,M,+17465583531,7536 Lake Blvd,,Orlando,FL,32801,USA,"7536 Lake Blvd, Orlando, FL 32801, USA",PCP0120,Active,EHR,P00893,ING-PAT-20261005-00893,2026-10-05T10:42:39,2026-10-05T10:44:39,2024-03-04T10:44:39,2026-10-05T10:44:39,2026-10-05T09:57:39,c439bf2b46dc7d52adf8eda2869e1ffd5b5b4ab11b62649d79af61322f39bf72,CURRENT,True
100894,P00894,ff6b7b3daa5865a5d7cb43b469bd8d468354f337255f3d0bb4431cc9cddf0778,MEM7000894,GRP1014,OakStreet-East,631-78-7832,Lisa,Clark,1962-11-28,M,+16412445567,608 Pine Rd,,Chicago,IL,60601,USA,"608 Pine Rd, Chicago, IL 60601, USA",PCP0035,Active,EHR,P00894,ING-PAT-20261005-00894,2026-10-05T10:42:42,2026-10-05T10:44:42,2024-01-25T10:44:42,2026-10-05T10:44:42,2026-10-05T10:12:42,22ba576f372eb255336df3a3aa08f8995f02399bbfdec16ee4066d98d173bfa8,CURRENT,True
100895,P00895,321749f29976798975f48a9f186ddb937970c1a9b4ef288db161f7a06b27020d,MEM7000895,GRP1015,OakStreet-Southwest,348-42-0288,Anthony,Martin,1984-09-26,F,+18655146084,8970 Market Blvd,,Chicago,IL,60601,USA,"8970 Market Blvd, Chicago, IL 60601, USA",PCP0088,Active,EHR,P00895,ING-PAT-20261005-00895,2026-10-05T10:42:45,2026-10-05T10:44:45,2024-08-23T10:44:45,2026-10-05T10:44:45,2026-10-05T10:12:45,02acf21c7eac7b4b81c1e62db7b22df46a584f443a33bcb8ee868b10cf1fdd37,CURRENT,True
100896,P00896,58e7b8016ada2eb6b7b46f508450e6f0a589c7f712145868d514bce474d4630f,MEM7000896,GRP1016,OakStreet-Central,519-20-3023,Betty,Thompson,1992-05-25,F,+19374936645,8009 Pine Blvd,,Atlanta,GA,30303,USA,"8009 Pine Blvd, Atlanta, GA 30303, USA",PCP0088,Active,EHR,P00896,ING-PAT-20261005-00896,2026-10-05T10:42:48,2026-10-05T10:44:48,2022-07-27T10:44:48,2026-10-05T10:44:48,2026-10-05T10:18:48,351267d77d925cea172b31fd087176ef203fde02652b5c904e136ba37cc8cad4,CURRENT,True
100897,P00897,9ec411ede718b153413c473fc37393b2ed3a105c93c4756b272f25c7221ba9dc,MEM7000897,GRP1017,OakStreet-South,257-99-1656,Charles,Lewis,1939-01-19,F,+15527772369,9199 Washington Blvd,,Phoenix,AZ,85004,USA,"9199 Washington Blvd, Phoenix, AZ 85004, USA",PCP0046,Active,EHR,P00897,ING-PAT-20261005-00897,2026-10-05T10:42:51,2026-10-05T10:44:51,2025-04-23T10:44:51,2026-10-05T10:44:51,2026-10-05T09:01:51,773c123b32adad112cd81267d7d5072dd4e1d3f6e35e58f508a489e8c6d8c782,CURRENT,True
100898,P00898,38046c3a00a3406c961708aabf95637440ff422c771821653ab59396e5d86049,MEM7000898,GRP1018,OakStreet-East,293-38-5852,Susan,Ramirez,1977-06-06,M,+17427022311,1254 Washington St,Apt 418,Houston,TX,77002,USA,"1254 Washington St Apt 418, Houston, TX 77002, USA",PCP0118,Active,EHR,P00898,ING-PAT-20261005-00898,2026-10-05T10:42:54,2026-10-05T10:44:54,2024-04-27T10:44:54,2026-10-05T10:44:54,2026-10-05T10:03:54,70ae0791ae8f5cb093c031a2b50991cf9af6e96cb4a975d50b5b2101e6e9fd55,CURRENT,True
100899,P00899,ad342436d6a89fe49e9c91f19d09a61f54ea0f3bb0d721bb83c1b4a618feb4b8,MEM7000899,GRP1019,OakStreet-Southwest,211-60-7021,Susan,Hernandez,1945-07-26,F,+18542827784,6507 Pine St,Apt 90,Houston,TX,77002,USA,"6507 Pine St Apt 90, Houston, TX 77002, USA",PCP0047,Active,EHR,P00899,ING-PAT-20261005-00899,2026-10-05T10:42:57,2026-10-05T10:44:57,2024-12-25T10:44:57,2026-10-05T10:44:57,2026-10-05T10:27:57,ca1748c90543188e8f3109aed649b2d6121cc2f744d56d0f1b44b8c5576ffcf1,CURRENT,True
100900,P00900,8b401ae3624c4a09f260c88746fd344ccf5418863c7206018f98bd4662156749,MEM7000900,GRP1020,OakStreet-Central,652-71-0044,Daniel,Brown,1988-12-13,M,+14656495928,9180 Lake Blvd,Apt 791,Houston,TX,77024,USA,"9180 Lake Blvd Apt 791, Houston, TX 77024, USA",PCP0113,Active,EHR,P00900,ING-PAT-20261005-00900,2026-10-05T10:43:00,2026-10-05T10:45:00,2023-01-16T10:45:00,2026-10-05T10:45:00,2026-10-05T10:22:00,9cbd7c41e9e0065fb290676879b0c1b6ef38fd6661e4e249d297098df6b0f874,CURRENT,True
100901,P00901,ec7d61e1517a71f43834eb5c9aa55979aa3c1f2522734612edf58b5e058756db,MEM7000901,GRP1021,OakStreet-South,140-64-1637,Anthony,Moore,1998-04-20,M,+18546932104,2700 Pine Blvd,,Atlanta,GA,30303,USA,"2700 Pine Blvd, Atlanta, GA 30303, USA",PCP0048,Active,EHR,P00901,ING-PAT-20261005-00901,2026-10-05T10:43:03,2026-10-05T10:45:03,2024-03-26T10:45:03,2026-10-05T10:45:03,2026-10-05T07:27:03,ed2674d796a98dc75715bc39eebb829e188178eec031107262835c9bc645a00e,CURRENT,True
100902,P00902,72819a70bbefd55fd917b971f14d800f992ab2acd97c38ce20093ea02afebb58,MEM7000902,GRP1022,OakStreet-East,242-71-0993,Matthew,Lewis,1992-11-27,M,+12307154212,539 Main St,,Chicago,IL,60601,USA,"539 Main St, Chicago, IL 60601, USA",PCP0083,Active,EHR,P00902,ING-PAT-20261005-00902,2026-10-05T10:43:06,2026-10-05T10:45:06,2023-04-28T10:45:06,2026-10-05T10:45:06,2026-10-05T09:48:06,5924eca4411ae98670cbebae97377af015781c6bbf0bef99558f178de1d1949b,CURRENT,True
100903,P00903,5849bf04128a27bcc0b947de33c6e46bda07f3fbe8f2adc6923328ce2e505b13,MEM7000903,GRP1023,OakStreet-Southwest,215-21-6165,Linda,Clark,1995-06-15,M,+13708024489,3838 Pine Blvd,,Houston,TX,77005,USA,"3838 Pine Blvd, Houston, TX 77005, USA",PCP0040,Active,EHR,P00903,ING-PAT-20261005-00903,2026-10-05T10:43:09,2026-10-05T10:45:09,2024-10-30T10:45:09,2026-10-05T10:45:09,2026-10-05T09:29:09,d9ba1c6ea88541d6f76bbb579e1377ebd19ebd23ff3fd114afea6e514be136e9,CURRENT,True
100904,P00904,b1fa9d2d8898e55b1f04ca710f51099a765d59f07e8e42da5b5a253829faf084,MEM7000904,GRP1024,OakStreet-Central,769-13-0051,Karen,White,1991-02-17,F,+17362935287,3414 Oak Rd,Apt 227,Houston,TX,77002,USA,"3414 Oak Rd Apt 227, Houston, TX 77002, USA",PCP0070,Active,EHR,P00904,ING-PAT-20261005-00904,2026-10-05T10:43:12,2026-10-05T10:45:12,2025-02-04T10:45:12,2026-10-05T10:45:12,2026-10-05T09:29:12,c6701f32de78ad72be1fbbca6b649f78491e452966d662ecb7d8cffdd9a67014,CURRENT,True
100905,P00905,872f3b7b0486adf55b90ad4d70300775df233f9ab7ae8c1c15f87a8cd2bf667e,MEM7000905,GRP1025,OakStreet-South,476-73-2059,Robert,White,1957-05-27,F,+14709732932,9262 Oak Rd,,Dallas,TX,75201,USA,"9262 Oak Rd, Dallas, TX 75201, USA",PCP0004,Active,EHR,P00905,ING-PAT-20261005-00905,2026-10-05T10:43:15,2026-10-05T10:45:15,2021-12-03T10:45:15,2026-10-05T10:45:15,2026-10-05T06:52:15,aa32ce20a1c6f295640dfc8bd61b5bb7f2e6e42bc7b6592b739d6532426e2b35,CURRENT,True
100906,P00906,15b9ed169760c7f0c6eac4caf2d2dad0d97ac328ff1b2de1780e5af556e5468f,MEM7000906,GRP1026,OakStreet-East,754-22-0742,Mark,Garcia,1950-03-02,F,+15636461011,7196 Washington Rd,,San Antonio,TX,78205,USA,"7196 Washington Rd, San Antonio, TX 78205, USA",PCP0047,Active,EHR,P00906,ING-PAT-20261005-00906,2026-10-05T10:43:18,2026-10-05T10:45:18,2025-07-24T10:45:18,2026-10-05T10:45:18,2026-10-05T09:17:18,9b69c48678371f941a3298b8bf95f915cf7574f465c6d94735209d6e8f70a09f,CURRENT,True
100907,P00907,b098e7c17393dce89b0b1ccdf7876a1a939bf21b1492b2184ef147462e0ae361,MEM7000907,GRP1027,OakStreet-Southwest,713-81-1155,Barbara,Harris,1983-11-08,F,+15594689434,9164 Park St,,San Antonio,TX,78205,USA,"9164 Park St, San Antonio, TX 78205, USA",PCP0053,Active,EHR,P00907,ING-PAT-20261005-00907,2026-10-05T10:43:21,2026-10-05T10:45:21,2023-02-16T10:45:21,2026-10-05T10:45:21,2026-10-05T08:59:21,6d4b6f1d5ba54f347a2181c9a4e88c8e26eb5a6e5848d1486c75749b225eee50,CURRENT,True
100908,P00908,636448949f03030c4ab13c853b67a110edb0fc1604773050dbb4a0f3a3e9a047,MEM7000908,GRP1028,OakStreet-Central,430-36-9871,Jessica,Johnson,1988-06-17,F,+14819192248,8666 Main Rd,,Austin,TX,78701,USA,"8666 Main Rd, Austin, TX 78701, USA",PCP0058,Active,EHR,P00908,ING-PAT-20261005-00908,2026-10-05T10:43:24,2026-10-05T10:45:24,2024-04-27T10:45:24,2026-10-05T10:45:24,2026-10-05T07:08:24,e3990d8554a6ffb335acb13cb2c9a744eedc85c6aa4fe13b0c217bae514aca51,CURRENT,True
100909,P00909,91c08291228a082d9d6fb1af58adb97b33a66ace435f602f88c2da856fd82eb4,MEM7000909,GRP1029,OakStreet-South,730-39-2858,James,Robinson,1999-07-19,F,+15413538716,2369 Oak Blvd,,Phoenix,AZ,85004,USA,"2369 Oak Blvd, Phoenix, AZ 85004, USA",PCP0078,Active,EHR,P00909,ING-PAT-20261005-00909,2026-10-05T10:43:27,2026-10-05T10:45:27,2023-06-27T10:45:27,2026-10-05T10:45:27,2026-10-05T07:16:27,42e8dc95331ba1d6fac240cbf01f2382dc477cf1f4d35431a34578cee7cac365,CURRENT,True
100910,P00910,ae64217d3452a385e0b490925a3b4377069de4ec909ab1248cac50613cc78e08,MEM7000910,GRP1030,OakStreet-East,587-81-3121,Sarah,Perez,1956-08-23,F,+19379563165,8817 Main Blvd,,Phoenix,AZ,85004,USA,"8817 Main Blvd, Phoenix, AZ 85004, USA",PCP0072,Active,EHR,P00910,ING-PAT-20261005-00910,2026-10-05T10:43:30,2026-10-05T10:45:30,2024-10-19T10:45:30,2026-10-05T10:45:30,2026-10-05T06:48:30,54eff9fff50b45e6d47a452821735170ed8352e2405873feeae47924832cc2dd,CURRENT,True
100911,P00911,70e93340751e2b9271f7da96ed1a2ee3657345c2b8950ade0a0450d574343316,MEM7000911,GRP1031,OakStreet-Southwest,276-59-2983,Steven,Martin,1940-06-03,F,+13715009247,3320 Oak Rd,,Atlanta,GA,30303,USA,"3320 Oak Rd, Atlanta, GA 30303, USA",PCP0080,Active,EHR,P00911,ING-PAT-20261005-00911,2026-10-05T10:43:33,2026-10-05T10:45:33,2025-05-28T10:45:33,2026-10-05T10:45:33,2026-10-05T08:40:33,7dec658dbb7b779e44736207c0b43043a87ae9adfcd73aefcebe5b7b4b90d31a,CURRENT,True
100912,P00912,ea21da902d7ac459246bac4d00661ef7b2d3088ddf4bcbc8795ff75dad7b58e1,MEM7000912,GRP1032,OakStreet-Central,110-79-2762,John,Perez,1957-04-16,F,+18038336314,3421 Market St,,Houston,TX,77002,USA,"3421 Market St, Houston, TX 77002, USA",PCP0065,Active,EHR,P00912,ING-PAT-20261005-00912,2026-10-05T10:43:36,2026-10-05T10:45:36,2022-12-10T10:45:36,2026-10-05T10:45:36,2026-10-05T10:22:36,6466ade8c6c4387cb75e28a7cea66f70a07ec38affdaf975e988d6eed777ad24,CURRENT,True
100913,P00913,35a03e5e784a59ddba9f1dfaea4f4a9828d82f6090011ab647e246685f52b3ba,MEM7000913,GRP1033,OakStreet-South,627-51-8673,Matthew,Hernandez,1967-05-15,M,+14333171063,3832 Oak St,,Orlando,FL,32801,USA,"3832 Oak St, Orlando, FL 32801, USA",PCP0084,Active,EHR,P00913,ING-PAT-20261005-00913,2026-10-05T10:43:39,2026-10-05T10:45:39,2025-03-22T10:45:39,2026-10-05T10:45:39,2026-10-05T09:45:39,6f73d02642b3774e032d47e90e8304fb62c6c86705bb1b2b5a3467fad743a6d7,CURRENT,True
100914,P00914,12f725bd7b4bfdb42f60228163bf2dbb2c92b420e12ad3a34a22ae0745c72f46,MEM7000914,GRP1034,OakStreet-East,845-22-9317,Richard,Brown,1990-11-16,M,+16394966057,2420 Pine Rd,,Phoenix,AZ,85004,USA,"2420 Pine Rd, Phoenix, AZ 85004, USA",PCP0002,Active,EHR,P00914,ING-PAT-20261005-00914,2026-10-05T10:43:42,2026-10-05T10:45:42,2022-02-08T10:45:42,2026-10-05T10:45:42,2026-10-05T08:47:42,acd1a99696d614cbb3dfdce85e1598017a432f987d1c54a911309018ef3212ef,CURRENT,True
100915,P00915,91d3ca169b0aa87cec87234a8f84cf1fa08e526f5c5ea69bcea7b2e6277e2b39,MEM7000915,GRP1035,OakStreet-Southwest,530-16-4141,Margaret,Lopez,1999-06-04,F,+16569779356,218 Market St,Apt 387,Austin,TX,78701,USA,"218 Market St Apt 387, Austin, TX 78701, USA",PCP0012,Active,EHR,P00915,ING-PAT-20261005-00915,2026-10-05T10:43:45,2026-10-05T10:45:45,2022-04-21T10:45:45,2026-10-05T10:45:45,2026-10-05T08:26:45,c06d7f3f3dcc7772224052dff22b281698542ab6f0840391518e209859475304,CURRENT,True
100916,P00916,0eeb0cac756c54f3fbf8b9ae17e910ee7824da80b3246010c351a73b046b49bb,MEM7000916,GRP1036,OakStreet-Central,655-74-0379,Mary,Moore,1948-11-18,F,+18764217658,942 Main Blvd,,Austin,TX,78701,USA,"942 Main Blvd, Austin, TX 78701, USA",PCP0084,Active,EHR,P00916,ING-PAT-20261005-00916,2026-10-05T10:43:48,2026-10-05T10:45:48,2024-12-03T10:45:48,2026-10-05T10:45:48,2026-10-05T09:04:48,8ead406eed1cec304828f913e39c6c99f04c2ac2b36ec7f8ecc40fa10abaf99e,CURRENT,True
100917,P00917,edb5602f15fdcd15bdccbcd08c1150d04c8edc1bc37ef126636b1ff8cfdb4e69,MEM7000917,GRP1037,OakStreet-South,402-20-2650,Joseph,Wilson,1945-10-12,M,+14045332004,507 Park St,,Houston,TX,77005,USA,"507 Park St, Houston, TX 77005, USA",PCP0106,Active,EHR,P00917,ING-PAT-20261005-00917,2026-10-05T10:43:51,2026-10-05T10:45:51,2023-05-20T10:45:51,2026-10-05T10:45:51,2026-10-05T10:32:51,314de5ff065393a62f65ff6b3e2cebb835f71a54d3c5d6c6495f0a444114f873,CURRENT,True
100918,P00918,e5d96e5f24b6326065f0ddab99050e9ce70f27f6c8c60f1e45309a2f51488154,MEM7000918,GRP1038,OakStreet-East,148-19-9581,Michael,Johnson,1987-11-05,M,+12308319028,4226 Park Rd,,Orlando,FL,32801,USA,"4226 Park Rd, Orlando, FL 32801, USA",PCP0105,Active,EHR,P00918,ING-PAT-20261005-00918,2026-10-05T10:43:54,2026-10-05T10:45:54,2025-06-05T10:45:54,2026-10-05T10:45:54,2026-10-05T10:37:54,b819a34042efa2eefdb0e0d5e018b88be21f0b31cc90a5d141241d09dab8db86,CURRENT,True
100919,P00919,40d3da08a47256138ae3fbfb50001630661a357483d30c2da8060bdd0876aa85,MEM7000919,GRP1039,OakStreet-Southwest,199-15-5456,Elizabeth,Ramirez,1941-01-05,M,+14337549269,5309 Pine Rd,,Orlando,FL,32801,USA,"5309 Pine Rd, Orlando, FL 32801, USA",PCP0116,Active,EHR,P00919,ING-PAT-20261005-00919,2026-10-05T10:43:57,2026-10-05T10:45:57,2023-07-14T10:45:57,2026-10-05T10:45:57,2026-10-05T10:09:57,bf3bc771ba0f891a61bc06fbf1131cab29bba798d9d36667676a0d73348870fb,CURRENT,True
100920,P00920,f1773253350258f4a0165545e747e365c52633a0db76439561f9127c0897727e,MEM7000920,GRP1000,OakStreet-Central,726-24-3358,Daniel,Moore,1982-03-26,M,+14628538839,3690 Park Blvd,,Houston,TX,77024,USA,"3690 Park Blvd, Houston, TX 77024, USA",PCP0116,Active,EHR,P00920,ING-PAT-20261005-00920,2026-10-05T10:44:00,2026-10-05T10:46:00,2022-08-24T10:46:00,2026-10-05T10:46:00,2026-10-05T06:53:00,b60f091467e1bf3e22a3dc3cd13b41ee559615b4cc3af82f809060a11bb6de69,CURRENT,True
100921,P00921,e179b8cded935005224b941aec3b59fc8be9fa62e5beac4a01a1e01e7488f020,MEM7000921,GRP1001,OakStreet-South,168-99-9970,William,Jackson,1953-12-15,F,+14332392143,4270 Lake Ave,,Atlanta,GA,30303,USA,"4270 Lake Ave, Atlanta, GA 30303, USA",PCP0014,Active,EHR,P00921,ING-PAT-20261005-00921,2026-10-05T10:44:03,2026-10-05T10:46:03,2023-03-10T10:46:03,2026-10-05T10:46:03,2026-10-05T07:09:03,b266568e6554914fa702cc9f28c369fc1a805f32d1ce1a23d465310b643f5d58,CURRENT,True
100922,P00922,77f55bcac1d631796d6a21835fc97faa808f1c7e9f7d45beb77891ffb16be4c8,MEM7000922,GRP1002,OakStreet-East,264-77-6655,Sarah,Johnson,1975-04-06,M,+15856345631,4627 Oak Ave,,Austin,TX,78701,USA,"4627 Oak Ave, Austin, TX 78701, USA",PCP0079,Active,EHR,P00922,ING-PAT-20261005-00922,2026-10-05T10:44:06,2026-10-05T10:46:06,2025-07-06T10:46:06,2026-10-05T10:46:06,2026-10-05T10:04:06,00628b4c610b07664acd324f865c3f8e3fed7185afdda71771090c2e25bdc268,CURRENT,True
100923,P00923,d2f383dbc12081ee746ca7915bb844d8b4d7b878ad3cd95913517ea3b3e7ae01,MEM7000923,GRP1003,OakStreet-Southwest,520-74-3010,Daniel,Taylor,2004-10-11,F,+13782894840,437 Main Rd,,Orlando,FL,32801,USA,"437 Main Rd, Orlando, FL 32801, USA",PCP0020,Active,EHR,P00923,ING-PAT-20261005-00923,2026-10-05T10:44:09,2026-10-05T10:46:09,2023-11-07T10:46:09,2026-10-05T10:46:09,2026-10-05T09:43:09,52d1c1d9e2e4ec6ebba4fb0835eb791996a679bff902674be5c75aca54b2bfd4,CURRENT,True
100924,P00924,f35e75dde3a68cb9e291c8dd4bbb0bdf7c66cda014b4cd3f0fc3f138afee4af2,MEM7000924,GRP1004,OakStreet-Central,327-37-9352,Linda,Sanchez,1944-11-22,M,+14602006501,7207 Park Blvd,,Orlando,FL,32801,USA,"7207 Park Blvd, Orlando, FL 32801, USA",PCP0036,Active,EHR,P00924,ING-PAT-20261005-00924,2026-10-05T10:44:12,2026-10-05T10:46:12,2025-06-14T10:46:12,2026-10-05T10:46:12,2026-10-05T08:50:12,3e8b7d5010c81726b35cb90cb9e910f5db8cb1125d13a5d0bbcef6146e24f6e0,CURRENT,True
100925,P00925,5887279166278b83cb6536b5c7a51d4b83d47645c4b2a4aabddaccb02f08bcdb,MEM7000925,GRP1005,OakStreet-South,436-61-4606,Betty,Lee,1967-02-11,M,+13722112061,5256 Lake Ave,,Austin,TX,78701,USA,"5256 Lake Ave, Austin, TX 78701, USA",PCP0047,Inactive,EHR,P00925,ING-PAT-20261005-00925,2026-10-05T10:44:15,2026-10-05T10:46:15,2024-07-17T10:46:15,2026-10-05T10:46:15,2026-10-05T09:43:15,9b70413d0d58093e4e55f0011309159ee346e1777e3aacb63851eeb522a65ca9,CURRENT,True
100926,P00926,d9ef3d66021b8f62bf1ab5bf4c526651d41fb3f8132b1777046e7d002249dca1,MEM7000926,GRP1006,OakStreet-East,399-24-5401,Lisa,Hernandez,1959-01-09,F,+13544265374,339 Washington St,,Houston,TX,77002,USA,"339 Washington St, Houston, TX 77002, USA",PCP0100,Active,EHR,P00926,ING-PAT-20261005-00926,2026-10-05T10:44:18,2026-10-05T10:46:18,2022-08-27T10:46:18,2026-10-05T10:46:18,2026-10-05T09:13:18,45e87ba195d4e0b62a71de0e5627356a2ae030820cece6c79a0a2097349bcf67,CURRENT,True
100927,P00927,1a969767f49c2331c3946f0fdc43a2c436586c28716d5ceda73dbe6774e4576e,MEM7000927,GRP1007,OakStreet-Southwest,188-86-4096,Betty,Ramirez,2001-08-14,M,+12148265625,8380 Pine Ave,,Phoenix,AZ,85004,USA,"8380 Pine Ave, Phoenix, AZ 85004, USA",PCP0088,Active,EHR,P00927,ING-PAT-20261005-00927,2026-10-05T10:44:21,2026-10-05T10:46:21,2023-06-24T10:46:21,2026-10-05T10:46:21,2026-10-05T10:33:21,292fdfb31947d51d0a0306c9965d3adaeea11f63827871011a2ce94a842d96f8,CURRENT,True
100928,P00928,419753ffab387628f82ead50720a71bdb1857856dbcb41e93ceca36d79bf7c58,MEM7000928,GRP1008,OakStreet-Central,145-27-1555,Daniel,Anderson,1940-04-21,F,+18157903040,6222 Park Rd,,Orlando,FL,32801,USA,"6222 Park Rd, Orlando, FL 32801, USA",PCP0046,Active,EHR,P00928,ING-PAT-20261005-00928,2026-10-05T10:44:24,2026-10-05T10:46:24,2022-02-14T10:46:24,2026-10-05T10:46:24,2026-10-05T10:27:24,b66bd18fd140e4fe645245427c4dfc7e730270dbe5c559a51a1f1828520c676b,CURRENT,True
100929,P00929,99b579944980b473b16a51d73283d76bea976caa1691fe48fc95130960c92e03,MEM7000929,GRP1009,OakStreet-South,123-64-4663,William,Martinez,1960-12-25,M,+12689525947,9663 Washington Blvd,,Chicago,IL,60601,USA,"9663 Washington Blvd, Chicago, IL 60601, USA",PCP0038,Active,EHR,P00929,ING-PAT-20261005-00929,2026-10-05T10:44:27,2026-10-05T10:46:27,2025-05-29T10:46:27,2026-10-05T10:46:27,2026-10-05T08:44:27,aac22db610521682905524647e3859e0549f466258882dc8f01f1e42dfcd5159,CURRENT,True
100930,P00930,3ce34c88e3b4564c3af17fd1c8a91f5bce7747f0d494d3d4ce1cb1f0d59a80fb,MEM7000930,GRP1010,OakStreet-East,298-94-4192,Thomas,Johnson,1938-12-15,F,+13028993367,6401 Pine St,,Atlanta,GA,30303,USA,"6401 Pine St, Atlanta, GA 30303, USA",PCP0049,Active,EHR,P00930,ING-PAT-20261005-00930,2026-10-05T10:44:30,2026-10-05T10:46:30,2022-07-09T10:46:30,2026-10-05T10:46:30,2026-10-05T10:03:30,66bcb5d9982414499854d7e95129e4c46b00f9742fca0640b2fe5e3f8de1a428,CURRENT,True
100931,P00931,23531f31d14e7361fb471332cc255de852e0a3a29029f1647d17194430ce1bdf,MEM7000931,GRP1011,OakStreet-Southwest,251-89-4438,Barbara,Thompson,1988-05-24,M,+14548371991,1945 Pine Rd,,Phoenix,AZ,85004,USA,"1945 Pine Rd, Phoenix, AZ 85004, USA",PCP0092,Active,EHR,P00931,ING-PAT-20261005-00931,2026-10-05T10:44:33,2026-10-05T10:46:33,2025-07-25T10:46:33,2026-10-05T10:46:33,2026-10-05T10:23:33,aa8716b42a6492df57758b7bb6b426203d68118bf0f9ec54fb1276142fae0496,CURRENT,True
100932,P00932,6d76068461190c6c6c2ab64e57ced177db292679e22ca1e1a2a5ac374f3ad740,MEM7000932,GRP1012,OakStreet-Central,631-54-9698,William,Clark,1963-12-08,F,+18498843527,9245 Main Blvd,,Atlanta,GA,30303,USA,"9245 Main Blvd, Atlanta, GA 30303, USA",PCP0114,Active,EHR,P00932,ING-PAT-20261005-00932,2026-10-05T10:44:36,2026-10-05T10:46:36,2023-10-01T10:46:36,2026-10-05T10:46:36,2026-10-05T09:20:36,6b42b1f40115e6218c0208345e1a19c9fb6d9f1c44f7f88559d3063b7543c2e1,CURRENT,True
100933,P00933,b21af546210b68998c9fdbd0eaed505a28ad6dfdae82055735b3c9dcba7faba0,MEM7000933,GRP1013,OakStreet-South,409-90-7201,Steven,Wilson,1943-04-04,F,+19516477528,3685 Pine Ave,Apt 726,Dallas,TX,75201,USA,"3685 Pine Ave Apt 726, Dallas, TX 75201, USA",PCP0072,Active,EHR,P00933,ING-PAT-20261005-00933,2026-10-05T10:44:39,2026-10-05T10:46:39,2023-03-06T10:46:39,2026-10-05T10:46:39,2026-10-05T07:31:39,136e71b54d9a4a7544a2c886c75c6d3cecd0768ae45c1ba59c270b48694b314f,CURRENT,True
100934,P00934,c8f1ec2f220c72e8f9280203e3e0db9aec194747c4124d028592f0d271f51a7b,MEM7000934,GRP1014,OakStreet-East,755-16-9303,Robert,Wilson,1962-01-11,M,+15895188239,3573 Lake Rd,,Orlando,FL,32801,USA,"3573 Lake Rd, Orlando, FL 32801, USA",PCP0034,Active,EHR,P00934,ING-PAT-20261005-00934,2026-10-05T10:44:42,2026-10-05T10:46:42,2025-11-30T10:46:42,2026-10-05T10:46:42,2026-10-05T10:07:42,6f4abe52136d6944aef24bb43dbcb5286503cc371eb1339499631c93c28368bc,CURRENT,True
100935,P00935,3e98e5bb0d693f03ef1b24654e975e8c34e07e6d8e242df7f3c66928fabe5471,MEM7000935,GRP1015,OakStreet-Southwest,223-38-3304,Michael,Clark,1992-02-16,F,+14046185523,2989 Lake Blvd,,Phoenix,AZ,85004,USA,"2989 Lake Blvd, Phoenix, AZ 85004, USA",PCP0080,Active,EHR,P00935,ING-PAT-20261005-00935,2026-10-05T10:44:45,2026-10-05T10:46:45,2025-01-15T10:46:45,2026-10-05T10:46:45,2026-10-05T07:06:45,f2c36687fa14309c653f1e6d4b647232becb2b773d3e868340772ad070d5051d,CURRENT,True
100936,P00936,f464d1ba52217438f22cb206526a41ce4fd2848ffb74931340b83ccfe0a408c5,MEM7000936,GRP1016,OakStreet-Central,708-15-7781,Patricia,Garcia,1972-07-08,F,+17972685250,5196 Washington Rd,,Atlanta,GA,30303,USA,"5196 Washington Rd, Atlanta, GA 30303, USA",PCP0077,Active,EHR,P00936,ING-PAT-20261005-00936,2026-10-05T10:44:48,2026-10-05T10:46:48,2025-12-08T10:46:48,2026-10-05T10:46:48,2026-10-05T10:29:48,e85147873c55687a27eb08a28cf493e2bbd6939739bdfa3583b01a96511e1789,CURRENT,True
100937,P00937,5c1db122e62f440a465dd94d4e92b553f97b873a2fc05de30f2e135ba19f43a6,MEM7000937,GRP1017,OakStreet-South,804-12-8820,Ashley,Anderson,1996-09-14,M,+17752067930,9199 Oak Rd,,Austin,TX,78701,USA,"9199 Oak Rd, Austin, TX 78701, USA",PCP0061,Active,EHR,P00937,ING-PAT-20261005-00937,2026-10-05T10:44:51,2026-10-05T10:46:51,2022-07-15T10:46:51,2026-10-05T10:46:51,2026-10-05T08:10:51,c1d867e455d071ed9fa70432070d4511f6d266eb1f6102fad99b12f56aaa0949,CURRENT,True
100938,P00938,9a1e7de9ccc20b7fa8598311f7b723b2cec697b139ca9ce5c14d537055a10e3f,MEM7000938,GRP1018,OakStreet-East,409-58-7597,Jennifer,Jackson,1998-10-24,F,+12618101880,8919 Pine Blvd,,Atlanta,GA,30303,USA,"8919 Pine Blvd, Atlanta, GA 30303, USA",PCP0092,Active,EHR,P00938,ING-PAT-20261005-00938,2026-10-05T10:44:54,2026-10-05T10:46:54,2023-03-01T10:46:54,2026-10-05T10:46:54,2026-10-05T06:46:54,bac9669cdb6dc5e3241b4dff73b30cca28f4ebba454cc6bd5ef856bb641a548d,CURRENT,True
100939,P00939,d1a26a3c07ef75a0b90210059c51d9fd0773cf16bfef4b70c9a5503770636929,MEM7000939,GRP1019,OakStreet-Southwest,806-95-7963,Sarah,Wilson,1954-08-16,F,+19342593756,5782 Main Rd,,Austin,TX,78701,USA,"5782 Main Rd, Austin, TX 78701, USA",PCP0010,Active,EHR,P00939,ING-PAT-20261005-00939,2026-10-05T10:44:57,2026-10-05T10:46:57,2024-07-31T10:46:57,2026-10-05T10:46:57,2026-10-05T08:35:57,78a88bf5486d8825b421204184036b3a69476921672497448be710e39952384a,CURRENT,True
100940,P00940,d2d8d5af004dec8e14ec57a7ddf67848727bc511fa47d26f5b06cee91956f438,MEM7000940,GRP1020,OakStreet-Central,796-35-7302,Daniel,Harris,1999-10-26,F,+12736772908,6331 Pine St,,Phoenix,AZ,85004,USA,"6331 Pine St, Phoenix, AZ 85004, USA",PCP0005,Active,EHR,P00940,ING-PAT-20261005-00940,2026-10-05T10:45:00,2026-10-05T10:47:00,2025-05-01T10:47:00,2026-10-05T10:47:00,2026-10-05T08:50:00,ae3e006c146972029dc5b9a0cb6ad67944872df23d698b6f8e922c382da107f0,CURRENT,True
100941,P00941,fc807a35a2f38339bbbc37db6a557a8eab98eda46b58fe6dea5d6fc485f70ce1,MEM7000941,GRP1021,OakStreet-South,228-88-0217,William,Smith,1994-08-08,F,+19304026252,6387 Market Rd,,San Antonio,TX,78205,USA,"6387 Market Rd, San Antonio, TX 78205, USA",PCP0086,Active,EHR,P00941,ING-PAT-20261005-00941,2026-10-05T10:45:03,2026-10-05T10:47:03,2025-08-24T10:47:03,2026-10-05T10:47:03,2026-10-05T06:55:03,85dd4165512561389f10de238f93e4c84edf11666f43e2bf49d63ea1e5a22399,CURRENT,True
100942,P00942,14b03c48ca4124c285b70e9d17352009a44150535e573cf66407636b4192b979,MEM7000942,GRP1022,OakStreet-East,790-74-3583,Robert,Ramirez,1992-06-13,F,+15393817653,207 Market Blvd,,Houston,TX,77005,USA,"207 Market Blvd, Houston, TX 77005, USA",PCP0101,Active,EHR,P00942,ING-PAT-20261005-00942,2026-10-05T10:45:06,2026-10-05T10:47:06,2024-03-27T10:47:06,2026-10-05T10:47:06,2026-10-05T07:31:06,e69045e9e00b7143c8d49d848a5af52167887744c5b2d232b8d0043b560419bc,CURRENT,True
100943,P00943,6a3fcab553d67cbae38ea6b6f91f3aff1e4dd7ef7eec53304950414fda0e0885,MEM7000943,GRP1023,OakStreet-Southwest,469-76-2772,Steven,Moore,1996-09-24,F,+19007421985,563 Main Ave,,Chicago,IL,60601,USA,"563 Main Ave, Chicago, IL 60601, USA",PCP0005,Active,EHR,P00943,ING-PAT-20261005-00943,2026-10-05T10:45:09,2026-10-05T10:47:09,2023-12-15T10:47:09,2026-10-05T10:47:09,2026-10-05T10:07:09,18f575052b9bf220aa5070a4261cb394c73351fc8b5da0c5fc6bb21207ee8e46,CURRENT,True
100944,P00944,363634f94c646e33c143fca518d3b6583b5c04d09877841a7c7d914245ad1875,MEM7000944,GRP1024,OakStreet-Central,491-24-5830,Karen,Sanchez,1966-03-07,M,+16639062261,6011 Lake Rd,,Atlanta,GA,30303,USA,"6011 Lake Rd, Atlanta, GA 30303, USA",PCP0073,Active,EHR,P00944,ING-PAT-20261005-00944,2026-10-05T10:45:12,2026-10-05T10:47:12,2024-08-08T10:47:12,2026-10-05T10:47:12,2026-10-05T08:29:12,544aeac9d9c2e3311dd11398bbcebf5068f85afe410272e1022369565efdc856,CURRENT,True
100945,P00945,dfc46355f42109b958d27a37d9944b15d269d410b89d0a0003dda27b63bbf70b,MEM7000945,GRP1025,OakStreet-South,859-24-2967,Barbara,Johnson,1940-10-10,F,+15059329873,2904 Park Rd,,Orlando,FL,32801,USA,"2904 Park Rd, Orlando, FL 32801, USA",PCP0120,Active,EHR,P00945,ING-PAT-20261005-00945,2026-10-05T10:45:15,2026-10-05T10:47:15,2023-01-14T10:47:15,2026-10-05T10:47:15,2026-10-05T06:51:15,c3fe321dcc2b46a05ffffffaa66d243c0c0e914d1b2a8c4c0f3abf3b6e306bf1,CURRENT,True
100946,P00946,91d8fe09d8b0ac8572350d6784e70b6a8cd1a26ae62620512b5741c43e25b3e3,MEM7000946,GRP1026,OakStreet-East,462-56-5589,Linda,Miller,1957-05-03,M,+13722308714,9563 Park St,,Atlanta,GA,30303,USA,"9563 Park St, Atlanta, GA 30303, USA",PCP0086,Active,EHR,P00946,ING-PAT-20261005-00946,2026-10-05T10:45:18,2026-10-05T10:47:18,2022-07-04T10:47:18,2026-10-05T10:47:18,2026-10-05T08:33:18,d7b17f61665095f57a70aa4c98be7cdb6382d6198540507aaf7fa1b1dd1030f3,CURRENT,True
100947,P00947,d1c339079aa957bd182ef7dafdee09b0aeaac650cae7a6d4f81576ab225ec69e,MEM7000947,GRP1027,OakStreet-Southwest,262-50-2076,Karen,Taylor,1957-08-10,M,+13498575845,8748 Lake Rd,Apt 456,San Antonio,TX,78205,USA,"8748 Lake Rd Apt 456, San Antonio, TX 78205, USA",PCP0043,Active,EHR,P00947,ING-PAT-20261005-00947,2026-10-05T10:45:21,2026-10-05T10:47:21,2024-08-30T10:47:21,2026-10-05T10:47:21,2026-10-05T08:50:21,cab9253b948c853c92d14e5b6be0177291ea14bad8f461e02a97d54a7b95128e,CURRENT,True
100948,P00948,273bdca6bf4e895bb5715e874fcfd3d6393727c094f11831f64702736757d7ad,MEM7000948,GRP1028,OakStreet-Central,538-71-5476,Anthony,Wilson,1941-10-20,M,+17155059854,7829 Market Ave,,San Antonio,TX,78205,USA,"7829 Market Ave, San Antonio, TX 78205, USA",PCP0062,Active,EHR,P00948,ING-PAT-20261005-00948,2026-10-05T10:45:24,2026-10-05T10:47:24,2021-10-31T10:47:24,2026-10-05T10:47:24,2026-10-05T06:58:24,2ea7c9a42f46b7dae89050bf23059aca159cd4bd164f9a27f21093a13fffa452,CURRENT,True
100949,P00949,7dd400faf2a1798c84f19aa12c4662e1acab6c2004eaf249839077754d47e7da,MEM7000949,GRP1029,OakStreet-South,810-21-1788,Lisa,Harris,1960-09-16,M,+13817641314,1997 Lake Rd,,Orlando,FL,32801,USA,"1997 Lake Rd, Orlando, FL 32801, USA",PCP0014,Active,EHR,P00949,ING-PAT-20261005-00949,2026-10-05T10:45:27,2026-10-05T10:47:27,2024-09-24T10:47:27,2026-10-05T10:47:27,2026-10-05T07:27:27,fcbb07ac6caa28f28fb69166a3e8de53491c90165add79099a87053ca88b4598,CURRENT,True
100950,P00950,b371ac778a80cdad577961e8347b298c0765d2e3387aa46dc11b9c7a11f34e91,MEM7000950,GRP1030,OakStreet-East,677-51-9003,Daniel,Hernandez,1957-10-26,F,+19664336582,9565 Oak Blvd,,Houston,TX,77005,USA,"9565 Oak Blvd, Houston, TX 77005, USA",PCP0070,Active,EHR,P00950,ING-PAT-20261005-00950,2026-10-05T10:45:30,2026-10-05T10:47:30,2023-11-26T10:47:30,2026-10-05T10:47:30,2026-10-05T09:58:30,dbc99392eeccc009b6b4d9cf36ba297aad93aa62bfcb6da8f380b64cc88443fb,CURRENT,True
100951,P00951,48e810ddd0a1245452439667589006d44b067dfc94b9f044082f609bdc699f01,MEM7000951,GRP1031,OakStreet-Southwest,274-65-6665,Betty,Jones,1958-12-24,M,+13426173831,1585 Lake Blvd,,Dallas,TX,75201,USA,"1585 Lake Blvd, Dallas, TX 75201, USA",PCP0067,Active,EHR,P00951,ING-PAT-20261005-00951,2026-10-05T10:45:33,2026-10-05T10:47:33,2024-04-25T10:47:33,2026-10-05T10:47:33,2026-10-05T07:37:33,1649a5e05d5cf92b4cac8cca53baf53f1659958b6b98631ebeb76b43365752f5,CURRENT,True
100952,P00952,81963b3f6ceb5c596a7678cf059754cb8b3c982d98ddc87378278c49ec885caf,MEM7000952,GRP1032,OakStreet-Central,285-56-0063,Anthony,Clark,1947-04-20,F,+15678284457,4795 Main Ave,,Orlando,FL,32801,USA,"4795 Main Ave, Orlando, FL 32801, USA",PCP0082,Active,EHR,P00952,ING-PAT-20261005-00952,2026-10-05T10:45:36,2026-10-05T10:47:36,2024-01-25T10:47:36,2026-10-05T10:47:36,2026-10-05T09:14:36,95fa90df953d1f68977ffd6963f1827bd1f0b082aff66cba0f0237aba2ae42bc,CURRENT,True
100953,P00953,67c56621e76b5488cd149f0df4199da5fd86d29f2de72a68bfe095b9fffa7e6f,MEM7000953,GRP1033,OakStreet-South,890-51-9353,Lisa,Clark,1978-09-01,M,+15663098756,8323 Oak Rd,,Houston,TX,77024,USA,"8323 Oak Rd, Houston, TX 77024, USA",PCP0094,Active,EHR,P00953,ING-PAT-20261005-00953,2026-10-05T10:45:39,2026-10-05T10:47:39,2025-03-28T10:47:39,2026-10-05T10:47:39,2026-10-05T08:07:39,4de63f296989730495a6aff8d9f44e13f61b5aa42b69fe8b0e79d830d22caf67,CURRENT,True
100954,P00954,4503f364af528bdfff7e53665da6a6ee15c14b0ad003eb2cb659bb431195033a,MEM7000954,GRP1034,OakStreet-East,278-64-2735,Richard,Taylor,1966-02-11,F,+13115962634,140 Lake Rd,,Phoenix,AZ,85004,USA,"140 Lake Rd, Phoenix, AZ 85004, USA",PCP0108,Active,EHR,P00954,ING-PAT-20261005-00954,2026-10-05T10:45:42,2026-10-05T10:47:42,2022-04-26T10:47:42,2026-10-05T10:47:42,2026-10-05T08:22:42,8c44aa1bd350139a48090c77d4ab0525b76c43bf78fb537d60d805231ee57886,CURRENT,True
100955,P00955,2a4fce5c442f2ff0f1e1c2dcaba12094a9bc1e5823dc176dcae5744b04e11371,MEM7000955,GRP1035,OakStreet-Southwest,693-17-9523,Susan,White,1992-05-01,F,+14643005113,6228 Oak Ave,,Chicago,IL,60601,USA,"6228 Oak Ave, Chicago, IL 60601, USA",PCP0019,Active,EHR,P00955,ING-PAT-20261005-00955,2026-10-05T10:45:45,2026-10-05T10:47:45,2021-11-16T10:47:45,2026-10-05T10:47:45,2026-10-05T10:43:45,986a7b608f26cd28f03714b05fbea0c347ea48db5c452e9b562b7bbc083b5d57,CURRENT,True
100956,P00956,0909bd8c57db11659cf490176117600deb4bb6b51c8ec96790fa3c3176c27ae0,MEM7000956,GRP1036,OakStreet-Central,450-60-0619,Steven,Williams,1948-08-24,M,+18028063590,8566 Market Blvd,,Atlanta,GA,30303,USA,"8566 Market Blvd, Atlanta, GA 30303, USA",PCP0012,Active,EHR,P00956,ING-PAT-20261005-00956,2026-10-05T10:45:48,2026-10-05T10:47:48,2022-08-16T10:47:48,2026-10-05T10:47:48,2026-10-05T10:08:48,d03378b7561d09a61560de4c9f39e8e7ae120642821e3e39ac633db210e6d78c,CURRENT,True
100957,P00957,26daf384dcf47980a7990401ee58ef955028fefd6bb1c8e29078249fc2a20427,MEM7000957,GRP1037,OakStreet-South,617-54-8264,Steven,Miller,1980-10-26,M,+12132989682,9591 Washington St,Apt 491,Dallas,TX,75201,USA,"9591 Washington St Apt 491, Dallas, TX 75201, USA",PCP0100,Active,EHR,P00957,ING-PAT-20261005-00957,2026-10-05T10:45:51,2026-10-05T10:47:51,2024-12-08T10:47:51,2026-10-05T10:47:51,2026-10-05T08:30:51,d9b8d8f5b00b6ec6b7d60316181cd76166086c63c4f0de7bb484fca91dbd9f56,CURRENT,True
100958,P00958,ae23bddb19c3bdad7bb6c73bb565c77443a3c942416e94e0ceb2ea8496a7ad22,MEM7000958,GRP1038,OakStreet-East,626-18-3148,James,Anderson,1949-04-14,F,+17752782557,5844 Pine Ave,,San Antonio,TX,78205,USA,"5844 Pine Ave, San Antonio, TX 78205, USA",PCP0067,Active,EHR,P00958,ING-PAT-20261005-00958,2026-10-05T10:45:54,2026-10-05T10:47:54,2022-03-06T10:47:54,2026-10-05T10:47:54,2026-10-05T07:03:54,ed124143ade0e29561a2b4000cfcfdc16fdcb440a43a6edffc59215f976a5fa6,CURRENT,True
100959,P00959,c2630bad9b9f21add84955436022fcf51c45e6f484814621a401b8a1543d036f,MEM7000959,GRP1039,OakStreet-Southwest,208-29-6231,Jessica,Smith,1970-11-02,F,+16922347815,219 Washington Rd,,Houston,TX,77005,USA,"219 Washington Rd, Houston, TX 77005, USA",PCP0088,Inactive,EHR,P00959,ING-PAT-20261005-00959,2026-10-05T10:45:57,2026-10-05T10:47:57,2024-07-31T10:47:57,2026-10-05T10:47:57,2026-10-05T09:44:57,12d5c0edd474cb42fc1ff8525ba01fb86f9ff1ea06c7c4718c1ab66e344a2142,CURRENT,True
100960,P00960,f7c43a9f1fdd0176ce500fb08c72ad809c98b9d0349e16559bbd11e6f959754c,MEM7000960,GRP1000,OakStreet-Central,420-65-8294,Sarah,Smith,1940-10-21,F,+17712088369,2711 Washington Rd,,Orlando,FL,32801,USA,"2711 Washington Rd, Orlando, FL 32801, USA",PCP0019,Active,EHR,P00960,ING-PAT-20261005-00960,2026-10-05T10:46:00,2026-10-05T10:48:00,2022-12-06T10:48:00,2026-10-05T10:48:00,2026-10-05T07:43:00,a44e2b7259fe0554b70ca4e0c4bb2d7a1b8149cb52ea423b5bc3eb4528455255,CURRENT,True
100961,P00961,786b37248b57422426cf91615a3d107a2752450c20e70803f46e1f08175afc83,MEM7000961,GRP1001,OakStreet-South,745-37-2970,Charles,Johnson,1962-10-09,M,+12869271357,7143 Main St,,San Antonio,TX,78205,USA,"7143 Main St, San Antonio, TX 78205, USA",PCP0052,Active,EHR,P00961,ING-PAT-20261005-00961,2026-10-05T10:46:03,2026-10-05T10:48:03,2024-11-04T10:48:03,2026-10-05T10:48:03,2026-10-05T07:46:03,38c741600aebe2d8262053d618c72f0ae4226e5be9d29be60b9eea6c9641d81d,CURRENT,True
100962,P00962,06487fe01e7ec0897f02d032078703ebfd80da7be52fcade3c3bbd527b550fda,MEM7000962,GRP1002,OakStreet-East,733-41-9250,Robert,Johnson,1999-04-14,F,+17176316380,9443 Main St,Apt 224,San Antonio,TX,78205,USA,"9443 Main St Apt 224, San Antonio, TX 78205, USA",PCP0093,Active,EHR,P00962,ING-PAT-20261005-00962,2026-10-05T10:46:06,2026-10-05T10:48:06,2022-02-21T10:48:06,2026-10-05T10:48:06,2026-10-05T08:46:06,be9fe169d687e2010e6820163820060e34a528946bd711a46e18e6710db94ab6,CURRENT,True
100963,P00963,79d82eb4e9acbee35e56aa15ecd36498fb974c2a86200c55c02ee269acf287dc,MEM7000963,GRP1003,OakStreet-Southwest,873-68-1174,Barbara,Rodriguez,1973-05-18,M,+13114568976,8996 Main Rd,,Dallas,TX,75201,USA,"8996 Main Rd, Dallas, TX 75201, USA",PCP0004,Inactive,EHR,P00963,ING-PAT-20261005-00963,2026-10-05T10:46:09,2026-10-05T10:48:09,2025-03-21T10:48:09,2026-10-05T10:48:09,2026-10-05T08:03:09,6e1c41654e06298a24636e9d6e6e65a01bb672b1558c7ddffe1431c53cec771c,CURRENT,True
100964,P00964,34bf545729f497953737bbb022d19b7583bfe0cc41e90c04885ca24b74994ca0,MEM7000964,GRP1004,OakStreet-Central,794-31-6088,Betty,Clark,1955-09-24,F,+17213506678,5306 Park Ave,,Dallas,TX,75201,USA,"5306 Park Ave, Dallas, TX 75201, USA",PCP0021,Active,EHR,P00964,ING-PAT-20261005-00964,2026-10-05T10:46:12,2026-10-05T10:48:12,2025-08-02T10:48:12,2026-10-05T10:48:12,2026-10-05T07:15:12,e0b49a5e75e63432b2ebcae0d97a2bc09503b970684039d037dfbf1738f9e769,CURRENT,True
100965,P00965,71be640bf739c7aa0516e076027a276f5f22bfb3132066428e98986586edb4dd,MEM7000965,GRP1005,OakStreet-South,184-27-1140,William,Clark,1986-07-12,M,+17647773338,2677 Pine Blvd,,Atlanta,GA,30303,USA,"2677 Pine Blvd, Atlanta, GA 30303, USA",PCP0028,Inactive,EHR,P00965,ING-PAT-20261005-00965,2026-10-05T10:46:15,2026-10-05T10:48:15,2023-12-13T10:48:15,2026-10-05T10:48:15,2026-10-05T06:53:15,b5fff0a90b2599b65b3a710cb8c3753d820b57f439eb505d84011a4607777014,CURRENT,True
100966,P00966,70c0c90916713680368475e2c918337ac09d1cc5eee88350302613f658def6de,MEM7000966,GRP1006,OakStreet-East,309-94-8414,Charles,Brown,2002-04-06,M,+16045351435,780 Park Blvd,,Houston,TX,77005,USA,"780 Park Blvd, Houston, TX 77005, USA",PCP0110,Active,EHR,P00966,ING-PAT-20261005-00966,2026-10-05T10:46:18,2026-10-05T10:48:18,2022-06-26T10:48:18,2026-10-05T10:48:18,2026-10-05T10:36:18,59458e49ea6fb770473945af4907ff73e0f6c353a28970de5a8bdadcaeb78e2f,CURRENT,True
100967,P00967,894d304ac0e986e54b877ef6967ff9880286c1c1284197709f6410732a869aa7,MEM7000967,GRP1007,OakStreet-Southwest,180-65-6913,Margaret,Hernandez,1978-08-06,M,+12622515493,1141 Market Blvd,Apt 925,Dallas,TX,75201,USA,"1141 Market Blvd Apt 925, Dallas, TX 75201, USA",PCP0120,Active,EHR,P00967,ING-PAT-20261005-00967,2026-10-05T10:46:21,2026-10-05T10:48:21,2024-07-23T10:48:21,2026-10-05T10:48:21,2026-10-05T06:55:21,05b8d693f0e70d522e29ef74a788ffe38212f5355a00fbb2d234991b66d01f20,CURRENT,True
100968,P00968,5ce987c5a707e150f877a41146cc58790cc433312336a9bc9f0826923a96d197,MEM7000968,GRP1008,OakStreet-Central,634-71-2685,Karen,Anderson,1990-04-12,M,+15232538008,9775 Pine Rd,,Dallas,TX,75201,USA,"9775 Pine Rd, Dallas, TX 75201, USA",PCP0086,Active,EHR,P00968,ING-PAT-20261005-00968,2026-10-05T10:46:24,2026-10-05T10:48:24,2023-03-18T10:48:24,2026-10-05T10:48:24,2026-10-05T08:58:24,d59e36255c938e017ee1515487c46e2f0783e86080699944a14eb8d6dc3f3283,CURRENT,True
100969,P00969,1c5fe475729069b8d960400895fd287ef18ef3a5d0804b055f56cfccd9c0fde8,MEM7000969,GRP1009,OakStreet-South,488-89-4105,Patricia,Perez,1952-01-26,F,+15516061955,9035 Park St,Apt 354,San Antonio,TX,78205,USA,"9035 Park St Apt 354, San Antonio, TX 78205, USA",PCP0084,Active,EHR,P00969,ING-PAT-20261005-00969,2026-10-05T10:46:27,2026-10-05T10:48:27,2024-10-25T10:48:27,2026-10-05T10:48:27,2026-10-05T09:04:27,1624a41dfbc960a471c52b79dd1ca0a6da24725a5476180a1a4dd26e86136884,CURRENT,True
100970,P00970,a1561db0fa20afaf2e193b8eba4ae8d6d6f9e64e8261a2125429ce8b3bdebbf2,MEM7000970,GRP1010,OakStreet-East,512-47-3658,Matthew,Moore,1954-10-06,F,+17503405894,2528 Washington St,,Dallas,TX,75201,USA,"2528 Washington St, Dallas, TX 75201, USA",PCP0103,Active,EHR,P00970,ING-PAT-20261005-00970,2026-10-05T10:46:30,2026-10-05T10:48:30,2024-03-10T10:48:30,2026-10-05T10:48:30,2026-10-05T10:40:30,eec25c5d0d645a1165416679467d3a0486359cefab58f2e83ad629b151fa7ade,CURRENT,True
100971,P00971,0707282859d9395a1a92b4742d14e41530e60c3d5f81bb52e0258dc10e63dde8,MEM7000971,GRP1011,OakStreet-Southwest,597-56-5286,Jennifer,Rodriguez,1976-10-04,M,+19888619063,7659 Park Ave,,Phoenix,AZ,85004,USA,"7659 Park Ave, Phoenix, AZ 85004, USA",PCP0071,Active,EHR,P00971,ING-PAT-20261005-00971,2026-10-05T10:46:33,2026-10-05T10:48:33,2024-03-21T10:48:33,2026-10-05T10:48:33,2026-10-05T09:36:33,f4f282b84f17d8ad0d74d807e1eac26a4e22bd53d3f807388f44a62e4c2f08c0,CURRENT,True
100972,P00972,9b631ef29c2594b011077087d9c71642c72f2d6f265434f1fb80938d4e3e2e9c,MEM7000972,GRP1012,OakStreet-Central,368-89-0774,Jessica,Taylor,1997-12-18,F,+16772154487,5501 Market Ave,Apt 313,Houston,TX,77024,USA,"5501 Market Ave Apt 313, Houston, TX 77024, USA",PCP0052,Active,EHR,P00972,ING-PAT-20261005-00972,2026-10-05T10:46:36,2026-10-05T10:48:36,2023-08-28T10:48:36,2026-10-05T10:48:36,2026-10-05T09:38:36,46c401eccf4dbdc653b466fcd3e2b42acf95f53f39435e24142b8038eebd6d76,CURRENT,True
100973,P00973,33d8d2b2073c663e656c086c03136a09d6ea5633630dd69b42937c430cd27244,MEM7000973,GRP1013,OakStreet-South,286-46-9931,Margaret,White,1958-04-25,F,+12976933003,4710 Oak Rd,,Dallas,TX,75201,USA,"4710 Oak Rd, Dallas, TX 75201, USA",PCP0057,Active,EHR,P00973,ING-PAT-20261005-00973,2026-10-05T10:46:39,2026-10-05T10:48:39,2022-12-31T10:48:39,2026-10-05T10:48:39,2026-10-05T07:19:39,edf4e8f494f9de1ef5f4527761173577ac5048506c1a01cc87d640d6eb15e5c0,CURRENT,True
100974,P00974,6b23c960899561e1198ecc23d1d17d4aec7f25bc1d094b4256758e7c9ed6d910,MEM7000974,GRP1014,OakStreet-East,863-69-8547,William,Martinez,1988-04-26,F,+12665888437,503 Washington Blvd,,Dallas,TX,75201,USA,"503 Washington Blvd, Dallas, TX 75201, USA",PCP0092,Active,EHR,P00974,ING-PAT-20261005-00974,2026-10-05T10:46:42,2026-10-05T10:48:42,2024-10-30T10:48:42,2026-10-05T10:48:42,2026-10-05T07:12:42,a4629ba2f86c170f991381e8f4c25797249146070c530c6835bdd9e0b4401168,CURRENT,True
100975,P00975,52cc1846d95486e675d60dd987f0c37f07f7dc61a01d9df126bca9e59e2013ff,MEM7000975,GRP1015,OakStreet-Southwest,637-39-2447,Jessica,Ramirez,1990-06-15,F,+16433861664,4337 Park Ave,Apt 425,Houston,TX,77005,USA,"4337 Park Ave Apt 425, Houston, TX 77005, USA",PCP0048,Active,EHR,P00975,ING-PAT-20261005-00975,2026-10-05T10:46:45,2026-10-05T10:48:45,2023-09-15T10:48:45,2026-10-05T10:48:45,2026-10-05T07:28:45,4ae493216d93f20d7792b3b216350df7dadc831aed2f409f0f885a787dbc852e,CURRENT,True
100976,P00976,5ab06f74687e78ec7c0a5bdf46a6ebd254858c8ac296387388b64f0d457c71cd,MEM7000976,GRP1016,OakStreet-Central,156-59-0347,Richard,Ramirez,1956-08-03,F,+13705992371,2889 Oak Blvd,,Phoenix,AZ,85004,USA,"2889 Oak Blvd, Phoenix, AZ 85004, USA",PCP0085,Active,EHR,P00976,ING-PAT-20261005-00976,2026-10-05T10:46:48,2026-10-05T10:48:48,2023-08-18T10:48:48,2026-10-05T10:48:48,2026-10-05T08:45:48,220e2c4cbc75b3602df73be3892367c1239f1b4d4ce226ccede3befb4eb2f398,CURRENT,True
100977,P00977,2cda186b49023157a00cb42398167a3309b0a67d0db73bda66242b09848e3494,MEM7000977,GRP1017,OakStreet-South,297-69-6929,Patricia,Garcia,1959-01-11,M,+19347364954,1794 Washington Blvd,,Houston,TX,77002,USA,"1794 Washington Blvd, Houston, TX 77002, USA",PCP0070,Active,EHR,P00977,ING-PAT-20261005-00977,2026-10-05T10:46:51,2026-10-05T10:48:51,2025-02-20T10:48:51,2026-10-05T10:48:51,2026-10-05T07:16:51,9b4ad60aa01fd1be4e15583c655d94428d45d6d0539883668b1e2cdbd28ae245,CURRENT,True
100978,P00978,deeefafbc39b10e334e9775c2d9f6c7a112bd71fe20931d0f1a3741a17f2411c,MEM7000978,GRP1018,OakStreet-East,506-77-4222,William,Ramirez,1951-07-16,F,+18275051133,3245 Main Rd,,Austin,TX,78701,USA,"3245 Main Rd, Austin, TX 78701, USA",PCP0084,Active,EHR,P00978,ING-PAT-20261005-00978,2026-10-05T10:46:54,2026-10-05T10:48:54,2022-11-30T10:48:54,2026-10-05T10:48:54,2026-10-05T10:15:54,2f4ccba5305d91600fd0b400e5f54576bdcee6a7cad2e0f4d299313a3a910d32,CURRENT,True
100979,P00979,7307eb74b62cdb65e55e9cd3ad4d28c86f8dc1a71034a8cc7e2e76edead74a6d,MEM7000979,GRP1019,OakStreet-Southwest,382-98-2887,Anthony,Lee,1991-09-02,M,+18104918919,5523 Pine Blvd,Apt 189,Dallas,TX,75201,USA,"5523 Pine Blvd Apt 189, Dallas, TX 75201, USA",PCP0070,Active,EHR,P00979,ING-PAT-20261005-00979,2026-10-05T10:46:57,2026-10-05T10:48:57,2022-12-16T10:48:57,2026-10-05T10:48:57,2026-10-05T07:10:57,aa509f53308d1d0ac915d13913016d1fa16283935876211bbadd2c81b496bb82,CURRENT,True
100980,P00980,bb1de4e13497cfd2feae0243f38f9f5758db070b24a5155cf9b430f18cd9f654,MEM7000980,GRP1020,OakStreet-Central,661-40-3433,Karen,Taylor,1957-05-23,F,+16407466347,4061 Lake Ave,,Atlanta,GA,30303,USA,"4061 Lake Ave, Atlanta, GA 30303, USA",PCP0009,Active,EHR,P00980,ING-PAT-20261005-00980,2026-10-05T10:47:00,2026-10-05T10:49:00,2023-04-25T10:49:00,2026-10-05T10:49:00,2026-10-05T08:08:00,d633e3bec2f75b00037caedf1c34b72aea99f218c5c1264d89bafaa19b802536,CURRENT,True
100981,P00981,fa517dc8251748a1537b7be8bd897b1a6c2240c2c26723f78ce335f5353b76bb,MEM7000981,GRP1021,OakStreet-South,187-87-9776,Daniel,Lewis,1986-06-11,M,+17728774175,2041 Oak Rd,Apt 871,Houston,TX,77005,USA,"2041 Oak Rd Apt 871, Houston, TX 77005, USA",PCP0005,Active,EHR,P00981,ING-PAT-20261005-00981,2026-10-05T10:47:03,2026-10-05T10:49:03,2022-06-20T10:49:03,2026-10-05T10:49:03,2026-10-05T07:29:03,621f4ff2f3460e2146d192f4dd3f8f4d8ea34cee6b4d96b19e8db05bc4f981d5,CURRENT,True
100982,P00982,dca2858a716ecd143533c9c8febdf42abb56bb46b59937aecbdf9bf6e449bf8e,MEM7000982,GRP1022,OakStreet-East,443-13-6015,Susan,Wilson,2004-02-12,F,+13387683123,641 Main Ave,,Atlanta,GA,30303,USA,"641 Main Ave, Atlanta, GA 30303, USA",PCP0104,Active,EHR,P00982,ING-PAT-20261005-00982,2026-10-05T10:47:06,2026-10-05T10:49:06,2024-07-19T10:49:06,2026-10-05T10:49:06,2026-10-05T07:53:06,3b846123aa0e801e809a2557ae709bb050f8dd2f3cc2ebb33828a2cd6acd5dca,CURRENT,True
100983,P00983,ff0854b03a2d35b5fbe99899458eebacc64d5f9f0637c91b6c2f4bc23daa1abb,MEM7000983,GRP1023,OakStreet-Southwest,195-77-2492,Jennifer,Jones,1984-04-15,M,+17458825753,1925 Main St,Apt 147,Dallas,TX,75201,USA,"1925 Main St Apt 147, Dallas, TX 75201, USA",PCP0111,Active,EHR,P00983,ING-PAT-20261005-00983,2026-10-05T10:47:09,2026-10-05T10:49:09,2022-09-18T10:49:09,2026-10-05T10:49:09,2026-10-05T09:31:09,7192138408031c039d2ca824765a16ade6d74b823d1ea6b4fdb4518dae335726,CURRENT,True
100984,P00984,20833deaab4ed572955763f25fd99d1d34c11ceeb8cd0ac3f4cc0105b120f61c,MEM7000984,GRP1024,OakStreet-Central,678-59-0232,William,Clark,2004-02-01,M,+19762855575,3887 Washington Ave,,Houston,TX,77024,USA,"3887 Washington Ave, Houston, TX 77024, USA",PCP0096,Active,EHR,P00984,ING-PAT-20261005-00984,2026-10-05T10:47:12,2026-10-05T10:49:12,2022-05-21T10:49:12,2026-10-05T10:49:12,2026-10-05T06:58:12,ccc353f3a0e47bad89ef11c05a27d4894796ad1b79f0a7d0b8aaad451c80d233,CURRENT,True
100985,P00985,9f1dc6529cfcb7831a688e32d6d9ff7ee31a8fc41c213873ceadb1d4f9d3ca38,MEM7000985,GRP1025,OakStreet-South,302-39-2961,Karen,Hernandez,1990-01-19,F,+17034636646,6352 Market St,,Orlando,FL,32801,USA,"6352 Market St, Orlando, FL 32801, USA",PCP0075,Active,EHR,P00985,ING-PAT-20261005-00985,2026-10-05T10:47:15,2026-10-05T10:49:15,2024-11-16T10:49:15,2026-10-05T10:49:15,2026-10-05T09:25:15,1049c88f593cb4fa0892f7d58d46b463f0f4f699f05e7f109e8815c8a34982c0,CURRENT,True
100986,P00986,c120c97b645a4b1e36f7c1bbc469c7b4f75c581491912666d8cfd3854fab2ab9,MEM7000986,GRP1026,OakStreet-East,726-31-2086,Sarah,Lewis,1978-04-15,M,+19818435487,1296 Main Blvd,Apt 611,Atlanta,GA,30303,USA,"1296 Main Blvd Apt 611, Atlanta, GA 30303, USA",PCP0099,Active,EHR,P00986,ING-PAT-20261005-00986,2026-10-05T10:47:18,2026-10-05T10:49:18,2024-07-20T10:49:18,2026-10-05T10:49:18,2026-10-05T10:13:18,5b336318aea5ae279011ee879cd8414ee8561601d0cd43f61775e136de89d9a6,CURRENT,True
100987,P00987,6a9fa9411d58dfc50135e2c42225b0f25177929812a606be7c07851787a86834,MEM7000987,GRP1027,OakStreet-Southwest,595-69-3538,Ashley,Thompson,1937-01-01,M,+18468632945,8392 Park Rd,Apt 438,Houston,TX,77024,USA,"8392 Park Rd Apt 438, Houston, TX 77024, USA",PCP0059,Active,EHR,P00987,ING-PAT-20261005-00987,2026-10-05T10:47:21,2026-10-05T10:49:21,2022-01-20T10:49:21,2026-10-05T10:49:21,2026-10-05T08:57:21,9f668f0a2afebc01267991eaaacab58a9f86d190dd45234d52e765cc000f149d,CURRENT,True
100988,P00988,dba572d7d20a43693329bdd5c69661d2d985648dd1e737268e2e8b260a49aee7,MEM7000988,GRP1028,OakStreet-Central,145-84-8828,Matthew,Lopez,1968-06-15,F,+13057101560,4247 Market Ave,,Dallas,TX,75201,USA,"4247 Market Ave, Dallas, TX 75201, USA",PCP0063,Active,EHR,P00988,ING-PAT-20261005-00988,2026-10-05T10:47:24,2026-10-05T10:49:24,2024-10-25T10:49:24,2026-10-05T10:49:24,2026-10-05T10:19:24,f8c7b8053a7cba6a375aee3b7e7a28175e54f67ab868d7a1adaa122d456c323d,CURRENT,True
100989,P00989,3208da8640bb50478573674b97407d87293c4e7b69d8eb4b597b482e31c56217,MEM7000989,GRP1029,OakStreet-South,878-41-3946,Jessica,Perez,1946-03-15,M,+16326342478,2519 Park St,,Orlando,FL,32801,USA,"2519 Park St, Orlando, FL 32801, USA",PCP0114,Active,EHR,P00989,ING-PAT-20261005-00989,2026-10-05T10:47:27,2026-10-05T10:49:27,2022-03-08T10:49:27,2026-10-05T10:49:27,2026-10-05T10:19:27,9e4668c139781eaa854f2d68133017e794c512445bc571efe5b84e47115bd5bc,CURRENT,True
100990,P00990,585b6e5218852afc7dfac5b9280cfcdef864bd6e35b1940997567e40e8411ad4,MEM7000990,GRP1030,OakStreet-East,354-88-2138,Lisa,Perez,1949-02-19,M,+18762751995,5743 Market Ave,,Austin,TX,78701,USA,"5743 Market Ave, Austin, TX 78701, USA",PCP0055,Active,EHR,P00990,ING-PAT-20261005-00990,2026-10-05T10:47:30,2026-10-05T10:49:30,2023-07-26T10:49:30,2026-10-05T10:49:30,2026-10-05T08:26:30,fa8ec23997142c254ce1b266ce08c15bd5ea9bad5b5fd1efd6a05d360c44c456,CURRENT,True
100991,P00991,6088b7ac21aae234388dc446c97e7593e7c5c9d1b1bce7cf5858e2a28ca5fe91,MEM7000991,GRP1031,OakStreet-Southwest,731-61-1527,Mark,Thompson,1947-09-03,M,+14735602419,3582 Oak Blvd,,Houston,TX,77002,USA,"3582 Oak Blvd, Houston, TX 77002, USA",PCP0115,Active,EHR,P00991,ING-PAT-20261005-00991,2026-10-05T10:47:33,2026-10-05T10:49:33,2022-07-29T10:49:33,2026-10-05T10:49:33,2026-10-05T08:00:33,ad2e019c90a5acffd4a6823b44595da9118350bda081f185ed2fe15182d3924a,CURRENT,True
100992,P00992,7927d134ca2414d6af36a0f456c11c865a9f8ff457d86acfe42ff3a78639beca,MEM7000992,GRP1032,OakStreet-Central,256-38-2572,Betty,Jackson,1992-10-25,M,+18569105524,3606 Park St,,Houston,TX,77002,USA,"3606 Park St, Houston, TX 77002, USA",PCP0016,Active,EHR,P00992,ING-PAT-20261005-00992,2026-10-05T10:47:36,2026-10-05T10:49:36,2024-08-28T10:49:36,2026-10-05T10:49:36,2026-10-05T08:00:36,c3648f521a239deff91d3dd1e9074396812d17209571b0291943eba620a858e5,CURRENT,True
100993,P00993,783ec11c16d25b691097afce805e5f555f55eab6beb6a64217d78d4f896dcb8e,MEM7000993,GRP1033,OakStreet-South,690-41-5075,Lisa,Martinez,1995-04-11,F,+14107729153,5722 Washington St,Apt 662,Houston,TX,77005,USA,"5722 Washington St Apt 662, Houston, TX 77005, USA",PCP0024,Active,EHR,P00993,ING-PAT-20261005-00993,2026-10-05T10:47:39,2026-10-05T10:49:39,2024-12-13T10:49:39,2026-10-05T10:49:39,2026-10-05T10:42:39,b49e21186d6091df8555679eb109e73444a467d1ba4fecc29fb6d9bf0efea2d6,CURRENT,True
100994,P00994,93be78ae160b42f3ba773247468a3ae09397fe79c9f9bebca780f339b205e304,MEM7000994,GRP1034,OakStreet-East,224-26-4265,Richard,Gonzalez,1976-12-23,M,+13286723125,3183 Main Rd,,San Antonio,TX,78205,USA,"3183 Main Rd, San Antonio, TX 78205, USA",PCP0077,Active,EHR,P00994,ING-PAT-20261005-00994,2026-10-05T10:47:42,2026-10-05T10:49:42,2025-05-16T10:49:42,2026-10-05T10:49:42,2026-10-05T07:30:42,c7f65d6057baea2710b462ef81e0072dfb6955b67c608a999f7d54b2d13d7def,CURRENT,True
100995,P00995,36e00aa1300b39fb337e70b9caaa097e9dcba85912024db53fb66b15616d662b,MEM7000995,GRP1035,OakStreet-Southwest,195-93-8991,Michael,Taylor,1943-07-28,F,+17579435427,2028 Lake St,,San Antonio,TX,78205,USA,"2028 Lake St, San Antonio, TX 78205, USA",PCP0079,Active,EHR,P00995,ING-PAT-20261005-00995,2026-10-05T10:47:45,2026-10-05T10:49:45,2023-03-20T10:49:45,2026-10-05T10:49:45,2026-10-05T07:07:45,f4c7ea0510edf11a6729df783c081965dfec52d108ce53bed603c3c53a553e1f,CURRENT,True
100996,P00996,dd96297c7d561a1da324a0cd61f89cd80a7e749b2ae001830b8c46240d7d0acf,MEM7000996,GRP1036,OakStreet-Central,624-31-1811,Margaret,Rodriguez,2000-07-28,M,+13843591660,6314 Market Rd,,Dallas,TX,75201,USA,"6314 Market Rd, Dallas, TX 75201, USA",PCP0031,Inactive,EHR,P00996,ING-PAT-20261005-00996,2026-10-05T10:47:48,2026-10-05T10:49:48,2023-09-02T10:49:48,2026-10-05T10:49:48,2026-10-05T07:37:48,99defde638f27b5c4628cdcd77f411cb8d040aae4f16fad23bde197817d7151f,CURRENT,True
100997,P00997,5d7dea15c6b041debf72cd5d8c87d6084c377ba6fbbfaf9a2195ef518b3d19e7,MEM7000997,GRP1037,OakStreet-South,559-67-4617,Margaret,Anderson,1986-11-27,M,+19622814714,7947 Lake Ave,,San Antonio,TX,78205,USA,"7947 Lake Ave, San Antonio, TX 78205, USA",PCP0094,Active,EHR,P00997,ING-PAT-20261005-00997,2026-10-05T10:47:51,2026-10-05T10:49:51,2023-12-06T10:49:51,2026-10-05T10:49:51,2026-10-05T07:19:51,de592b642ec052f8995e2980f32bd829bbe4474231952bf76bb113d3f878d145,CURRENT,True
100998,P00998,efcbcfe357faf853af88d74884aa16c7926957d02067ba150db449e6993e4ddc,MEM7000998,GRP1038,OakStreet-East,756-46-6792,Nancy,Jackson,1950-03-09,F,+15233127151,3482 Oak Blvd,,Houston,TX,77002,USA,"3482 Oak Blvd, Houston, TX 77002, USA",PCP0010,Active,EHR,P00998,ING-PAT-20261005-00998,2026-10-05T10:47:54,2026-10-05T10:49:54,2022-01-30T10:49:54,2026-10-05T10:49:54,2026-10-05T10:15:54,ef571e64420b402969246a1fa9c3c1c4eb140a1859107106767f18e1f68043e9,CURRENT,True
100999,P00999,a2ec4bd58f76c68555c556b8dc1c7530c26dcb624492810115d9c28f82717dde,MEM7000999,GRP1039,OakStreet-Southwest,654-76-7571,Charles,Garcia,1992-07-02,M,+17644484410,7352 Pine Rd,,Atlanta,GA,30303,USA,"7352 Pine Rd, Atlanta, GA 30303, USA",PCP0044,Active,EHR,P00999,ING-PAT-20261005-00999,2026-10-05T10:47:57,2026-10-05T10:49:57,2022-06-29T10:49:57,2026-10-05T10:49:57,2026-10-05T10:33:57,bd64e796240d4785e0d2235c6f9f0a3e62ec08a5bca07b57ee4a9bc464ac5a4f,CURRENT,True
101000,P01000,f7a0e6369192fc178dcf32c888879b12f4bd9a0563eabcc37053e973b05368b2,MEM7001000,GRP1000,OakStreet-Central,219-17-5759,Jessica,Smith,1989-03-04,F,+17835866500,8540 Oak Blvd,,Phoenix,AZ,85004,USA,"8540 Oak Blvd, Phoenix, AZ 85004, USA",PCP0119,Active,EHR,P01000,ING-PAT-20261005-01000,2026-10-05T10:48:00,2026-10-05T10:50:00,2024-06-07T10:50:00,2026-10-05T10:50:00,2026-10-05T08:01:00,26fc59e80ea4ecedc7c13c81d7ec4948c157a7a45887f70e3e746098244d4ea1,CURRENT,True
101001,P01001,53772f427bb4e27c6792a4307451a4cc220316df2326552f516f32c19ffc78bf,MEM7001001,GRP1001,OakStreet-South,642-29-1014,Nancy,Jackson,1958-06-28,M,+17437147479,4223 Main St,Apt 957,Atlanta,GA,30303,USA,"4223 Main St Apt 957, Atlanta, GA 30303, USA",PCP0097,Active,EHR,P01001,ING-PAT-20261005-01001,2026-10-05T10:48:03,2026-10-05T10:50:03,2023-08-19T10:50:03,2026-10-05T10:50:03,2026-10-05T07:40:03,ece5f0cdb644d454bc5d12f653f0a7484bc03aaba4f39a1c531654d137ca405f,CURRENT,True
101002,P01002,c421599bcc304ac5d0ddd2a84b1c3d1da2c0068c0ccd1ee62e36ce7f9afde6f9,MEM7001002,GRP1002,OakStreet-East,164-16-3664,Ashley,Gonzalez,1993-10-25,M,+13394333031,2927 Market Rd,,Dallas,TX,75201,USA,"2927 Market Rd, Dallas, TX 75201, USA",PCP0071,Active,EHR,P01002,ING-PAT-20261005-01002,2026-10-05T10:48:06,2026-10-05T10:50:06,2023-05-02T10:50:06,2026-10-05T10:50:06,2026-10-05T08:46:06,6d7b2361e4b7a25568a34e8e79973db3c8b1ebe4711e9ca4ef18c7e9b221593b,CURRENT,True
101003,P01003,8c3f0e2b482b77fe9600c00dc0eea29ff3a51c17cf1ec2bfcb6ac7a33f4b0092,MEM7001003,GRP1003,OakStreet-Southwest,229-23-1803,Betty,Brown,1963-01-04,M,+19782963580,5534 Oak Rd,,San Antonio,TX,78205,USA,"5534 Oak Rd, San Antonio, TX 78205, USA",PCP0024,Active,EHR,P01003,ING-PAT-20261005-01003,2026-10-05T10:48:09,2026-10-05T10:50:09,2021-12-22T10:50:09,2026-10-05T10:50:09,2026-10-05T07:16:09,6c849e816f6190ce930aaa822013db9a4beadf7d71e4f7de50459989514fc3df,CURRENT,True
101004,P01004,293ee7f34bda0ad075062db409915801b3feee55918234201b36f48ff40b28dd,MEM7001004,GRP1004,OakStreet-Central,777-91-6624,Elizabeth,Ramirez,1939-11-02,M,+16692648889,6461 Main Ave,Apt 161,Houston,TX,77002,USA,"6461 Main Ave Apt 161, Houston, TX 77002, USA",PCP0011,Active,EHR,P01004,ING-PAT-20261005-01004,2026-10-05T10:48:12,2026-10-05T10:50:12,2023-06-10T10:50:12,2026-10-05T10:50:12,2026-10-05T10:41:12,e9930846818a2a4a32e9f4629077ad8ace0ef6068cab14b37a5c8068349d848a,CURRENT,True
101005,P01005,7f71960f312e2c137c573e31fc35a251558d27150811ec902c0324394f70666e,MEM7001005,GRP1005,OakStreet-South,330-81-5868,Charles,Jackson,2000-01-15,M,+19492987332,6753 Pine Blvd,,San Antonio,TX,78205,USA,"6753 Pine Blvd, San Antonio, TX 78205, USA",PCP0071,Active,EHR,P01005,ING-PAT-20261005-01005,2026-10-05T10:48:15,2026-10-05T10:50:15,2021-12-12T10:50:15,2026-10-05T10:50:15,2026-10-05T08:35:15,3606b8b088f98085762960cdd92ea811b43596c2933d3d2b3599dc1ebe15151a,CURRENT,True
101006,P01006,f1d75cbdb25517f680c78776342233c3534b9b32748e6a798f390cc15c5a8c30,MEM7001006,GRP1006,OakStreet-East,850-23-4962,Richard,Lewis,1969-10-11,F,+14253891438,9560 Lake Rd,,Houston,TX,77005,USA,"9560 Lake Rd, Houston, TX 77005, USA",PCP0044,Active,EHR,P01006,ING-PAT-20261005-01006,2026-10-05T10:48:18,2026-10-05T10:50:18,2022-05-07T10:50:18,2026-10-05T10:50:18,2026-10-05T07:49:18,2210d0b6c4fc042342e0cc8f23d5419e8b7af59112266ba12487e94b12ce4bec,CURRENT,True
101007,P01007,4707049e7f0560f3402513526cbd2241bfca63df3d9d3ca79c9dcb6339fd9415,MEM7001007,GRP1007,OakStreet-Southwest,180-65-0449,Nancy,Gonzalez,1959-07-08,F,+15803123229,9232 Washington St,,Houston,TX,77005,USA,"9232 Washington St, Houston, TX 77005, USA",PCP0033,Active,EHR,P01007,ING-PAT-20261005-01007,2026-10-05T10:48:21,2026-10-05T10:50:21,2024-09-01T10:50:21,2026-10-05T10:50:21,2026-10-05T10:26:21,421ceaab3a832f94113137fb44948be9e50b2975a439473a135ec901f3b58b04,CURRENT,True
101008,P01008,d8587872eb2810dfa953bdcb4e5a06acb809710d306e7e41cf5f2f9e2545e67a,MEM7001008,GRP1008,OakStreet-Central,470-35-2287,Karen,Davis,1967-08-27,M,+16966503901,1952 Main Blvd,,Phoenix,AZ,85004,USA,"1952 Main Blvd, Phoenix, AZ 85004, USA",PCP0077,Active,EHR,P01008,ING-PAT-20261005-01008,2026-10-05T10:48:24,2026-10-05T10:50:24,2024-02-03T10:50:24,2026-10-05T10:50:24,2026-10-05T10:46:24,512814a0f8e3f92121b120fc9926f670acafab22230a26133f888a64d017260a,CURRENT,True
101009,P01009,441b1eb107d83ab038a0bb8550a7dcb4aa9ef645750c3c0e7ac3562c7e7537e9,MEM7001009,GRP1009,OakStreet-South,264-99-2948,Linda,Jones,1981-05-15,F,+12929536837,2803 Washington St,,Houston,TX,77024,USA,"2803 Washington St, Houston, TX 77024, USA",PCP0011,Active,EHR,P01009,ING-PAT-20261005-01009,2026-10-05T10:48:27,2026-10-05T10:50:27,2022-05-22T10:50:27,2026-10-05T10:50:27,2026-10-05T08:04:27,ea39ceec638e3e258898d2f17ae36a1a2a2a2d761afd5cf1ea835d30e5176777,CURRENT,True
101010,P01010,b9ddf872ac7c0b4a2560618cc75d04c95ac456d93a0f778ba649c0e9005a479b,MEM7001010,GRP1010,OakStreet-East,517-13-8840,John,Hernandez,2002-03-26,F,+17439333843,8902 Main Blvd,,Phoenix,AZ,85004,USA,"8902 Main Blvd, Phoenix, AZ 85004, USA",PCP0045,Active,EHR,P01010,ING-PAT-20261005-01010,2026-10-05T10:48:30,2026-10-05T10:50:30,2025-07-10T10:50:30,2026-10-05T10:50:30,2026-10-05T08:16:30,e920393e9b585bd8598288c4c4ff1824022e80f2f11b193ea1477c1fd91c8bff,CURRENT,True
101011,P01011,2afe31c9aef046610725819ac73fcd00ebc75963a4f0f44041ca02b866e8b72c,MEM7001011,GRP1011,OakStreet-Southwest,545-92-1567,Nancy,Wilson,1993-07-09,M,+14952201647,6354 Market Ave,,Houston,TX,77024,USA,"6354 Market Ave, Houston, TX 77024, USA",PCP0096,Active,EHR,P01011,ING-PAT-20261005-01011,2026-10-05T10:48:33,2026-10-05T10:50:33,2025-04-08T10:50:33,2026-10-05T10:50:33,2026-10-05T08:57:33,8589002a2c07a9021160f433562cf89a868b5100dbfe68a05076ed08c826d22a,CURRENT,True
101012,P01012,dd1ab38286eecc2edf9a86fc5d8a52415ff173d5833ca86307de1885c5d088ba,MEM7001012,GRP1012,OakStreet-Central,389-68-2815,Joseph,Gonzalez,1971-06-05,M,+14955433776,6684 Park St,,Austin,TX,78701,USA,"6684 Park St, Austin, TX 78701, USA",PCP0073,Active,EHR,P01012,ING-PAT-20261005-01012,2026-10-05T10:48:36,2026-10-05T10:50:36,2024-04-12T10:50:36,2026-10-05T10:50:36,2026-10-05T09:47:36,1d5bfdf5fd1cabaf59b9cd738c0cbdf9ed103f64343dd3fb69a9c4bd144a305b,CURRENT,True
101013,P01013,a91f50c5bbeea5aaa6c35e51754adb7c3db37c71d658c8d45794e61d473d7040,MEM7001013,GRP1013,OakStreet-South,598-42-3741,Mary,Rodriguez,1937-08-11,M,+16816356900,1341 Main Rd,,Dallas,TX,75201,USA,"1341 Main Rd, Dallas, TX 75201, USA",PCP0068,Active,EHR,P01013,ING-PAT-20261005-01013,2026-10-05T10:48:39,2026-10-05T10:50:39,2025-07-07T10:50:39,2026-10-05T10:50:39,2026-10-05T10:29:39,b2125c989e30b9de42ee2c595e8d1d0c2f8a1f4ae2441190b683227a1794d9f5,CURRENT,True
101014,P01014,60409d7e0f012c341277a1a61ef1291b6938eb5dc45ac30e92e7dd5574ae6086,MEM7001014,GRP1014,OakStreet-East,201-50-7024,Mary,Smith,1999-01-27,M,+16663075972,5603 Market Rd,,Atlanta,GA,30303,USA,"5603 Market Rd, Atlanta, GA 30303, USA",PCP0031,Active,EHR,P01014,ING-PAT-20261005-01014,2026-10-05T10:48:42,2026-10-05T10:50:42,2025-11-22T10:50:42,2026-10-05T10:50:42,2026-10-05T08:13:42,69f3f66b8f0b624b495d172f367d0565ac02feb829df6c64c9cd7d19c96be560,CURRENT,True
101015,P01015,1c7d255336865ab13b4a30fd9fbfb1c717269c42be654518c6454fcaec8b5ea4,MEM7001015,GRP1015,OakStreet-Southwest,418-13-8932,Jennifer,Wilson,1997-12-24,F,+13469611317,9485 Oak St,,Austin,TX,78701,USA,"9485 Oak St, Austin, TX 78701, USA",PCP0021,Active,EHR,P01015,ING-PAT-20261005-01015,2026-10-05T10:48:45,2026-10-05T10:50:45,2025-04-22T10:50:45,2026-10-05T10:50:45,2026-10-05T07:07:45,20479a336777670f88bce0d6bbe547e8a8619ff0e86ea6f009e726bcefc0fd11,CURRENT,True
101016,P01016,2385a2e4ff98edf08a3e17f5120b68b4a830274586f0742dcd9cff9d9e9828ef,MEM7001016,GRP1016,OakStreet-Central,220-95-6636,Joseph,Perez,1965-07-20,F,+14025363891,1239 Park Blvd,,Orlando,FL,32801,USA,"1239 Park Blvd, Orlando, FL 32801, USA",PCP0092,Active,EHR,P01016,ING-PAT-20261005-01016,2026-10-05T10:48:48,2026-10-05T10:50:48,2023-03-05T10:50:48,2026-10-05T10:50:48,2026-10-05T09:27:48,e6eead564c2bb6c80e58eefb5fcbce3833303d0660a0e9319b4c24ef6abcff54,CURRENT,True
101017,P01017,7e1a99e2068597a3759b989ba6f5c8cff3ab91cae7d799b375f71618cb7e2768,MEM7001017,GRP1017,OakStreet-South,839-97-0045,Daniel,Jackson,1999-08-01,F,+18842084630,7058 Lake Blvd,Apt 333,Chicago,IL,60601,USA,"7058 Lake Blvd Apt 333, Chicago, IL 60601, USA",PCP0094,Active,EHR,P01017,ING-PAT-20261005-01017,2026-10-05T10:48:51,2026-10-05T10:50:51,2025-10-31T10:50:51,2026-10-05T10:50:51,2026-10-05T08:27:51,edfe5768a467b81f6c56f502799b6ff12e88cc203d07f5c6fb1a47632cbfc108,CURRENT,True
101018,P01018,5ae7c3dcf791c67e7a070865b3caf8f757e830b4c0eaa9d2109c3e7e08c3a685,MEM7001018,GRP1018,OakStreet-East,352-23-5973,Susan,Taylor,1940-04-10,F,+12929459099,107 Pine Blvd,,Chicago,IL,60601,USA,"107 Pine Blvd, Chicago, IL 60601, USA",PCP0008,Active,EHR,P01018,ING-PAT-20261005-01018,2026-10-05T10:48:54,2026-10-05T10:50:54,2025-03-22T10:50:54,2026-10-05T10:50:54,2026-10-05T08:53:54,fd1cdfa35548db02afb065bd8d6e0abe7d119744645b92d1f8b7d583ccb9bacd,CURRENT,True
101019,P01019,b6a5d694de20136c5c029e4311ab7324fc358f583810600e3bf23fcfa7d44159,MEM7001019,GRP1019,OakStreet-Southwest,759-81-7434,James,Miller,1946-01-26,F,+15184835373,5736 Park Ave,Apt 399,Orlando,FL,32801,USA,"5736 Park Ave Apt 399, Orlando, FL 32801, USA",PCP0092,Active,EHR,P01019,ING-PAT-20261005-01019,2026-10-05T10:48:57,2026-10-05T10:50:57,2022-02-15T10:50:57,2026-10-05T10:50:57,2026-10-05T09:14:57,54c2cbc4f014912a1c04d8149b8eae1e57ebf3f1be0118875f5c690566912ab6,CURRENT,True
101020,P01020,7301f53b245c55ceaef2e7a79e8ef5e2e87ca0f96099fa05dd189eb3bf9ab6d0,MEM7001020,GRP1020,OakStreet-Central,177-49-5480,Steven,Taylor,1987-11-20,F,+12605248204,9685 Park Blvd,,Houston,TX,77002,USA,"9685 Park Blvd, Houston, TX 77002, USA",PCP0036,Active,EHR,P01020,ING-PAT-20261005-01020,2026-10-05T10:49:00,2026-10-05T10:51:00,2022-09-03T10:51:00,2026-10-05T10:51:00,2026-10-05T10:48:00,bce8d3bc1e75cb0ad482aac48e0ede1d4fc7cf2a5cfa29501c129152918328c7,CURRENT,True
101021,P01021,5f9a7cb7d02bc1df7fb4ab868073e6bb39102044c8cd4bf86fcea71707b40fa5,MEM7001021,GRP1021,OakStreet-South,377-27-8722,Nancy,Wilson,1941-04-01,M,+16085907091,4330 Park St,,Phoenix,AZ,85004,USA,"4330 Park St, Phoenix, AZ 85004, USA",PCP0065,Active,EHR,P01021,ING-PAT-20261005-01021,2026-10-05T10:49:03,2026-10-05T10:51:03,2023-04-22T10:51:03,2026-10-05T10:51:03,2026-10-05T09:59:03,1397a60c85d6010537927c41488d3d930ac41b1eed0b4029360eeba88aa5981a,CURRENT,True
101022,P01022,0b6d4db375491fbe847a5230c4ce0767d0da7732104588e46f2f2a7ca9e1210a,MEM7001022,GRP1022,OakStreet-East,412-97-6343,Nancy,Ramirez,1998-03-16,F,+15122189987,8496 Washington St,,Houston,TX,77005,USA,"8496 Washington St, Houston, TX 77005, USA",PCP0052,Active,EHR,P01022,ING-PAT-20261005-01022,2026-10-05T10:49:06,2026-10-05T10:51:06,2021-12-09T10:51:06,2026-10-05T10:51:06,2026-10-05T09:47:06,a7df4366ed90872c290c9df09d4651fe1741cb31e0aff587539cf70918e0a667,CURRENT,True
101023,P01023,727da57100633e349e649b9e756ebcd44daa1c8c226a67a137060d7fc7e5583f,MEM7001023,GRP1023,OakStreet-Southwest,806-37-0506,Mark,Lopez,1981-08-19,M,+18832322989,1290 Park Blvd,,Phoenix,AZ,85004,USA,"1290 Park Blvd, Phoenix, AZ 85004, USA",PCP0095,Active,EHR,P01023,ING-PAT-20261005-01023,2026-10-05T10:49:09,2026-10-05T10:51:09,2024-06-08T10:51:09,2026-10-05T10:51:09,2026-10-05T10:41:09,cd9b8492e8437f514e0a93ae761c9b5e7a7ab26170cce248356b64d665380e59,CURRENT,True
101024,P01024,66a0760885f923197e3d0021afe5512ffe9f78c070b1f675e61c0ae6585c6f89,MEM7001024,GRP1024,OakStreet-Central,488-53-3875,Anthony,Gonzalez,1947-04-25,M,+14815785363,4127 Washington Rd,,Orlando,FL,32801,USA,"4127 Washington Rd, Orlando, FL 32801, USA",PCP0066,Active,EHR,P01024,ING-PAT-20261005-01024,2026-10-05T10:49:12,2026-10-05T10:51:12,2022-10-10T10:51:12,2026-10-05T10:51:12,2026-10-05T08:10:12,c11f49a6d96d025be5beaef883cf52c1e20d136952e0d9b24deff15c2fdbe322,CURRENT,True
101025,P01025,27f68ead70a8f05c3c42ebacf3eda2b09fbe95a300a1397112a5ee7a392f83b8,MEM7001025,GRP1025,OakStreet-South,751-72-3843,Charles,Miller,1955-02-17,F,+12238864920,6420 Park Ave,,Chicago,IL,60601,USA,"6420 Park Ave, Chicago, IL 60601, USA",PCP0118,Active,EHR,P01025,ING-PAT-20261005-01025,2026-10-05T10:49:15,2026-10-05T10:51:15,2023-03-08T10:51:15,2026-10-05T10:51:15,2026-10-05T10:06:15,401932cd5584621be72687f16dd131f3d626b8ef200c0c6d8208835d9eb4fc01,CURRENT,True
101026,P01026,4b779783fd09a7b2bd03c54c87769571838ad7801d212ce5357436f3110eb417,MEM7001026,GRP1026,OakStreet-East,364-97-1682,Steven,Hernandez,1952-01-17,M,+17257007580,1517 Oak Blvd,Apt 707,Phoenix,AZ,85004,USA,"1517 Oak Blvd Apt 707, Phoenix, AZ 85004, USA",PCP0086,Active,EHR,P01026,ING-PAT-20261005-01026,2026-10-05T10:49:18,2026-10-05T10:51:18,2024-03-12T10:51:18,2026-10-05T10:51:18,2026-10-05T07:00:18,bc608df0b41f8c4a29a4658e3009d124e349903b89dbcca62b74523b26f59b02,CURRENT,True
101027,P01027,dd001a8e2648fd350d3648de134b39b75d7ffe0e60af3dd521222953d3f23d4e,MEM7001027,GRP1027,OakStreet-Southwest,554-96-0429,Richard,Lee,1947-02-25,M,+19762547075,6388 Lake Rd,,Chicago,IL,60601,USA,"6388 Lake Rd, Chicago, IL 60601, USA",PCP0085,Inactive,EHR,P01027,ING-PAT-20261005-01027,2026-10-05T10:49:21,2026-10-05T10:51:21,2022-10-22T10:51:21,2026-10-05T10:51:21,2026-10-05T08:56:21,8b0f05ee90b4824a60589773b8d043228546af32a6e50984b916db879994bcbe,CURRENT,True
101028,P01028,51dd3dd8097607e8f836a6eada4d00f542fc6a2a2ddf15f6d338e13bb7c02660,MEM7001028,GRP1028,OakStreet-Central,859-97-4066,Betty,Sanchez,1987-01-02,F,+15619733278,198 Pine St,,Austin,TX,78701,USA,"198 Pine St, Austin, TX 78701, USA",PCP0104,Active,EHR,P01028,ING-PAT-20261005-01028,2026-10-05T10:49:24,2026-10-05T10:51:24,2022-08-15T10:51:24,2026-10-05T10:51:24,2026-10-05T09:20:24,46a76f95c1c26cfdc91d7ecbcfeec4e0112335c5c77d65e09e54fdca18fd022a,CURRENT,True
101029,P01029,3812728b43b5079679b1f4eaecff1f25850cccc14a70ea38d8828dcfebe11ef7,MEM7001029,GRP1029,OakStreet-South,340-11-3427,Barbara,Robinson,1986-06-28,M,+18904278958,9182 Oak Blvd,,Orlando,FL,32801,USA,"9182 Oak Blvd, Orlando, FL 32801, USA",PCP0014,Active,EHR,P01029,ING-PAT-20261005-01029,2026-10-05T10:49:27,2026-10-05T10:51:27,2022-06-06T10:51:27,2026-10-05T10:51:27,2026-10-05T08:32:27,ce966b5cca8eae4ab8921ed69a040011691281be7cd448f77388f19fa287d0a4,CURRENT,True
101030,P01030,3b79dff6e0cb1e5614216a34f3cb00b7743e5f9650b8e4032eda5d0e81b79a73,MEM7001030,GRP1030,OakStreet-East,624-25-3470,Michael,Davis,1983-10-20,M,+12307974022,1697 Oak Blvd,,Chicago,IL,60601,USA,"1697 Oak Blvd, Chicago, IL 60601, USA",PCP0096,Active,EHR,P01030,ING-PAT-20261005-01030,2026-10-05T10:49:30,2026-10-05T10:51:30,2024-04-07T10:51:30,2026-10-05T10:51:30,2026-10-05T08:45:30,b1a4ee54a52b4b55617453bcda56f944bc31d9554e7c6804b6b730e1d122c126,CURRENT,True
101031,P01031,300a6b5116030d9cb35e1aa1954baf28ba9e34107980e2ea01f8e4eb52699e04,MEM7001031,GRP1031,OakStreet-Southwest,599-67-3253,Mark,Hernandez,1990-02-22,M,+12414516862,4829 Oak Ave,,Chicago,IL,60601,USA,"4829 Oak Ave, Chicago, IL 60601, USA",PCP0033,Active,EHR,P01031,ING-PAT-20261005-01031,2026-10-05T10:49:33,2026-10-05T10:51:33,2024-12-18T10:51:33,2026-10-05T10:51:33,2026-10-05T08:24:33,0c590417eb0fac5c9c3c5c1c28a42428a0cac132d64db792c3ac6842e6de9a91,CURRENT,True
101032,P01032,2ea60caae79de285af529e7a294e10624160aba948e077adc85e7f84dc4ebe1e,MEM7001032,GRP1032,OakStreet-Central,157-63-4100,Elizabeth,Smith,1986-03-08,F,+19188189127,6332 Washington St,,Houston,TX,77024,USA,"6332 Washington St, Houston, TX 77024, USA",PCP0028,Active,EHR,P01032,ING-PAT-20261005-01032,2026-10-05T10:49:36,2026-10-05T10:51:36,2025-08-27T10:51:36,2026-10-05T10:51:36,2026-10-05T08:43:36,18dfaa3017657ebf85a7d7523d1efdae7c56ea15793ec6907ced08e1597e4b39,CURRENT,True
101033,P01033,315ba32b55dbe48e29b52defe8941a3fd7aa345c0d67e505e009f7b2fba89999,MEM7001033,GRP1033,OakStreet-South,318-12-0568,Karen,Clark,1936-06-25,M,+17709437136,9045 Park Rd,Apt 294,Atlanta,GA,30303,USA,"9045 Park Rd Apt 294, Atlanta, GA 30303, USA",PCP0090,Active,EHR,P01033,ING-PAT-20261005-01033,2026-10-05T10:49:39,2026-10-05T10:51:39,2023-12-17T10:51:39,2026-10-05T10:51:39,2026-10-05T09:03:39,fed67288f6ecc0ff3f74983ba91d2f5eb02e78e193a2d57abdde2cb38e2f1364,CURRENT,True
101034,P01034,6dec2c1f2025566c71c7fe7df7dbf75f36fc2211638cbbdf09e7958780e57102,MEM7001034,GRP1034,OakStreet-East,502-94-1570,Sarah,White,2002-01-27,F,+12475341303,1845 Oak Rd,,Phoenix,AZ,85004,USA,"1845 Oak Rd, Phoenix, AZ 85004, USA",PCP0027,Active,EHR,P01034,ING-PAT-20261005-01034,2026-10-05T10:49:42,2026-10-05T10:51:42,2023-02-08T10:51:42,2026-10-05T10:51:42,2026-10-05T10:06:42,d4cd8b3f26c13c57e791822fefb2c5fcb1e854b05111dc6afec1e25000f7c061,CURRENT,True
101035,P01035,af26a96ef9dd1d8cd496e4d5e1a972f321cd202821959b9f54c68b0cd7dfcf8f,MEM7001035,GRP1035,OakStreet-Southwest,532-67-2283,Lisa,Martin,1994-07-17,F,+16166969705,4980 Park Blvd,,San Antonio,TX,78205,USA,"4980 Park Blvd, San Antonio, TX 78205, USA",PCP0001,Inactive,EHR,P01035,ING-PAT-20261005-01035,2026-10-05T10:49:45,2026-10-05T10:51:45,2021-10-31T10:51:45,2026-10-05T10:51:45,2026-10-05T10:18:45,de6514fdae9bef828b30a3508f066f06c74538255306fe5aee0c3629c582e881,CURRENT,True
101036,P01036,c3b7bf7552f8c155ce4b527a22e808ab90fbb870ccca7c610fdd03f92b678836,MEM7001036,GRP1036,OakStreet-Central,445-59-0286,Thomas,Davis,1948-08-09,M,+16449809958,8691 Market St,Apt 452,Chicago,IL,60601,USA,"8691 Market St Apt 452, Chicago, IL 60601, USA",PCP0042,Active,EHR,P01036,ING-PAT-20261005-01036,2026-10-05T10:49:48,2026-10-05T10:51:48,2025-09-29T10:51:48,2026-10-05T10:51:48,2026-10-05T07:20:48,376d068ec7dd5f4eb9bc3f5dc7ff5d53e4ba23c0cf5aa2291b9db9812cb9fbfc,CURRENT,True
101037,P01037,4e82450d53c6680b56c234b4d8a81e262e00a87a26b7e1a3dd3d82d3c85a2db9,MEM7001037,GRP1037,OakStreet-South,504-21-8739,Sarah,Garcia,1977-05-01,M,+18793734481,9211 Pine Rd,,Chicago,IL,60601,USA,"9211 Pine Rd, Chicago, IL 60601, USA",PCP0120,Active,EHR,P01037,ING-PAT-20261005-01037,2026-10-05T10:49:51,2026-10-05T10:51:51,2022-08-20T10:51:51,2026-10-05T10:51:51,2026-10-05T07:18:51,e1f27b01527319bc5332c4e62350dab05a132d42cf19614ddfd44d0829f31196,CURRENT,True
101038,P01038,1c13f40aef6941e4d0228701a5a1471778fa8b22e52ef88ce0522f6e84f9bf4d,MEM7001038,GRP1038,OakStreet-East,585-32-7531,William,Martin,1961-12-15,M,+15924825762,2581 Market Blvd,,Atlanta,GA,30303,USA,"2581 Market Blvd, Atlanta, GA 30303, USA",PCP0061,Active,EHR,P01038,ING-PAT-20261005-01038,2026-10-05T10:49:54,2026-10-05T10:51:54,2025-10-09T10:51:54,2026-10-05T10:51:54,2026-10-05T08:20:54,4ff92c5168dd558774f8c9cd6a707649be44cab3313f3c06d8a6e72eb7ecc3f8,CURRENT,True
101039,P01039,34edecbbde0e40d5587504bd9979e2c47a6e450aae08ef6129359d5a36d1d447,MEM7001039,GRP1039,OakStreet-Southwest,762-34-8824,Mark,Lewis,1997-05-22,F,+19673893104,9515 Market Blvd,,Houston,TX,77024,USA,"9515 Market Blvd, Houston, TX 77024, USA",PCP0077,Active,EHR,P01039,ING-PAT-20261005-01039,2026-10-05T10:49:57,2026-10-05T10:51:57,2022-11-22T10:51:57,2026-10-05T10:51:57,2026-10-05T07:41:57,50419ec5a82499db1fe00448a39ca48524aa95914b46a6ae50e52286ce8d2e26,CURRENT,True
101040,P01040,47e6b96336fd149846cead752a3833da964dc44d682681f1021e2ddbc4b19b63,MEM7001040,GRP1000,OakStreet-Central,672-88-4884,Karen,Lee,1996-04-08,F,+17054855597,1645 Lake St,,Orlando,FL,32801,USA,"1645 Lake St, Orlando, FL 32801, USA",PCP0003,Active,EHR,P01040,ING-PAT-20261005-01040,2026-10-05T10:50:00,2026-10-05T10:52:00,2024-04-20T10:52:00,2026-10-05T10:52:00,2026-10-05T07:24:00,c6e0b5fc20fcb5acc861b77610928811f43e38582bdccbdf22f662a810044e86,CURRENT,True
101041,P01041,1f5f072ade4d25fff7682c52d4220498bd989d8e7373aee1d1fac41886d68a48,MEM7001041,GRP1001,OakStreet-South,771-67-7921,Richard,Garcia,1958-01-26,M,+12183796496,4463 Pine St,,Houston,TX,77024,USA,"4463 Pine St, Houston, TX 77024, USA",PCP0002,Active,EHR,P01041,ING-PAT-20261005-01041,2026-10-05T10:50:03,2026-10-05T10:52:03,2025-03-31T10:52:03,2026-10-05T10:52:03,2026-10-05T07:02:03,5d9300bc36bb57c5a669bcf08d1d5f9255d0d63cdf0faa63ea0b1b927b90c8c5,CURRENT,True
101042,P01042,5783aa1aa5016141cedd5328d264affb7be00b5e0669d24d27ede1d440070c00,MEM7001042,GRP1002,OakStreet-East,208-30-6999,Jessica,Robinson,1937-08-25,M,+14198005053,1719 Washington Ave,,San Antonio,TX,78205,USA,"1719 Washington Ave, San Antonio, TX 78205, USA",PCP0038,Active,EHR,P01042,ING-PAT-20261005-01042,2026-10-05T10:50:06,2026-10-05T10:52:06,2023-09-08T10:52:06,2026-10-05T10:52:06,2026-10-05T07:28:06,5a8755db4ccca5df855c68c331abcb44924c43938d0818b53feba91c8d8709b6,CURRENT,True
101043,P01043,13e364f5d2d7c9a1dd72ffcdb6cf05512f92ea6ed81abebf5fbea4c4238fb371,MEM7001043,GRP1003,OakStreet-Southwest,898-44-6891,Thomas,Thompson,1963-11-20,F,+19339532543,3101 Main Rd,,Dallas,TX,75201,USA,"3101 Main Rd, Dallas, TX 75201, USA",PCP0020,Active,EHR,P01043,ING-PAT-20261005-01043,2026-10-05T10:50:09,2026-10-05T10:52:09,2024-04-03T10:52:09,2026-10-05T10:52:09,2026-10-05T09:26:09,112461a467a31e0eafc11e788ddbf6719b513f9849af75406d90988f70fb4d80,CURRENT,True
101044,P01044,d1c6f94641fd66e1fa9ff5aac775828f7c225111db4feff3699bb596b24639a0,MEM7001044,GRP1004,OakStreet-Central,128-77-6794,Barbara,Brown,1955-09-10,M,+14112464567,7563 Washington Ave,,Austin,TX,78701,USA,"7563 Washington Ave, Austin, TX 78701, USA",PCP0051,Active,EHR,P01044,ING-PAT-20261005-01044,2026-10-05T10:50:12,2026-10-05T10:52:12,2022-11-21T10:52:12,2026-10-05T10:52:12,2026-10-05T10:35:12,bf84d06cc1dc777249bf63ed7c0e67131d4165eb397d72ea9a30933a9dc2bb01,CURRENT,True
101045,P01045,de32573f1bb0d7dc08491e7673f910721c43e9a02a203bd0c8f1c3ba848ea43e,MEM7001045,GRP1005,OakStreet-South,863-87-6328,Ashley,Miller,1983-06-11,F,+15045059166,5554 Washington St,,San Antonio,TX,78205,USA,"5554 Washington St, San Antonio, TX 78205, USA",PCP0069,Active,EHR,P01045,ING-PAT-20261005-01045,2026-10-05T10:50:15,2026-10-05T10:52:15,2022-04-15T10:52:15,2026-10-05T10:52:15,2026-10-05T09:50:15,64d787c4e4655f411cce837cff028a2f13c59c979a2146fbeff3a05ee450415c,CURRENT,True
101046,P01046,1319050ad09936b8a201d5e48cbdf896d3a314864674272a86d788b4e2d426af,MEM7001046,GRP1006,OakStreet-East,369-36-2642,James,Perez,1988-04-18,M,+13294652195,8525 Pine St,Apt 419,Houston,TX,77002,USA,"8525 Pine St Apt 419, Houston, TX 77002, USA",PCP0004,Active,EHR,P01046,ING-PAT-20261005-01046,2026-10-05T10:50:18,2026-10-05T10:52:18,2024-11-01T10:52:18,2026-10-05T10:52:18,2026-10-05T07:12:18,112300353bc94bdef89580187df6e0683b0c40e43e36f3e7e671cad6aef923b1,CURRENT,True
101047,P01047,ec2bd36c28b129555fcd3bfd362e211cbe75d2b4a679c69168159cd16c4d75cc,MEM7001047,GRP1007,OakStreet-Southwest,813-97-0154,Mark,Martin,1993-01-01,M,+12252765622,7227 Park Rd,,Houston,TX,77005,USA,"7227 Park Rd, Houston, TX 77005, USA",PCP0070,Active,EHR,P01047,ING-PAT-20261005-01047,2026-10-05T10:50:21,2026-10-05T10:52:21,2023-05-22T10:52:21,2026-10-05T10:52:21,2026-10-05T10:08:21,d1d839b9a2a67812ea86a20a9bb1089cb808dfffc2d384c1a9e61417dbf8e0fb,CURRENT,True
101048,P01048,be7f3664a4c1f7f2467ee565c5e99563c4caee8b22f29074b91e214e77360dd8,MEM7001048,GRP1008,OakStreet-Central,879-65-0156,Nancy,Smith,1940-11-13,F,+18632406106,2856 Main St,,Orlando,FL,32801,USA,"2856 Main St, Orlando, FL 32801, USA",PCP0031,Active,EHR,P01048,ING-PAT-20261005-01048,2026-10-05T10:50:24,2026-10-05T10:52:24,2024-06-24T10:52:24,2026-10-05T10:52:24,2026-10-05T10:09:24,30d18e4588aa02837978ea2a06218ef64388185a6cada5c4648c545b4539aabc,CURRENT,True
101049,P01049,66c210a4f154f3c7d5433b34b6ddf1bec2d7ac0d3956312375f67c8c14e6d339,MEM7001049,GRP1009,OakStreet-South,566-39-5045,Richard,Lopez,1943-04-01,F,+12586269174,1817 Washington St,,Houston,TX,77005,USA,"1817 Washington St, Houston, TX 77005, USA",PCP0055,Active,EHR,P01049,ING-PAT-20261005-01049,2026-10-05T10:50:27,2026-10-05T10:52:27,2024-01-11T10:52:27,2026-10-05T10:52:27,2026-10-05T10:39:27,7340f73a9868249959c86ab0d8e939737a9c483cdb366ce0acb1beb900191697,CURRENT,True
101050,P01050,0e333624c775d3c9875877d85f339b7e3278c25fd40b31f7d8ef8eeec58c6432,MEM7001050,GRP1010,OakStreet-East,294-70-2521,Steven,Martinez,1943-12-14,M,+16046347734,3525 Oak St,,Phoenix,AZ,85004,USA,"3525 Oak St, Phoenix, AZ 85004, USA",PCP0044,Active,EHR,P01050,ING-PAT-20261005-01050,2026-10-05T10:50:30,2026-10-05T10:52:30,2025-04-20T10:52:30,2026-10-05T10:52:30,2026-10-05T10:25:30,a9b16a494ff7e9a9ea9bb5b9dddbce529c76ce56ed4fdc4afd4c30fa30fc376a,CURRENT,True
101051,P01051,5619c56d866e46c67a16482ae22e7373ff067c1f6ab5d0642266053bdf67489a,MEM7001051,GRP1011,OakStreet-Southwest,841-70-1598,Lisa,Anderson,2004-05-26,M,+12364503247,8044 Park Blvd,,San Antonio,TX,78205,USA,"8044 Park Blvd, San Antonio, TX 78205, USA",PCP0050,Active,EHR,P01051,ING-PAT-20261005-01051,2026-10-05T10:50:33,2026-10-05T10:52:33,2024-10-16T10:52:33,2026-10-05T10:52:33,2026-10-05T07:50:33,0279972298d290c489af1bdfc7fa5e49e94dfbc05daf644a3d664594dd73681f,CURRENT,True
101052,P01052,58363a72386815632d91f98541f17b628a0ea27d06e87adbfe24f3a168aa884b,MEM7001052,GRP1012,OakStreet-Central,498-62-3513,Charles,Ramirez,1965-07-11,M,+18576947242,1792 Pine St,,Houston,TX,77002,USA,"1792 Pine St, Houston, TX 77002, USA",PCP0002,Active,EHR,P01052,ING-PAT-20261005-01052,2026-10-05T10:50:36,2026-10-05T10:52:36,2025-08-28T10:52:36,2026-10-05T10:52:36,2026-10-05T07:18:36,0e4de432a0f2901cbf31a2b18c88d7b863784061420afaf4ccf9a532cf51bf94,CURRENT,True
101053,P01053,ea31b7d8bc553535866c191598330131d0e65b209ccb65be6b80a43deb6e96a5,MEM7001053,GRP1013,OakStreet-South,346-30-6953,Michael,Davis,1943-07-24,M,+18294882654,8063 Oak Blvd,,Austin,TX,78701,USA,"8063 Oak Blvd, Austin, TX 78701, USA",PCP0013,Active,EHR,P01053,ING-PAT-20261005-01053,2026-10-05T10:50:39,2026-10-05T10:52:39,2024-08-18T10:52:39,2026-10-05T10:52:39,2026-10-05T07:35:39,248bb8b993dc16e692a36e5d9779e409f05dc81c218e27cd6c64a138a801fbd5,CURRENT,True
101054,P01054,5059bb53d281f64ee1032f86ce4927a7fc0017b9201fd802575067b8d90e73b8,MEM7001054,GRP1014,OakStreet-East,870-58-4781,Anthony,Lewis,1945-03-27,F,+16349753049,4107 Lake Ave,,Houston,TX,77024,USA,"4107 Lake Ave, Houston, TX 77024, USA",PCP0044,Active,EHR,P01054,ING-PAT-20261005-01054,2026-10-05T10:50:42,2026-10-05T10:52:42,2023-01-16T10:52:42,2026-10-05T10:52:42,2026-10-05T09:10:42,25331adcb2c6846462fae05f3c26baaacb101b4f68d43d52b6f423484aed487a,CURRENT,True
101055,P01055,949e0dc12c059aa6541f4da803cfd4b0b8a190f4fc5f4915ccf8dbcb40bbf0b7,MEM7001055,GRP1015,OakStreet-Southwest,251-65-5954,Elizabeth,Johnson,2002-05-12,M,+16602815584,1949 Oak Ave,,Dallas,TX,75201,USA,"1949 Oak Ave, Dallas, TX 75201, USA",PCP0049,Active,EHR,P01055,ING-PAT-20261005-01055,2026-10-05T10:50:45,2026-10-05T10:52:45,2023-06-02T10:52:45,2026-10-05T10:52:45,2026-10-05T08:13:45,4a337ee83503b3c4d1dde54e32119afefed0aa2a75e18f0418a5f56b74ef9583,CURRENT,True
101056,P01056,7fcd53c2b4875edaf8ef3ee8b4f75587a606b6a87866417c237e5b4853b5ec56,MEM7001056,GRP1016,OakStreet-Central,564-41-6330,David,Johnson,1951-07-05,F,+17582065025,4318 Pine Ave,,Orlando,FL,32801,USA,"4318 Pine Ave, Orlando, FL 32801, USA",PCP0071,Active,EHR,P01056,ING-PAT-20261005-01056,2026-10-05T10:50:48,2026-10-05T10:52:48,2024-09-16T10:52:48,2026-10-05T10:52:48,2026-10-05T08:51:48,859846df13b688bc53a8fd47c25d56c52ddaf0aef575c94f606a43f390048502,CURRENT,True
101057,P01057,4533d54275a9da651e9ce8e6f16901b6cdec6cab60ba64a3e9d0f364280bb401,MEM7001057,GRP1017,OakStreet-South,367-46-9095,William,Taylor,1992-10-06,M,+17907369427,2462 Washington Blvd,,Houston,TX,77024,USA,"2462 Washington Blvd, Houston, TX 77024, USA",PCP0112,Active,EHR,P01057,ING-PAT-20261005-01057,2026-10-05T10:50:51,2026-10-05T10:52:51,2024-04-20T10:52:51,2026-10-05T10:52:51,2026-10-05T08:05:51,4f87a391493de2c8258da79d007a59161cb057fc8d7790c0cb4179fedf26441b,CURRENT,True
101058,P01058,cb450936481acd40ebe70990ad7d26a3955c414b9e24062731de049490483630,MEM7001058,GRP1018,OakStreet-East,872-58-1633,Robert,Miller,1983-11-20,F,+18779887239,4564 Main Ave,,Austin,TX,78701,USA,"4564 Main Ave, Austin, TX 78701, USA",PCP0016,Active,EHR,P01058,ING-PAT-20261005-01058,2026-10-05T10:50:54,2026-10-05T10:52:54,2022-03-17T10:52:54,2026-10-05T10:52:54,2026-10-05T08:28:54,803ba4325a88777665459fdf8e763c0ab3a8796bfcb454387a9599ee443f94a4,CURRENT,True
101059,P01059,c7e6b3e9bbce6f308b1b667456429a26b1080c1805c464278b5d05b9139cae31,MEM7001059,GRP1019,OakStreet-Southwest,288-57-5562,Richard,Moore,1950-02-19,M,+12765979043,7795 Market Ave,,Atlanta,GA,30303,USA,"7795 Market Ave, Atlanta, GA 30303, USA",PCP0107,Active,EHR,P01059,ING-PAT-20261005-01059,2026-10-05T10:50:57,2026-10-05T10:52:57,2023-06-24T10:52:57,2026-10-05T10:52:57,2026-10-05T10:05:57,cafead0ca1bbd3333bbf042547d81308800e4b6097de693ca61d8b7c091a2ad3,CURRENT,True
101060,P01060,4b2ed3970dfcd4a554f839eb2953fea3a2cb2405ee1a75cb322232943525e963,MEM7001060,GRP1020,OakStreet-Central,259-79-2025,Barbara,Jackson,1975-01-24,F,+19023043111,5800 Washington Blvd,,Atlanta,GA,30303,USA,"5800 Washington Blvd, Atlanta, GA 30303, USA",PCP0055,Active,EHR,P01060,ING-PAT-20261005-01060,2026-10-05T10:51:00,2026-10-05T10:53:00,2022-04-25T10:53:00,2026-10-05T10:53:00,2026-10-05T07:33:00,b9580246a1828fb7132d78291ac70025ffe99f541e267d3d3e91c422e1c5de3d,CURRENT,True
101061,P01061,cff59b2d7c2453f0798a17d16bfe6202ace72800a0d659384a5a7d2159d2f642,MEM7001061,GRP1021,OakStreet-South,373-20-6501,Sarah,Martinez,1962-02-11,F,+13359562090,4861 Park Ave,,Houston,TX,77002,USA,"4861 Park Ave, Houston, TX 77002, USA",PCP0006,Active,EHR,P01061,ING-PAT-20261005-01061,2026-10-05T10:51:03,2026-10-05T10:53:03,2022-01-12T10:53:03,2026-10-05T10:53:03,2026-10-05T07:31:03,5f9a07d61a2775eddbde1bf5ced4fbe17a8903d3bed53bbb999f64693d1a41cb,CURRENT,True
101062,P01062,2913d2210ed442491fbeb8982cc2dd0c7fe3c0106ece5cc44528aeebee41793d,MEM7001062,GRP1022,OakStreet-East,251-67-7585,Jennifer,Lee,1974-08-07,F,+14106104044,9825 Pine St,,San Antonio,TX,78205,USA,"9825 Pine St, San Antonio, TX 78205, USA",PCP0108,Active,EHR,P01062,ING-PAT-20261005-01062,2026-10-05T10:51:06,2026-10-05T10:53:06,2024-09-10T10:53:06,2026-10-05T10:53:06,2026-10-05T09:55:06,28d8a9bf07f66fe7bef395257b5a10f77cde0d9f1858a93b9b13f66d2114546d,CURRENT,True
101063,P01063,c452226b4263852ea1d2ee9a408f6f428c3ca71b4f5e2e7fa97b2dc11859ce4e,MEM7001063,GRP1023,OakStreet-Southwest,272-45-9215,Lisa,Harris,1943-08-01,M,+14167155426,5234 Washington Ave,,Houston,TX,77024,USA,"5234 Washington Ave, Houston, TX 77024, USA",PCP0099,Active,EHR,P01063,ING-PAT-20261005-01063,2026-10-05T10:51:09,2026-10-05T10:53:09,2024-11-09T10:53:09,2026-10-05T10:53:09,2026-10-05T09:58:09,219ea2b2aed97754fab5d63e3d03efcdc2e6517667bb52fbb39d7f47c571cbf5,CURRENT,True
101064,P01064,a10a80baee9054bb4f0d32b2386116799268373de4c3093fc8d0c67fd9f49cd0,MEM7001064,GRP1024,OakStreet-Central,742-22-6771,Barbara,Johnson,1988-05-20,M,+14176344948,8227 Market Rd,,Orlando,FL,32801,USA,"8227 Market Rd, Orlando, FL 32801, USA",PCP0080,Active,EHR,P01064,ING-PAT-20261005-01064,2026-10-05T10:51:12,2026-10-05T10:53:12,2022-08-28T10:53:12,2026-10-05T10:53:12,2026-10-05T10:03:12,6601acb95ded4b7cdd2ddbfb908e8ab6ac5809458823c45986eed54669d3d14a,CURRENT,True
101065,P01065,944bdd4d6c2802c965a3fa11a49034c3b15debab30712b43971f7f9929ae654d,MEM7001065,GRP1025,OakStreet-South,727-85-2117,Linda,Clark,1975-09-15,M,+12039282459,6789 Washington Blvd,,San Antonio,TX,78205,USA,"6789 Washington Blvd, San Antonio, TX 78205, USA",PCP0040,Inactive,EHR,P01065,ING-PAT-20261005-01065,2026-10-05T10:51:15,2026-10-05T10:53:15,2022-10-25T10:53:15,2026-10-05T10:53:15,2026-10-05T09:53:15,eff6f8c75acc058f16f9a86ed5f762c25903b899791c6c81e3a4aa9c0bcd163c,CURRENT,True
101066,P01066,229ed22cedc0eda5bdc3393adc2cbe9133e58b0a87f9976a869bdffca602dacf,MEM7001066,GRP1026,OakStreet-East,289-78-5668,Jessica,Wilson,1983-12-04,M,+13177808014,3521 Pine Rd,,Dallas,TX,75201,USA,"3521 Pine Rd, Dallas, TX 75201, USA",PCP0013,Active,EHR,P01066,ING-PAT-20261005-01066,2026-10-05T10:51:18,2026-10-05T10:53:18,2025-03-19T10:53:18,2026-10-05T10:53:18,2026-10-05T09:21:18,af0a6d0c28b070958090a870bacd1258d27c35aacd6e6131c4bc7cd0280f9421,CURRENT,True
101067,P01067,385828d0f0c45776a8060461f6b10c63c1a2518b6d5dc51842826325103d455e,MEM7001067,GRP1027,OakStreet-Southwest,216-65-2213,Jennifer,White,1969-06-13,F,+19275761917,2909 Main Blvd,,Austin,TX,78701,USA,"2909 Main Blvd, Austin, TX 78701, USA",PCP0113,Active,EHR,P01067,ING-PAT-20261005-01067,2026-10-05T10:51:21,2026-10-05T10:53:21,2021-12-07T10:53:21,2026-10-05T10:53:21,2026-10-05T07:56:21,232bbe8c0224fb5ac4fde6ddbaa82a30f6e20aead98d5e4919cb53554183bc9b,CURRENT,True
101068,P01068,7ed5f8064342168517482b24e8d72fc394dad34297926c7902372f7fc54079f2,MEM7001068,GRP1028,OakStreet-Central,342-97-2878,Anthony,Lopez,1944-02-26,F,+15528372335,7744 Park St,Apt 442,Phoenix,AZ,85004,USA,"7744 Park St Apt 442, Phoenix, AZ 85004, USA",PCP0105,Inactive,EHR,P01068,ING-PAT-20261005-01068,2026-10-05T10:51:24,2026-10-05T10:53:24,2025-05-28T10:53:24,2026-10-05T10:53:24,2026-10-05T07:09:24,78b39ace51e322cea972747cbd6b61c15c292a88ef28fb94bddbafd96898cb6a,CURRENT,True
101069,P01069,df20fc24a622719ac5d1ae15adad1c4b74e2c7791559256ee7f6b01690b0c506,MEM7001069,GRP1029,OakStreet-South,448-81-1663,Jennifer,Taylor,1981-07-11,F,+13245918210,8906 Main Ave,,San Antonio,TX,78205,USA,"8906 Main Ave, San Antonio, TX 78205, USA",PCP0112,Active,EHR,P01069,ING-PAT-20261005-01069,2026-10-05T10:51:27,2026-10-05T10:53:27,2022-01-26T10:53:27,2026-10-05T10:53:27,2026-10-05T08:18:27,6f5dc72535a127de1b9432979046709ddecb48d97b83202b35fe13d829740e2a,CURRENT,True
101070,P01070,4109ac45d457019cfb0600a3841a7a3bebdb343a39e0f69aabecf4da50e1f87a,MEM7001070,GRP1030,OakStreet-East,592-56-9086,Linda,Ramirez,1975-07-17,F,+15989881084,9302 Washington Ave,,Houston,TX,77002,USA,"9302 Washington Ave, Houston, TX 77002, USA",PCP0044,Active,EHR,P01070,ING-PAT-20261005-01070,2026-10-05T10:51:30,2026-10-05T10:53:30,2021-11-22T10:53:30,2026-10-05T10:53:30,2026-10-05T10:49:30,37d67e90686fd9e6d5fc217b1fef86021d1ff0b4fc8109a9cc715f323fb39ae7,CURRENT,True
101071,P01071,6917ca3f8a10b50481c8b50159f121db4bcfd3b7110f51477554de64ef492d8f,MEM7001071,GRP1031,OakStreet-Southwest,460-34-4474,Betty,Moore,1950-10-14,M,+18589667401,8741 Lake Rd,Apt 249,Orlando,FL,32801,USA,"8741 Lake Rd Apt 249, Orlando, FL 32801, USA",PCP0105,Active,EHR,P01071,ING-PAT-20261005-01071,2026-10-05T10:51:33,2026-10-05T10:53:33,2022-08-21T10:53:33,2026-10-05T10:53:33,2026-10-05T09:16:33,ed35bc65bdbbff05f7dd28907ee7ccebc1266107b51c945256e40fd6df21985c,CURRENT,True
101072,P01072,5eec06e5dbc17c7b03d3e3d023fe1864570350cdd5654b5a19164b598526cfe3,MEM7001072,GRP1032,OakStreet-Central,456-77-9169,Barbara,White,1995-11-22,M,+13647151956,817 Main Ave,,San Antonio,TX,78205,USA,"817 Main Ave, San Antonio, TX 78205, USA",PCP0027,Active,EHR,P01072,ING-PAT-20261005-01072,2026-10-05T10:51:36,2026-10-05T10:53:36,2025-12-06T10:53:36,2026-10-05T10:53:36,2026-10-05T07:21:36,c7e03dda2345d649bc0c7743dd8b772fd421b68fede2321e1650abd6d529c364,CURRENT,True
101073,P01073,fcb75bba5ff65c341ad75737cdcf049113c5d73dbcc0bf90729197b0cfc6d135,MEM7001073,GRP1033,OakStreet-South,844-28-9577,Sarah,Perez,1985-05-07,F,+17134532391,1520 Lake St,,San Antonio,TX,78205,USA,"1520 Lake St, San Antonio, TX 78205, USA",PCP0092,Active,EHR,P01073,ING-PAT-20261005-01073,2026-10-05T10:51:39,2026-10-05T10:53:39,2022-01-11T10:53:39,2026-10-05T10:53:39,2026-10-05T08:13:39,ca65f14d5cfe3e4f80e6f9daaf16451ab3e30b4b8aab6ac5de625499e97b4b8f,CURRENT,True
101074,P01074,743df9860e1c4eb9bfa63c0b560a047ef96553abd0200c3bf3a1e800d62cfd2d,MEM7001074,GRP1034,OakStreet-East,516-37-3545,Patricia,Rodriguez,1962-11-06,F,+13413468764,9071 Washington Ave,Apt 446,Atlanta,GA,30303,USA,"9071 Washington Ave Apt 446, Atlanta, GA 30303, USA",PCP0006,Active,EHR,P01074,ING-PAT-20261005-01074,2026-10-05T10:51:42,2026-10-05T10:53:42,2024-04-18T10:53:42,2026-10-05T10:53:42,2026-10-05T07:24:42,4c309be6fc150366400c92e3442260c44fa416fd114ee6877ed759ac51e3c81c,CURRENT,True
101075,P01075,26bc50a5f4ea460b3a56875daca0ab6e1619173b032658960796d4d0f0bb1638,MEM7001075,GRP1035,OakStreet-Southwest,157-66-3175,Matthew,Lopez,1935-09-26,M,+13724631094,9777 Park Ave,Apt 187,Phoenix,AZ,85004,USA,"9777 Park Ave Apt 187, Phoenix, AZ 85004, USA",PCP0065,Active,EHR,P01075,ING-PAT-20261005-01075,2026-10-05T10:51:45,2026-10-05T10:53:45,2024-08-06T10:53:45,2026-10-05T10:53:45,2026-10-05T09:58:45,b750a5a6d1b0246f4802e482803c94ca873b801347d2a751d194a92b02aeffc2,CURRENT,True
101076,P01076,c2766568e34665dd97aeb72920bc96ae0bb141b50087b02a1aec4a5e30c9bb05,MEM7001076,GRP1036,OakStreet-Central,590-18-0713,Anthony,Thompson,1967-07-07,F,+14704256664,1205 Pine St,Apt 193,Houston,TX,77002,USA,"1205 Pine St Apt 193, Houston, TX 77002, USA",PCP0082,Active,EHR,P01076,ING-PAT-20261005-01076,2026-10-05T10:51:48,2026-10-05T10:53:48,2022-12-21T10:53:48,2026-10-05T10:53:48,2026-10-05T08:18:48,baae0a26eaab2a14bac66c255afb6fd5f0608d74cd06b8bb53dd17bc4e2761f8,CURRENT,True
101077,P01077,8b4baed254c7a1d5dc87ff1a39dd9240cea41504d7f822a5ae4724edbf0dac35,MEM7001077,GRP1037,OakStreet-South,300-40-5456,Jessica,Thompson,1960-04-26,M,+18117322481,7056 Market Blvd,,Houston,TX,77024,USA,"7056 Market Blvd, Houston, TX 77024, USA",PCP0076,Active,EHR,P01077,ING-PAT-20261005-01077,2026-10-05T10:51:51,2026-10-05T10:53:51,2023-03-25T10:53:51,2026-10-05T10:53:51,2026-10-05T10:06:51,74912560ccdb33782b02a942be1faaa099fc60b4c6f5de7638c6d43f95f07e1a,CURRENT,True
101078,P01078,7c50c3048924b8728b3bdd2b03283e036ea675e4ffc68c4d4ce8ca6b8edef664,MEM7001078,GRP1038,OakStreet-East,293-40-1130,Sarah,Martin,1957-11-11,F,+15159239364,678 Market Rd,Apt 758,Dallas,TX,75201,USA,"678 Market Rd Apt 758, Dallas, TX 75201, USA",PCP0024,Active,EHR,P01078,ING-PAT-20261005-01078,2026-10-05T10:51:54,2026-10-05T10:53:54,2023-09-12T10:53:54,2026-10-05T10:53:54,2026-10-05T09:16:54,04f81c3330a54e2c29e5c7128070d9149ee4205ba5ab34655a64446aea45ad02,CURRENT,True
101079,P01079,213c528c7ec967b8d163b0191cd203de4fb865ea50e24f11360d5a806b1f3328,MEM7001079,GRP1039,OakStreet-Southwest,282-58-4369,Nancy,Taylor,1965-03-25,M,+17719386650,8477 Washington Ave,,San Antonio,TX,78205,USA,"8477 Washington Ave, San Antonio, TX 78205, USA",PCP0003,Active,EHR,P01079,ING-PAT-20261005-01079,2026-10-05T10:51:57,2026-10-05T10:53:57,2022-08-28T10:53:57,2026-10-05T10:53:57,2026-10-05T10:11:57,9f2b6ede65ba7540c69bb52a34d6c31507f44b6ec3a8d2465664b2a2e335acdb,CURRENT,True
101080,P01080,a35b5772ab2a2f625e5d56ba9504d4b6dc930d253ccf62db85bab8e21e569595,MEM7001080,GRP1000,OakStreet-Central,125-46-9195,Richard,Jones,1967-01-20,F,+14336641542,2669 Main Blvd,,Phoenix,AZ,85004,USA,"2669 Main Blvd, Phoenix, AZ 85004, USA",PCP0012,Active,EHR,P01080,ING-PAT-20261005-01080,2026-10-05T10:52:00,2026-10-05T10:54:00,2025-06-01T10:54:00,2026-10-05T10:54:00,2026-10-05T08:22:00,2d0ddac7825d40a3538f2626dc53a37e75a1ba57859faaafc64662375fba3cca,CURRENT,True
101081,P01081,8e67f3e0aff7bff990856eedd703b142b3df755cb94b9247880aa887131bb39a,MEM7001081,GRP1001,OakStreet-South,347-73-3399,John,Johnson,1948-06-18,M,+12899528215,4525 Main Ave,,Austin,TX,78701,USA,"4525 Main Ave, Austin, TX 78701, USA",PCP0070,Active,EHR,P01081,ING-PAT-20261005-01081,2026-10-05T10:52:03,2026-10-05T10:54:03,2022-04-19T10:54:03,2026-10-05T10:54:03,2026-10-05T09:13:03,16e0fcc6d8e4fb1efc52070ea9a734d83911175c05daa89c8842b55cfc6bc588,CURRENT,True
101082,P01082,8bee266d2b2dd33fd951b9fb7df5dd3bb28632d57a4d62f8c8e6ac71bf2d641a,MEM7001082,GRP1002,OakStreet-East,135-52-5351,Jessica,Martin,1959-10-04,M,+15947702639,4686 Pine Ave,Apt 796,Houston,TX,77024,USA,"4686 Pine Ave Apt 796, Houston, TX 77024, USA",PCP0003,Active,EHR,P01082,ING-PAT-20261005-01082,2026-10-05T10:52:06,2026-10-05T10:54:06,2024-01-05T10:54:06,2026-10-05T10:54:06,2026-10-05T09:11:06,a43ad0704040f7e4a52528a5d120a8013f6674035cf33b94d334ea68d258b134,CURRENT,True
101083,P01083,4f8b09a418449e412b01910b675cddb81b4169061ab2595b67cdb43281896255,MEM7001083,GRP1003,OakStreet-Southwest,516-62-2504,Jennifer,Clark,1981-06-06,M,+13129205083,3368 Pine Ave,,Austin,TX,78701,USA,"3368 Pine Ave, Austin, TX 78701, USA",PCP0001,Active,EHR,P01083,ING-PAT-20261005-01083,2026-10-05T10:52:09,2026-10-05T10:54:09,2025-05-06T10:54:09,2026-10-05T10:54:09,2026-10-05T08:45:09,01a057c47634d10ce7d3420142751fce7ea86dd90c32e464548e7b015448ec38,CURRENT,True
101084,P01084,babb529d6a47cd2dd02e6a93c1bd82cd0b7f1ef62badfa6e22052973ceada636,MEM7001084,GRP1004,OakStreet-Central,112-55-6791,Jessica,Jackson,1964-10-18,F,+13615086551,9036 Washington Ave,Apt 231,Houston,TX,77005,USA,"9036 Washington Ave Apt 231, Houston, TX 77005, USA",PCP0048,Active,EHR,P01084,ING-PAT-20261005-01084,2026-10-05T10:52:12,2026-10-05T10:54:12,2025-01-07T10:54:12,2026-10-05T10:54:12,2026-10-05T10:17:12,b26de9ab4f1f7ed504af134036debbb123157529e02bc7251d871cde11ffeffc,CURRENT,True
101085,P01085,c9af0ede61009c8eafcc396ca1987bfa754913de6210135a487fb8f6dbf2ff50,MEM7001085,GRP1005,OakStreet-South,424-57-8989,Joseph,Robinson,1996-11-16,M,+19615303394,4786 Main Ave,,Austin,TX,78701,USA,"4786 Main Ave, Austin, TX 78701, USA",PCP0049,Active,EHR,P01085,ING-PAT-20261005-01085,2026-10-05T10:52:15,2026-10-05T10:54:15,2025-11-21T10:54:15,2026-10-05T10:54:15,2026-10-05T09:04:15,19fdb4f602b46afaf81602c70699846709a4d38f969c7cb24edde911ef7661d0,CURRENT,True
101086,P01086,cef9a541c6d687a3ecf07ac6f888db1fbf6e3a3e9131b5b1a71897b27f481a39,MEM7001086,GRP1006,OakStreet-East,687-43-1936,Susan,Davis,1983-06-10,M,+19665563046,7940 Pine Ave,,Atlanta,GA,30303,USA,"7940 Pine Ave, Atlanta, GA 30303, USA",PCP0003,Active,EHR,P01086,ING-PAT-20261005-01086,2026-10-05T10:52:18,2026-10-05T10:54:18,2024-03-05T10:54:18,2026-10-05T10:54:18,2026-10-05T10:33:18,932c5d6e23c9b40b7ed1dd9be12e862ca641c62a6cc8b427e524451c8e9cf05f,CURRENT,True
101087,P01087,92d94ded30f1d4458e7fec3e029d402fc85dbd3cd30b29cf66f2d5216c773ca8,MEM7001087,GRP1007,OakStreet-Southwest,691-22-9911,Karen,Wilson,1943-10-02,F,+15773577986,9469 Pine Ave,Apt 947,Phoenix,AZ,85004,USA,"9469 Pine Ave Apt 947, Phoenix, AZ 85004, USA",PCP0027,Active,EHR,P01087,ING-PAT-20261005-01087,2026-10-05T10:52:21,2026-10-05T10:54:21,2024-10-12T10:54:21,2026-10-05T10:54:21,2026-10-05T07:47:21,f436fc566b632ba0453366f828e1127996d0bba131b49db201327227fb900d5e,CURRENT,True
101088,P01088,89e561a9da02cfb772d591ab0015ae99f2821827804abb4323e14933915b599e,MEM7001088,GRP1008,OakStreet-Central,518-14-7470,Steven,Thompson,1956-04-14,M,+13662845842,3014 Park Rd,Apt 816,Houston,TX,77002,USA,"3014 Park Rd Apt 816, Houston, TX 77002, USA",PCP0062,Active,EHR,P01088,ING-PAT-20261005-01088,2026-10-05T10:52:24,2026-10-05T10:54:24,2022-01-19T10:54:24,2026-10-05T10:54:24,2026-10-05T07:24:24,02cae85d388d5c4052ecf26aa89072b775554dae6dd5584be89ccc880f509f78,CURRENT,True
101089,P01089,f5a3539438bf7844331be98f683893c8ff31af1f2b56dd0a476b1ff4ff5b8381,MEM7001089,GRP1009,OakStreet-South,714-56-3321,Susan,Sanchez,1962-05-06,M,+17022524860,8846 Market Rd,,Houston,TX,77005,USA,"8846 Market Rd, Houston, TX 77005, USA",PCP0012,Active,EHR,P01089,ING-PAT-20261005-01089,2026-10-05T10:52:27,2026-10-05T10:54:27,2025-04-18T10:54:27,2026-10-05T10:54:27,2026-10-05T07:07:27,cdabcccb8b9e12d336b7b4e4d29ba8e185d309e0421eb4570de14fb54cc12bbd,CURRENT,True
101090,P01090,71489575a52d57f28e4aec14b24ee8fe4c08798d8b695aa23910a8495a818af7,MEM7001090,GRP1010,OakStreet-East,102-26-9053,Matthew,Robinson,1956-07-24,F,+15764125909,3421 Park Rd,,Houston,TX,77002,USA,"3421 Park Rd, Houston, TX 77002, USA",PCP0016,Inactive,EHR,P01090,ING-PAT-20261005-01090,2026-10-05T10:52:30,2026-10-05T10:54:30,2024-04-18T10:54:30,2026-10-05T10:54:30,2026-10-05T10:24:30,5aa89dfae0f7b3bde24e98cd43aa99a2718a9efd01dd56b6ee1363fa25946186,CURRENT,True
101091,P01091,73d6e600fdc4db0e4d34d56afa634d51d5bee34d4cf42963ee5a1bdffa12dd38,MEM7001091,GRP1011,OakStreet-Southwest,599-34-2892,Ashley,Thompson,2003-03-21,M,+18406814046,7466 Lake Blvd,,Atlanta,GA,30303,USA,"7466 Lake Blvd, Atlanta, GA 30303, USA",PCP0092,Active,EHR,P01091,ING-PAT-20261005-01091,2026-10-05T10:52:33,2026-10-05T10:54:33,2022-03-31T10:54:33,2026-10-05T10:54:33,2026-10-05T10:21:33,fdf2f5ce5599b4b14ef1cb6194e058abc542cb773c2cf9dc7c7b91db3139a741,CURRENT,True
101092,P01092,83db1810b7cdb54eda2395c8639401712e13db81efe8d7266782da36f72ff17f,MEM7001092,GRP1012,OakStreet-Central,835-12-6420,Daniel,Clark,1971-05-06,F,+18588143638,6911 Lake Ave,,Chicago,IL,60601,USA,"6911 Lake Ave, Chicago, IL 60601, USA",PCP0074,Active,EHR,P01092,ING-PAT-20261005-01092,2026-10-05T10:52:36,2026-10-05T10:54:36,2024-08-31T10:54:36,2026-10-05T10:54:36,2026-10-05T07:16:36,ac069c1def4ee53518638107d58e57532fbaea9d22534b82cc8ff73574774ab0,CURRENT,True
101093,P01093,88a1adb4a5b93afbde3af2b6ee2bc5eed71f986eb56af6f7651de85916677241,MEM7001093,GRP1013,OakStreet-South,554-35-8035,William,Garcia,1943-02-20,F,+14119294095,2577 Lake St,,San Antonio,TX,78205,USA,"2577 Lake St, San Antonio, TX 78205, USA",PCP0014,Active,EHR,P01093,ING-PAT-20261005-01093,2026-10-05T10:52:39,2026-10-05T10:54:39,2025-03-03T10:54:39,2026-10-05T10:54:39,2026-10-05T08:31:39,4315ae8e95af3e9b50b106257d08f8e8a77db40a98b9dd965b5ab48a37568809,CURRENT,True
101094,P01094,70758cdc239ea16ec3c45054c5596a269a4c580ca099e0a1f11bf994cfbf1a3e,MEM7001094,GRP1014,OakStreet-East,749-91-5648,Joseph,Williams,1967-11-04,M,+13438574234,5724 Pine Rd,,Orlando,FL,32801,USA,"5724 Pine Rd, Orlando, FL 32801, USA",PCP0080,Active,EHR,P01094,ING-PAT-20261005-01094,2026-10-05T10:52:42,2026-10-05T10:54:42,2023-05-29T10:54:42,2026-10-05T10:54:42,2026-10-05T07:16:42,5cda0f8c5af0de8e54aec85306012fca3a27f4bbaed4531d4809628878af0e05,CURRENT,True
101095,P01095,e81e41ba1f6c8f33589e3fab7bc2b9d85fcbcab7a2b6567a2bd3b9aef51444ad,MEM7001095,GRP1015,OakStreet-Southwest,573-55-1799,Margaret,Harris,1975-06-23,F,+13885294556,4811 Market Rd,,Chicago,IL,60601,USA,"4811 Market Rd, Chicago, IL 60601, USA",PCP0075,Active,EHR,P01095,ING-PAT-20261005-01095,2026-10-05T10:52:45,2026-10-05T10:54:45,2023-05-07T10:54:45,2026-10-05T10:54:45,2026-10-05T10:06:45,b486074cc243af290a42db636efbc0ff9e9cd8ace9e5ed1156d41b152ec53bed,CURRENT,True
101096,P01096,3878f2a85f43b3d6df6a385ee2a232ccd64e927216ef86e1fc7a409793a5a3c6,MEM7001096,GRP1016,OakStreet-Central,467-58-7409,Daniel,Lopez,1946-02-01,M,+16507299992,6102 Main Rd,,San Antonio,TX,78205,USA,"6102 Main Rd, San Antonio, TX 78205, USA",PCP0096,Active,EHR,P01096,ING-PAT-20261005-01096,2026-10-05T10:52:48,2026-10-05T10:54:48,2024-08-22T10:54:48,2026-10-05T10:54:48,2026-10-05T07:10:48,228add671fa341422ca3cbf4a757179a899bb3ba5574c8a2c517aa77661bfaae,CURRENT,True
101097,P01097,58d70e1b6171cd151795f8ec70ad3080f6316e1febdeb4320f5ab96072d6a496,MEM7001097,GRP1017,OakStreet-South,528-67-4084,Sarah,Smith,1938-04-24,M,+15115218664,6142 Park Rd,,Dallas,TX,75201,USA,"6142 Park Rd, Dallas, TX 75201, USA",PCP0007,Active,EHR,P01097,ING-PAT-20261005-01097,2026-10-05T10:52:51,2026-10-05T10:54:51,2025-09-22T10:54:51,2026-10-05T10:54:51,2026-10-05T07:14:51,f3f5f50ef5373346d7c5646aff312f55cf8d2e6f513bf1c2cf6c56271a1c6b79,CURRENT,True
101098,P01098,ec4dc6f8f86dcd89db9331c40ef9cbdef76335f515264eac9f86f15eae2fabdb,MEM7001098,GRP1018,OakStreet-East,877-59-9854,Susan,Martinez,1956-01-27,M,+16686187300,6102 Oak Rd,,Houston,TX,77005,USA,"6102 Oak Rd, Houston, TX 77005, USA",PCP0113,Active,EHR,P01098,ING-PAT-20261005-01098,2026-10-05T10:52:54,2026-10-05T10:54:54,2025-03-25T10:54:54,2026-10-05T10:54:54,2026-10-05T07:29:54,cc9776971fac0ff3538a9d7e4b1a4a64798e380e9f7ce6c99dbe8d23726362d8,CURRENT,True
101099,P01099,b7d8c80108bb0c0c5cc1b2a0fae719c016f8766168893790c7ee55ec9f54b74b,MEM7001099,GRP1019,OakStreet-Southwest,727-97-6556,John,Sanchez,1944-07-03,M,+12199391754,9147 Oak Rd,,Orlando,FL,32801,USA,"9147 Oak Rd, Orlando, FL 32801, USA",PCP0040,Active,EHR,P01099,ING-PAT-20261005-01099,2026-10-05T10:52:57,2026-10-05T10:54:57,2024-12-30T10:54:57,2026-10-05T10:54:57,2026-10-05T07:35:57,05e25756327b86adebf0a1e29469d944e6b5d954e9c93285d1014c206efc5a3c,CURRENT,True
101100,P01100,ec8c736c7c94fa954fc4a914e44bfd4ca4fda41b7614ed5da82131bbf8546e0f,MEM7001100,GRP1020,OakStreet-Central,567-34-4236,Ashley,Smith,1958-04-23,F,+14332235691,798 Oak Ave,Apt 933,Dallas,TX,75201,USA,"798 Oak Ave Apt 933, Dallas, TX 75201, USA",PCP0067,Active,EHR,P01100,ING-PAT-20261005-01100,2026-10-05T10:53:00,2026-10-05T10:55:00,2023-01-01T10:55:00,2026-10-05T10:55:00,2026-10-05T07:10:00,f61f5f3bcf55eb75bb36275ec9e2881e4123a5c67ec13a172f153ead47f35815,CURRENT,True
101101,P01101,3484826f327add2c055ad3cbc25cb9088a83c7fa455164ddf74af18ab6d65ccd,MEM7001101,GRP1021,OakStreet-South,318-81-4270,Nancy,Martin,1949-02-02,F,+19675568703,1709 Lake St,,Chicago,IL,60601,USA,"1709 Lake St, Chicago, IL 60601, USA",PCP0044,Active,EHR,P01101,ING-PAT-20261005-01101,2026-10-05T10:53:03,2026-10-05T10:55:03,2022-01-10T10:55:03,2026-10-05T10:55:03,2026-10-05T07:59:03,fd7ca3645321e3bf9e3a796f35c7e05d631dbac3a7de85c0c4ae1b22af861dc8,CURRENT,True
101102,P01102,ae79f9acfae784a9e4ba15eb2b35c8143778d33f0a72ae68026aceda22dc5239,MEM7001102,GRP1022,OakStreet-East,851-17-3272,Richard,Hernandez,1965-02-26,F,+12449832863,301 Oak Ave,,Orlando,FL,32801,USA,"301 Oak Ave, Orlando, FL 32801, USA",PCP0103,Active,EHR,P01102,ING-PAT-20261005-01102,2026-10-05T10:53:06,2026-10-05T10:55:06,2021-11-07T10:55:06,2026-10-05T10:55:06,2026-10-05T09:11:06,0083b8cf6bd7c4db6ce2a9ca318d362401f93f15d45756447a98eec637fbeca6,CURRENT,True
101103,P01103,dd3b6e8b63918e0c87ecf903516137c5369d178f9be65f95af3b38bc48bbbf34,MEM7001103,GRP1023,OakStreet-Southwest,117-74-5649,Robert,Wilson,1990-04-03,M,+14883803855,2446 Washington Rd,Apt 861,Atlanta,GA,30303,USA,"2446 Washington Rd Apt 861, Atlanta, GA 30303, USA",PCP0084,Active,EHR,P01103,ING-PAT-20261005-01103,2026-10-05T10:53:09,2026-10-05T10:55:09,2024-08-24T10:55:09,2026-10-05T10:55:09,2026-10-05T08:23:09,2822927684377b8b5aadfb261f88540154ad074d58793c2d7d6a5860bda7f6a0,CURRENT,True
101104,P01104,cd965a470337a7cc73fb10fb4d0fac6e60a371bdcdad094eab1f00ab30972ac2,MEM7001104,GRP1024,OakStreet-Central,131-32-1010,Karen,White,1940-04-06,F,+19254798064,1015 Park St,,Houston,TX,77005,USA,"1015 Park St, Houston, TX 77005, USA",PCP0040,Active,EHR,P01104,ING-PAT-20261005-01104,2026-10-05T10:53:12,2026-10-05T10:55:12,2021-12-23T10:55:12,2026-10-05T10:55:12,2026-10-05T10:37:12,59e47e537f75544a60e2ab646e8889daf887b51b727f3c0fa8573f5cbef73f8f,CURRENT,True
101105,P01105,f33997bc068599cd817cd187ff12073ef120d1b6e6647599d100d798a9261d87,MEM7001105,GRP1025,OakStreet-South,314-69-8545,Matthew,Davis,1948-05-17,M,+18398874824,6108 Washington St,,Houston,TX,77024,USA,"6108 Washington St, Houston, TX 77024, USA",PCP0045,Active,EHR,P01105,ING-PAT-20261005-01105,2026-10-05T10:53:15,2026-10-05T10:55:15,2024-06-09T10:55:15,2026-10-05T10:55:15,2026-10-05T07:59:15,5c6d8592fa98614ea7406f40c0d756fadd37a5faf1d1d592e8b170f5797a3f51,CURRENT,True
101106,P01106,6e4b2a2e59a3564a8531952d2565b29add10de75d96515e26b52f9bedbf2d701,MEM7001106,GRP1026,OakStreet-East,627-32-3181,Mark,Lopez,1965-10-13,M,+15682908339,6058 Market Rd,,Houston,TX,77024,USA,"6058 Market Rd, Houston, TX 77024, USA",PCP0109,Active,EHR,P01106,ING-PAT-20261005-01106,2026-10-05T10:53:18,2026-10-05T10:55:18,2025-03-03T10:55:18,2026-10-05T10:55:18,2026-10-05T09:43:18,df99e590b32fe9ae32208de8ad04228a9aa7c82aaefdf2053b66666f032cd50f,CURRENT,True
101107,P01107,40fd068ba29e3ed06cda1122bf696d97d2b3d3df521b2eb0368e2ec73d9af324,MEM7001107,GRP1027,OakStreet-Southwest,810-37-4212,Jennifer,Moore,1973-09-19,M,+19685676121,3305 Market Ave,,Dallas,TX,75201,USA,"3305 Market Ave, Dallas, TX 75201, USA",PCP0094,Active,EHR,P01107,ING-PAT-20261005-01107,2026-10-05T10:53:21,2026-10-05T10:55:21,2025-09-04T10:55:21,2026-10-05T10:55:21,2026-10-05T07:08:21,fc675f6e9de75040dab7c9af5519ecc1230d7d93fd1ff3568de2ca9993834ad9,CURRENT,True
101108,P01108,ef027d211556626030ebdb75196ea1a8f47862697d6ad998400fcf1f34b4b050,MEM7001108,GRP1028,OakStreet-Central,511-32-0815,Elizabeth,Harris,1950-06-16,M,+18193152574,1864 Oak Rd,,Austin,TX,78701,USA,"1864 Oak Rd, Austin, TX 78701, USA",PCP0016,Active,EHR,P01108,ING-PAT-20261005-01108,2026-10-05T10:53:24,2026-10-05T10:55:24,2022-08-29T10:55:24,2026-10-05T10:55:24,2026-10-05T09:04:24,0637132a68f0a902317112b4b9afda7f07f7063c74bb43d02c3837a95d5a46f9,CURRENT,True
101109,P01109,d07313d24b6c865650e5dcd61b0371a5eaebfdf836118ad1880f4909b4a20650,MEM7001109,GRP1029,OakStreet-South,793-72-6560,Mark,Harris,1962-11-03,M,+16075365381,2172 Oak Rd,,Orlando,FL,32801,USA,"2172 Oak Rd, Orlando, FL 32801, USA",PCP0016,Active,EHR,P01109,ING-PAT-20261005-01109,2026-10-05T10:53:27,2026-10-05T10:55:27,2023-02-01T10:55:27,2026-10-05T10:55:27,2026-10-05T08:18:27,ed5ac7c638747fc9707cf513ce75f6dd01433236ef4eb45f1cca64ec8805c46d,CURRENT,True
101110,P01110,87c54f7be0311ad7b13c2502e4bc09afd9a5f0ae439e4fdf5a2ecc297c186568,MEM7001110,GRP1030,OakStreet-East,246-23-4605,Joseph,Davis,1949-11-05,M,+18275685356,4588 Pine St,,Phoenix,AZ,85004,USA,"4588 Pine St, Phoenix, AZ 85004, USA",PCP0020,Active,EHR,P01110,ING-PAT-20261005-01110,2026-10-05T10:53:30,2026-10-05T10:55:30,2022-05-18T10:55:30,2026-10-05T10:55:30,2026-10-05T08:39:30,d3eb49f34e4ef33100fbcf621ea0884a8984ad6d14d290c768ce577c16ad3bb4,CURRENT,True
101111,P01111,5f7023d5cdfedbba7f0fb18e493cdcf0130b0e4626e05197fdb48fd20d465d01,MEM7001111,GRP1031,OakStreet-Southwest,640-39-3596,William,Sanchez,1995-10-21,M,+18715528915,453 Market Ave,,Atlanta,GA,30303,USA,"453 Market Ave, Atlanta, GA 30303, USA",PCP0049,Active,EHR,P01111,ING-PAT-20261005-01111,2026-10-05T10:53:33,2026-10-05T10:55:33,2023-01-30T10:55:33,2026-10-05T10:55:33,2026-10-05T10:23:33,9f9b6bce6dc62913e029e6e4cb158a507ff3dd0ccdcb989ced99c04135bdb2cd,CURRENT,True
101112,P01112,153742b425011e2b35811daa8ff7eac19754e2e568ac3544895ec3f2ec8d61ce,MEM7001112,GRP1032,OakStreet-Central,190-47-3841,Joseph,Harris,1976-04-17,M,+12164669828,2523 Pine Ave,Apt 901,Houston,TX,77005,USA,"2523 Pine Ave Apt 901, Houston, TX 77005, USA",PCP0015,Active,EHR,P01112,ING-PAT-20261005-01112,2026-10-05T10:53:36,2026-10-05T10:55:36,2025-05-21T10:55:36,2026-10-05T10:55:36,2026-10-05T10:29:36,7460ac1ee816fd1a424ee732b0fb6dbc139f4c75be633bc9b9f06687cc347a23,CURRENT,True
101113,P01113,70480c77f8684ccd81cabc7f1ea96fbf25759a8023f43c254830308671eaa699,MEM7001113,GRP1033,OakStreet-South,590-96-2051,Jessica,Gonzalez,1967-02-17,F,+13167896832,3818 Park St,,Chicago,IL,60601,USA,"3818 Park St, Chicago, IL 60601, USA",PCP0018,Active,EHR,P01113,ING-PAT-20261005-01113,2026-10-05T10:53:39,2026-10-05T10:55:39,2023-02-16T10:55:39,2026-10-05T10:55:39,2026-10-05T07:32:39,656dc839a7d8e49c64aba1e1b9cd8d5d7b0e18234073d596b7eeec8a6e268bc1,CURRENT,True
101114,P01114,787ae6da18ba7b7ffaf8718567c057e9c05404659e23486135832c4b94112547,MEM7001114,GRP1034,OakStreet-East,424-57-1064,Anthony,Smith,1959-05-06,F,+16024965370,6055 Park St,Apt 597,Atlanta,GA,30303,USA,"6055 Park St Apt 597, Atlanta, GA 30303, USA",PCP0006,Active,EHR,P01114,ING-PAT-20261005-01114,2026-10-05T10:53:42,2026-10-05T10:55:42,2024-03-16T10:55:42,2026-10-05T10:55:42,2026-10-05T10:00:42,63e87032db1d126a7b1fe597adae665a0800a01464d145c6d71155553b4fa3e1,CURRENT,True
101115,P01115,2f7539d75b383ebfca2423ec85ce33bf6978c4afd74754736dce1c8d601a49cb,MEM7001115,GRP1035,OakStreet-Southwest,272-11-9678,Michael,Martin,1973-02-04,M,+15503406429,1258 Washington Ave,Apt 505,Austin,TX,78701,USA,"1258 Washington Ave Apt 505, Austin, TX 78701, USA",PCP0074,Active,EHR,P01115,ING-PAT-20261005-01115,2026-10-05T10:53:45,2026-10-05T10:55:45,2022-09-05T10:55:45,2026-10-05T10:55:45,2026-10-05T07:14:45,f28aedfd8a8056d1d36139057dd9b5718a9d97c79636950ed2eac6d6823e8260,CURRENT,True
101116,P01116,404bce20c88f6ce82ee26e77b388124e3d5d99bc6d297a2d9d4bcd627450aaf5,MEM7001116,GRP1036,OakStreet-Central,525-54-7479,Susan,Lewis,1939-12-19,F,+16855356770,5998 Park Rd,,Houston,TX,77002,USA,"5998 Park Rd, Houston, TX 77002, USA",PCP0113,Active,EHR,P01116,ING-PAT-20261005-01116,2026-10-05T10:53:48,2026-10-05T10:55:48,2025-05-16T10:55:48,2026-10-05T10:55:48,2026-10-05T07:36:48,24e7c2508e4d197aca9080a2f87389c2ad3fc1db38970b6df6ffaac50ff8c701,CURRENT,True
101117,P01117,84a749e533ac857ad22a72ef8c669911ed28bcc28c6134dbe4a10212c5bf4e62,MEM7001117,GRP1037,OakStreet-South,586-62-6217,Jennifer,Martinez,1946-05-14,F,+19548473147,8070 Oak Blvd,,Dallas,TX,75201,USA,"8070 Oak Blvd, Dallas, TX 75201, USA",PCP0003,Active,EHR,P01117,ING-PAT-20261005-01117,2026-10-05T10:53:51,2026-10-05T10:55:51,2023-11-15T10:55:51,2026-10-05T10:55:51,2026-10-05T07:26:51,341f640a67221aefb37f4ad2b920edc8918c0b594115b956048bcb19e51abb1c,CURRENT,True
101118,P01118,3be16af8f3218bf66e497a8001f38f233b9d46dacba4df43c0b5ac69946046dc,MEM7001118,GRP1038,OakStreet-East,359-69-7757,Michael,Williams,1980-06-11,F,+14236821754,9616 Pine Ave,,Austin,TX,78701,USA,"9616 Pine Ave, Austin, TX 78701, USA",PCP0046,Active,EHR,P01118,ING-PAT-20261005-01118,2026-10-05T10:53:54,2026-10-05T10:55:54,2025-03-03T10:55:54,2026-10-05T10:55:54,2026-10-05T08:46:54,ba61ed5aa7dba1650e21a97a281ba976cf20504d45fede0ccc099b6f0610584e,CURRENT,True
101119,P01119,5f6edd8fa0bab81422e8ae8628b3cba0be3a3918b437e33064213d022854acc0,MEM7001119,GRP1039,OakStreet-Southwest,344-89-0172,Mary,Martin,1979-07-20,M,+16552334881,6385 Main Ave,,Orlando,FL,32801,USA,"6385 Main Ave, Orlando, FL 32801, USA",PCP0100,Inactive,EHR,P01119,ING-PAT-20261005-01119,2026-10-05T10:53:57,2026-10-05T10:55:57,2025-01-26T10:55:57,2026-10-05T10:55:57,2026-10-05T09:25:57,c52fb2f5b68f41b147c9b9bd2480f6d49f537ed1f5e8fe63adbbebbba5edd2cb,CURRENT,True
101120,P01120,f99f4d6aef4e63e298ffde08a6700b03c90322343d76d92abbb2a91b64797d40,MEM7001120,GRP1000,OakStreet-Central,213-13-0425,Barbara,Sanchez,1950-08-01,M,+12495031408,2166 Oak Blvd,,Chicago,IL,60601,USA,"2166 Oak Blvd, Chicago, IL 60601, USA",PCP0057,Active,EHR,P01120,ING-PAT-20261005-01120,2026-10-05T10:54:00,2026-10-05T10:56:00,2025-11-24T10:56:00,2026-10-05T10:56:00,2026-10-05T10:00:00,b0c5964465e03b8a20a684344395a4f27bb6391ea03478bad4dea2688a6217a5,CURRENT,True
101121,P01121,453dd6a570fa0fec91829a088d125fcf8da14cbe127cbe45a16cb858bad8b187,MEM7001121,GRP1001,OakStreet-South,896-74-6367,Nancy,Perez,1967-12-15,F,+17163512916,5759 Oak Blvd,,Houston,TX,77005,USA,"5759 Oak Blvd, Houston, TX 77005, USA",PCP0073,Active,EHR,P01121,ING-PAT-20261005-01121,2026-10-05T10:54:03,2026-10-05T10:56:03,2022-06-09T10:56:03,2026-10-05T10:56:03,2026-10-05T07:34:03,734045aba317a7e08ab99426eaa171bcc54e31b55d84df3cfb1fe91f52f8051d,CURRENT,True
101122,P01122,6ab64a6baa8b9937033f71207922ebe509348805c3bdf712b9d0ab2b9aff6611,MEM7001122,GRP1002,OakStreet-East,223-17-2932,Richard,Clark,1987-06-04,M,+13627289549,5557 Oak Rd,,San Antonio,TX,78205,USA,"5557 Oak Rd, San Antonio, TX 78205, USA",PCP0109,Active,EHR,P01122,ING-PAT-20261005-01122,2026-10-05T10:54:06,2026-10-05T10:56:06,2025-01-08T10:56:06,2026-10-05T10:56:06,2026-10-05T08:55:06,33f120009d0263837d847b2888ae08ed91d61fedf63694a0ffbf4a2ef15cd0ed,CURRENT,True
101123,P01123,c54df15ee01f22ffe3df39cb73a50237c3178f52856a01f242fc5de34d1de3d6,MEM7001123,GRP1003,OakStreet-Southwest,327-49-1120,Margaret,Davis,1999-06-22,F,+12056174076,4694 Lake Ave,Apt 923,Austin,TX,78701,USA,"4694 Lake Ave Apt 923, Austin, TX 78701, USA",PCP0117,Active,EHR,P01123,ING-PAT-20261005-01123,2026-10-05T10:54:09,2026-10-05T10:56:09,2023-02-15T10:56:09,2026-10-05T10:56:09,2026-10-05T08:26:09,1fa7820beb39c5087b0010a371284c72ed3837cbceafbad9938fff49d388e0e0,CURRENT,True
101124,P01124,eb2a3eaf4d03517f70fe1ec9302e4f83084a23eb14f5a1668ad2dcb6e79fc8a6,MEM7001124,GRP1004,OakStreet-Central,123-47-5321,Richard,Lee,1937-02-20,M,+14966824419,3791 Oak Rd,,Atlanta,GA,30303,USA,"3791 Oak Rd, Atlanta, GA 30303, USA",PCP0010,Active,EHR,P01124,ING-PAT-20261005-01124,2026-10-05T10:54:12,2026-10-05T10:56:12,2022-12-12T10:56:12,2026-10-05T10:56:12,2026-10-05T07:06:12,f74601b55e0e697c3427544b457cd91181b3e30cd08ac90386b34771c5986319,CURRENT,True
101125,P01125,fd41ea27ce88cd0ff97442b74a22054fe9573284767935092ad58eef53e27c46,MEM7001125,GRP1005,OakStreet-South,417-90-9962,Linda,Anderson,1937-12-16,F,+17742048121,9830 Oak Ave,,Dallas,TX,75201,USA,"9830 Oak Ave, Dallas, TX 75201, USA",PCP0014,Active,EHR,P01125,ING-PAT-20261005-01125,2026-10-05T10:54:15,2026-10-05T10:56:15,2025-10-27T10:56:15,2026-10-05T10:56:15,2026-10-05T08:03:15,949dbf7a98d681eead2ea6313841618fd7cc8a36a8a84917e8aab67d413a1359,CURRENT,True
101126,P01126,a76449287894a2a46663f144e16c8d549b4147693e5aa10754162ee666bef8a8,MEM7001126,GRP1006,OakStreet-East,746-27-4879,Linda,Brown,1973-10-01,M,+13659576869,195 Park Blvd,,San Antonio,TX,78205,USA,"195 Park Blvd, San Antonio, TX 78205, USA",PCP0024,Active,EHR,P01126,ING-PAT-20261005-01126,2026-10-05T10:54:18,2026-10-05T10:56:18,2024-07-17T10:56:18,2026-10-05T10:56:18,2026-10-05T07:56:18,0f6d79ca0a1b167505728c24d43078f0c5cb149d3e7e5e8a5fa284eb363a373a,CURRENT,True
101127,P01127,904f592c51202a5a5cd83888395ecab46326cdada05d4e551406202416f91718,MEM7001127,GRP1007,OakStreet-Southwest,111-42-0542,Nancy,Anderson,1990-05-10,M,+12334165634,5884 Market Blvd,,Houston,TX,77005,USA,"5884 Market Blvd, Houston, TX 77005, USA",PCP0109,Active,EHR,P01127,ING-PAT-20261005-01127,2026-10-05T10:54:21,2026-10-05T10:56:21,2024-06-06T10:56:21,2026-10-05T10:56:21,2026-10-05T08:35:21,5ca5b9e8547bf358815d36bd63a43b6a1c9a6682055537bd02a90c806f35b84a,CURRENT,True
101128,P01128,a8ccae2af977d779b577c19d8a50c2e706b5a9476cb9b90d6a166a2c55aba349,MEM7001128,GRP1008,OakStreet-Central,178-48-9672,Linda,Wilson,1989-09-22,M,+16138169643,4831 Pine Ave,,Phoenix,AZ,85004,USA,"4831 Pine Ave, Phoenix, AZ 85004, USA",PCP0088,Active,EHR,P01128,ING-PAT-20261005-01128,2026-10-05T10:54:24,2026-10-05T10:56:24,2025-04-23T10:56:24,2026-10-05T10:56:24,2026-10-05T09:14:24,7c432677bf5dae4ce64c88a8028e4ba27db273a8cb2bbc367b99cf7ab200074c,CURRENT,True
101129,P01129,d21ead2d33fb279058740bb7dd69120283166126c9932a8df1433ca8cc1c3513,MEM7001129,GRP1009,OakStreet-South,382-51-9972,Nancy,Martinez,1962-05-12,M,+12048809326,8292 Main Ave,,Houston,TX,77005,USA,"8292 Main Ave, Houston, TX 77005, USA",PCP0048,Active,EHR,P01129,ING-PAT-20261005-01129,2026-10-05T10:54:27,2026-10-05T10:56:27,2023-05-15T10:56:27,2026-10-05T10:56:27,2026-10-05T09:20:27,5b0ad7d06da67868a3681e0412e41df371b62a2551d2185418a0bab2cfddf5c9,CURRENT,True
101130,P01130,11bc91834f51f6d28ba1e6957c1df7534759cf56b179900915c0ee018e47bbbd,MEM7001130,GRP1010,OakStreet-East,213-41-1761,John,Taylor,1978-01-16,F,+17052642153,7128 Park Blvd,,Atlanta,GA,30303,USA,"7128 Park Blvd, Atlanta, GA 30303, USA",PCP0094,Active,EHR,P01130,ING-PAT-20261005-01130,2026-10-05T10:54:30,2026-10-05T10:56:30,2022-05-26T10:56:30,2026-10-05T10:56:30,2026-10-05T09:07:30,aeab53dde3af4dd522802b43f7bd2da126be8f88535252ebda9a256e3dc81590,CURRENT,True
101131,P01131,90600680474c68b93464b9d477e3d34e9ba9f02dec16e978efdd35e55fb10c13,MEM7001131,GRP1011,OakStreet-Southwest,856-80-4385,Joseph,Davis,1941-10-06,M,+17394518998,5237 Washington Ave,Apt 494,Houston,TX,77002,USA,"5237 Washington Ave Apt 494, Houston, TX 77002, USA",PCP0038,Active,EHR,P01131,ING-PAT-20261005-01131,2026-10-05T10:54:33,2026-10-05T10:56:33,2025-04-12T10:56:33,2026-10-05T10:56:33,2026-10-05T07:31:33,b178d383c8c58aed4810941e5be0a39bfb741ed3325836300c823f854f5cc1f4,CURRENT,True
101132,P01132,4fd3d287af09964afb639598b488d0aa3231545677085734423a04c954f45acc,MEM7001132,GRP1012,OakStreet-Central,384-10-6737,Ashley,Jones,1991-11-10,F,+17485801006,7376 Lake St,Apt 668,Chicago,IL,60601,USA,"7376 Lake St Apt 668, Chicago, IL 60601, USA",PCP0028,Active,EHR,P01132,ING-PAT-20261005-01132,2026-10-05T10:54:36,2026-10-05T10:56:36,2025-08-11T10:56:36,2026-10-05T10:56:36,2026-10-05T09:54:36,d17b334711a28bb312eed9df5923e336c049fac30920a0c9367f3c74c88a9ac1,CURRENT,True
101133,P01133,ccc9bd71b581e103b7fa6c1cabe76fb015f7738940dd9f35a386dfb180969b6c,MEM7001133,GRP1013,OakStreet-South,772-55-5247,Sarah,Taylor,1968-01-28,M,+12637489325,7370 Pine Rd,,Orlando,FL,32801,USA,"7370 Pine Rd, Orlando, FL 32801, USA",PCP0001,Active,EHR,P01133,ING-PAT-20261005-01133,2026-10-05T10:54:39,2026-10-05T10:56:39,2022-09-07T10:56:39,2026-10-05T10:56:39,2026-10-05T07:49:39,c7e90b263fc806916bf464310550ebe702aac0ecf50b0e4339e6776c220a545b,CURRENT,True
101134,P01134,05a5c15f6cd19bfdcdd1ab720d138ab5ace161459378a326a5396d1bcab62283,MEM7001134,GRP1014,OakStreet-East,507-10-2932,Charles,Harris,1942-05-05,F,+13737011593,1549 Oak St,,Phoenix,AZ,85004,USA,"1549 Oak St, Phoenix, AZ 85004, USA",PCP0007,Active,EHR,P01134,ING-PAT-20261005-01134,2026-10-05T10:54:42,2026-10-05T10:56:42,2024-05-03T10:56:42,2026-10-05T10:56:42,2026-10-05T10:17:42,8e241df6fd187a03ff526c3f00c0bb727ddcaac7f18b136beddc78fd827341c2,CURRENT,True
101135,P01135,3a25f7ad82bae708d049b16f0fd238f0d4389787ab5b0101ffe0a84ff0a25334,MEM7001135,GRP1015,OakStreet-Southwest,678-41-1019,Jessica,Thompson,1940-03-13,F,+18704945226,9617 Main Ave,,Phoenix,AZ,85004,USA,"9617 Main Ave, Phoenix, AZ 85004, USA",PCP0019,Active,EHR,P01135,ING-PAT-20261005-01135,2026-10-05T10:54:45,2026-10-05T10:56:45,2023-02-27T10:56:45,2026-10-05T10:56:45,2026-10-05T10:36:45,b4ebf0e1da91b4841f32b1a22a52a8948ec79b11feeeba42db0ef507ff744bfd,CURRENT,True
101136,P01136,3225546f57e4688c5dbc91ddd2cc2ff26e06f3d20108561d3d31c054638626f3,MEM7001136,GRP1016,OakStreet-Central,627-85-7296,Betty,Rodriguez,1935-03-11,F,+14638981915,4169 Washington Blvd,Apt 637,San Antonio,TX,78205,USA,"4169 Washington Blvd Apt 637, San Antonio, TX 78205, USA",PCP0060,Active,EHR,P01136,ING-PAT-20261005-01136,2026-10-05T10:54:48,2026-10-05T10:56:48,2025-09-30T10:56:48,2026-10-05T10:56:48,2026-10-05T07:21:48,dcc398d64801be22dcb2588176ade7eb880de7606d0ea208571e8f8abffd1541,CURRENT,True
101137,P01137,62a00f7daf8ed85b6163102bec5838f3adf7e9c27d797745d306fd99c88f287f,MEM7001137,GRP1017,OakStreet-South,384-46-6068,Margaret,Walker,1955-07-24,M,+19733208770,1275 Park St,,Houston,TX,77005,USA,"1275 Park St, Houston, TX 77005, USA",PCP0070,Active,EHR,P01137,ING-PAT-20261005-01137,2026-10-05T10:54:51,2026-10-05T10:56:51,2023-07-12T10:56:51,2026-10-05T10:56:51,2026-10-05T08:14:51,12c945d314fb9810e6f19e30b77999417fcfed452c3a51d8b7e531cc53b21d49,CURRENT,True
101138,P01138,aef92453264f8ad5c50ca36d6e94d05877296648721f8269d202c0f1aaf04712,MEM7001138,GRP1018,OakStreet-East,768-55-6877,Steven,Garcia,1996-04-08,M,+17642765272,3135 Main Blvd,,Houston,TX,77024,USA,"3135 Main Blvd, Houston, TX 77024, USA",PCP0101,Active,EHR,P01138,ING-PAT-20261005-01138,2026-10-05T10:54:54,2026-10-05T10:56:54,2023-10-14T10:56:54,2026-10-05T10:56:54,2026-10-05T07:59:54,e9e743eb3899c8c89398f3900c0977f22c92e47d79f1da8802edc4b7bfd908d0,CURRENT,True
101139,P01139,eb6e2e221a2c6f4b2a31e9178916ed4b731125ff370e72d913e54861f492cc45,MEM7001139,GRP1019,OakStreet-Southwest,609-48-1215,Robert,Wilson,1989-09-06,M,+16936884748,1823 Lake Rd,,Atlanta,GA,30303,USA,"1823 Lake Rd, Atlanta, GA 30303, USA",PCP0094,Active,EHR,P01139,ING-PAT-20261005-01139,2026-10-05T10:54:57,2026-10-05T10:56:57,2024-02-24T10:56:57,2026-10-05T10:56:57,2026-10-05T10:04:57,7d06d35a6a770fae8a72befb647058239c4bf168b7b6f23a7c03363e8af3c5f3,CURRENT,True
101140,P01140,d44f35cd8d2b82c61e65269893e3e7d7fcee4b682be7c29091b6255887506a20,MEM7001140,GRP1020,OakStreet-Central,811-13-5467,Mark,Wilson,1944-12-27,F,+12475524455,9782 Oak Rd,Apt 425,Dallas,TX,75201,USA,"9782 Oak Rd Apt 425, Dallas, TX 75201, USA",PCP0077,Active,EHR,P01140,ING-PAT-20261005-01140,2026-10-05T10:55:00,2026-10-05T10:57:00,2022-06-06T10:57:00,2026-10-05T10:57:00,2026-10-05T10:18:00,5f8957e8e03ef3034bd1f96efb7c1eb4c96125698b232c80e3edeabc761d4875,CURRENT,True
101141,P01141,537315f3b19915b1cc6f6156bb9d5a514b9ee54557019487ed7aecbf0b11a402,MEM7001141,GRP1021,OakStreet-South,614-71-5523,Anthony,Davis,1960-03-21,F,+13486521172,1867 Lake St,,Austin,TX,78701,USA,"1867 Lake St, Austin, TX 78701, USA",PCP0054,Active,EHR,P01141,ING-PAT-20261005-01141,2026-10-05T10:55:03,2026-10-05T10:57:03,2023-08-06T10:57:03,2026-10-05T10:57:03,2026-10-05T07:25:03,27bb0cb5a9ddd92b08dd8e0c41413f852430be763f937da2f64cb35b55a306c7,CURRENT,True
101142,P01142,9d2cf16095bababd56123e85c78b096e09a967bc9a14199d3dbc581cf10fa29b,MEM7001142,GRP1022,OakStreet-East,652-89-8069,Margaret,Gonzalez,1971-05-22,M,+16349387877,6130 Main St,,Atlanta,GA,30303,USA,"6130 Main St, Atlanta, GA 30303, USA",PCP0068,Active,EHR,P01142,ING-PAT-20261005-01142,2026-10-05T10:55:06,2026-10-05T10:57:06,2025-11-09T10:57:06,2026-10-05T10:57:06,2026-10-05T09:56:06,2915ea0fd0b685d3331d46405b7bf7a60832c615276768385de64b5427d542ff,CURRENT,True
101143,P01143,a8f960e267e5ad0e19a0e6e9ed8ea364aa5f81622d89eb2c7dc8ad9237d9330f,MEM7001143,GRP1023,OakStreet-Southwest,457-87-9654,Jessica,Robinson,1960-11-04,M,+13587184143,2328 Lake Blvd,,Houston,TX,77005,USA,"2328 Lake Blvd, Houston, TX 77005, USA",PCP0038,Active,EHR,P01143,ING-PAT-20261005-01143,2026-10-05T10:55:09,2026-10-05T10:57:09,2022-04-06T10:57:09,2026-10-05T10:57:09,2026-10-05T10:28:09,6fc1ea2bd392edc4a6f7a58eaf86ea639a7f80a0968fb302449abd6d7515f869,CURRENT,True
101144,P01144,0df5dbf47b3ca900e9c7ae0217232739f2e35aefd56e32e221fefb4b1bef710d,MEM7001144,GRP1024,OakStreet-Central,867-11-7856,Steven,Taylor,2001-08-11,F,+14213863711,1031 Market Blvd,,Houston,TX,77005,USA,"1031 Market Blvd, Houston, TX 77005, USA",PCP0106,Active,EHR,P01144,ING-PAT-20261005-01144,2026-10-05T10:55:12,2026-10-05T10:57:12,2023-07-05T10:57:12,2026-10-05T10:57:12,2026-10-05T09:39:12,6c1bc207b909e51ab0f50da10c0e77229c657e453c76857efbe61fccba2018a5,CURRENT,True
101145,P01145,398c4008d18ed1527501d13d2e075c6a42897b9a1b7412079a6c96ea19647764,MEM7001145,GRP1025,OakStreet-South,635-67-3867,Charles,Williams,1941-12-14,F,+18939027773,6787 Lake St,,Houston,TX,77024,USA,"6787 Lake St, Houston, TX 77024, USA",PCP0011,Active,EHR,P01145,ING-PAT-20261005-01145,2026-10-05T10:55:15,2026-10-05T10:57:15,2025-10-11T10:57:15,2026-10-05T10:57:15,2026-10-05T09:08:15,22e520e87284ff2c9306af3bf7cfbdc4d6b6991dc0e6e82e9580eceb2d2002d9,CURRENT,True
101146,P01146,f418e7ae7eb158f915fabef65b1c5c2e749bf9a3a1211012e49e0b62d6153fad,MEM7001146,GRP1026,OakStreet-East,147-12-5043,Mary,Davis,1949-05-10,M,+15652574874,5098 Park Rd,,Houston,TX,77005,USA,"5098 Park Rd, Houston, TX 77005, USA",PCP0094,Active,EHR,P01146,ING-PAT-20261005-01146,2026-10-05T10:55:18,2026-10-05T10:57:18,2022-02-20T10:57:18,2026-10-05T10:57:18,2026-10-05T09:00:18,c964b4329eaa533a02e02895f5f24ccb404d4d643a4ae6bcd4cbf97d637dc14d,CURRENT,True
101147,P01147,bad5413a676b783e9733cebfa37d35d0aa03eae33159c1e2ec3720d0aea6e2ba,MEM7001147,GRP1027,OakStreet-Southwest,799-47-5176,Lisa,Davis,1951-12-02,F,+13326981576,318 Washington Rd,,Chicago,IL,60601,USA,"318 Washington Rd, Chicago, IL 60601, USA",PCP0079,Active,EHR,P01147,ING-PAT-20261005-01147,2026-10-05T10:55:21,2026-10-05T10:57:21,2023-01-28T10:57:21,2026-10-05T10:57:21,2026-10-05T09:19:21,019271d7dbe155f06896e02ffdb6d98cfd54d60820a4b9d6382488d1c7d605cd,CURRENT,True
101148,P01148,bc20d8809548ddb8ca1c1cdc28b990561b3e5acb85c66be630bb34a86b834737,MEM7001148,GRP1028,OakStreet-Central,473-88-0287,John,Jackson,1992-01-02,M,+19566044427,5760 Market Ave,,Atlanta,GA,30303,USA,"5760 Market Ave, Atlanta, GA 30303, USA",PCP0101,Active,EHR,P01148,ING-PAT-20261005-01148,2026-10-05T10:55:24,2026-10-05T10:57:24,2025-12-02T10:57:24,2026-10-05T10:57:24,2026-10-05T10:47:24,63d4ee8fc6b358ceb3807d042fb38e8de7d73953334c8bb569d9ed6627cf14c6,CURRENT,True
101149,P01149,91e91a4294b30dce3f61ef974ab9fac377606d8e91ab89d551afe015d6ba8bb7,MEM7001149,GRP1029,OakStreet-South,433-45-7234,Thomas,Davis,1957-01-12,M,+14117642051,3922 Main Rd,,Phoenix,AZ,85004,USA,"3922 Main Rd, Phoenix, AZ 85004, USA",PCP0046,Active,EHR,P01149,ING-PAT-20261005-01149,2026-10-05T10:55:27,2026-10-05T10:57:27,2023-12-10T10:57:27,2026-10-05T10:57:27,2026-10-05T07:50:27,5e0f86546603f6e2c95105b964b817a2958eae7f3ef23dee6d52d26d6b74267e,CURRENT,True
101150,P01150,a6ee1bb18d21c99598f16b822fda28810d01d31c316294cd973a6245531f300d,MEM7001150,GRP1030,OakStreet-East,680-49-1232,Jessica,Johnson,2004-05-20,F,+18803784101,4063 Lake Blvd,,Houston,TX,77005,USA,"4063 Lake Blvd, Houston, TX 77005, USA",PCP0091,Active,EHR,P01150,ING-PAT-20261005-01150,2026-10-05T10:55:30,2026-10-05T10:57:30,2022-03-13T10:57:30,2026-10-05T10:57:30,2026-10-05T08:01:30,2441b20be0bcf96b421aa2d974d177948289ddbcfcd5a9bdd0367a15584c3e68,CURRENT,True
101151,P01151,a3f41534e1277153cc940228436ab55567c09ffa1779d4f2bb83d078a74f95b6,MEM7001151,GRP1031,OakStreet-Southwest,585-97-8321,Mary,Anderson,1980-11-11,F,+12712541689,5579 Park Ave,,Houston,TX,77002,USA,"5579 Park Ave, Houston, TX 77002, USA",PCP0051,Inactive,EHR,P01151,ING-PAT-20261005-01151,2026-10-05T10:55:33,2026-10-05T10:57:33,2023-03-05T10:57:33,2026-10-05T10:57:33,2026-10-05T10:46:33,4de07e7e5941c1fe060f583a142bacc375c2196d56ac614096cdfc07c0be33e2,CURRENT,True
101152,P01152,35fdd1f794369767666a0a729aebc0ffb7342e0de233bfb56d1617ce123bb1a3,MEM7001152,GRP1032,OakStreet-Central,151-56-3441,Michael,Miller,1986-09-17,M,+16392809153,1986 Park Rd,,Houston,TX,77005,USA,"1986 Park Rd, Houston, TX 77005, USA",PCP0039,Active,EHR,P01152,ING-PAT-20261005-01152,2026-10-05T10:55:36,2026-10-05T10:57:36,2022-03-24T10:57:36,2026-10-05T10:57:36,2026-10-05T08:01:36,c91ac1ba7149c15b7e63c627fd0fad3b8a6d2f2550c461f757dfac59b9927e49,CURRENT,True
101153,P01153,6a83092571ba3ad9eacec0d5a4b0f79d0957429244465db97dc11978d714b359,MEM7001153,GRP1033,OakStreet-South,675-24-2121,Richard,Jones,1961-11-25,F,+17842825663,4072 Oak Blvd,,Dallas,TX,75201,USA,"4072 Oak Blvd, Dallas, TX 75201, USA",PCP0111,Active,EHR,P01153,ING-PAT-20261005-01153,2026-10-05T10:55:39,2026-10-05T10:57:39,2024-01-19T10:57:39,2026-10-05T10:57:39,2026-10-05T07:19:39,080590cd90d29295284dcb4a9906773decd13be57e778dbd199f73a67196c39d,CURRENT,True
101154,P01154,2df076b8d780bb74002303db89a77680c5a775dfafb0ac547688fdd5a25a183a,MEM7001154,GRP1034,OakStreet-East,158-77-3521,Lisa,Miller,1983-04-01,M,+13455627091,8237 Park Blvd,,Houston,TX,77002,USA,"8237 Park Blvd, Houston, TX 77002, USA",PCP0004,Active,EHR,P01154,ING-PAT-20261005-01154,2026-10-05T10:55:42,2026-10-05T10:57:42,2023-12-23T10:57:42,2026-10-05T10:57:42,2026-10-05T07:53:42,f2bfe2642ac4e271c142ff6f83cdfe7f20aecf092ed001fdea9ebbe85968f63c,CURRENT,True
101155,P01155,6e8866e53dc71e6193775665a52492c728b5f8defa1ad7e010896f39d2c82bfa,MEM7001155,GRP1035,OakStreet-Southwest,225-57-4222,David,Martinez,1955-10-12,M,+13833284751,6175 Washington St,Apt 260,Dallas,TX,75201,USA,"6175 Washington St Apt 260, Dallas, TX 75201, USA",PCP0051,Inactive,EHR,P01155,ING-PAT-20261005-01155,2026-10-05T10:55:45,2026-10-05T10:57:45,2021-12-04T10:57:45,2026-10-05T10:57:45,2026-10-05T09:31:45,16a82527de4a50344549d8b46320a8ff2f842fccfb04388dcdd563bd00c919bf,CURRENT,True
101156,P01156,2e40806099c036b414886e325253658fb226eb10bbf11ee28934c6adc0ded9bd,MEM7001156,GRP1036,OakStreet-Central,340-16-7731,Betty,Clark,1992-06-13,F,+14733528137,3051 Park St,,Houston,TX,77002,USA,"3051 Park St, Houston, TX 77002, USA",PCP0116,Active,EHR,P01156,ING-PAT-20261005-01156,2026-10-05T10:55:48,2026-10-05T10:57:48,2025-11-26T10:57:48,2026-10-05T10:57:48,2026-10-05T08:11:48,95b4053ca6c165c6d010b48afb8438f9f10aad684567abd768d0f20c64459f13,CURRENT,True
101157,P01157,9789f319e2b2d8cf081496ac4ef3ea6b75f7a855736c5774161611f4a041d840,MEM7001157,GRP1037,OakStreet-South,291-84-6525,Mark,Clark,1971-07-16,F,+15849376434,2292 Washington Ave,Apt 805,Phoenix,AZ,85004,USA,"2292 Washington Ave Apt 805, Phoenix, AZ 85004, USA",PCP0070,Active,EHR,P01157,ING-PAT-20261005-01157,2026-10-05T10:55:51,2026-10-05T10:57:51,2025-08-22T10:57:51,2026-10-05T10:57:51,2026-10-05T10:17:51,5e7e6579d4ed989c02805ebe8e0581df55b457b5cf0ccc48abdcfb306ec394b8,CURRENT,True
101158,P01158,2e43d8d87eba5e7dea358c3b22e865e32193addeb2cfbaa11a8f86dff01c5f87,MEM7001158,GRP1038,OakStreet-East,684-90-9121,Margaret,Harris,1967-03-11,M,+17286677003,7412 Pine Blvd,Apt 182,Dallas,TX,75201,USA,"7412 Pine Blvd Apt 182, Dallas, TX 75201, USA",PCP0044,Active,EHR,P01158,ING-PAT-20261005-01158,2026-10-05T10:55:54,2026-10-05T10:57:54,2022-03-11T10:57:54,2026-10-05T10:57:54,2026-10-05T08:28:54,6d9702e829daf3b66ebdd93bc2b963c482651b417cf7901fc3b8a94fd97a4af6,CURRENT,True
101159,P01159,2f344bd59a5b5ba84baa94789dd8a5989ad5af4ac610605c3ec7fa857504b6df,MEM7001159,GRP1039,OakStreet-Southwest,105-42-8499,Daniel,Johnson,1945-09-17,F,+12557162711,8033 Lake Rd,,Houston,TX,77005,USA,"8033 Lake Rd, Houston, TX 77005, USA",PCP0065,Active,EHR,P01159,ING-PAT-20261005-01159,2026-10-05T10:55:57,2026-10-05T10:57:57,2021-11-07T10:57:57,2026-10-05T10:57:57,2026-10-05T07:48:57,73e7a80b07611a511d9aaad18a44ff64cace149b94939a0bd9c98c87ed4494e1,CURRENT,True
101160,P01160,c2ef0c6b82b16665fc17d14cb63fc52975b5ea9324bf75f322691a052a70d24b,MEM7001160,GRP1000,OakStreet-Central,245-39-1782,Richard,Harris,1983-03-07,M,+19282708943,6597 Lake Blvd,,Dallas,TX,75201,USA,"6597 Lake Blvd, Dallas, TX 75201, USA",PCP0097,Active,EHR,P01160,ING-PAT-20261005-01160,2026-10-05T10:56:00,2026-10-05T10:58:00,2022-08-02T10:58:00,2026-10-05T10:58:00,2026-10-05T09:13:00,1df7bb91a868d9d518bc33bbdc98ff4a42a4394199c8138a2f1c5813efa20cc3,CURRENT,True
101161,P01161,ce4a7a7b6de6adc1effe91768b17829c858849a7e6a6c0b6108253828fb26b4b,MEM7001161,GRP1001,OakStreet-South,259-81-5921,Steven,Martinez,1956-03-26,M,+13385101534,7615 Pine Rd,,San Antonio,TX,78205,USA,"7615 Pine Rd, San Antonio, TX 78205, USA",PCP0068,Active,EHR,P01161,ING-PAT-20261005-01161,2026-10-05T10:56:03,2026-10-05T10:58:03,2024-06-14T10:58:03,2026-10-05T10:58:03,2026-10-05T07:14:03,c4eb7a905e5c6236583f8ae0484f04fd11cabe8b927bb408606b1a327559475f,CURRENT,True
101162,P01162,229b413834381d6749ef518343c78b46ec84b7cb986b8c65b560af34310fd114,MEM7001162,GRP1002,OakStreet-East,391-11-9195,Sarah,Rodriguez,1985-08-21,M,+18602546527,9252 Oak Ave,Apt 878,Houston,TX,77024,USA,"9252 Oak Ave Apt 878, Houston, TX 77024, USA",PCP0089,Active,EHR,P01162,ING-PAT-20261005-01162,2026-10-05T10:56:06,2026-10-05T10:58:06,2021-12-31T10:58:06,2026-10-05T10:58:06,2026-10-05T09:47:06,ad4ab078b4c7d0bed3aa458fa567c94e7eb1d6ee4c375fdf9c0c222eae9505e5,CURRENT,True
101163,P01163,ec9fe6552333eb9f92695a27898ed159b1bad303e2f08cb9496c0cdd2a53fbf2,MEM7001163,GRP1003,OakStreet-Southwest,753-87-5063,Anthony,Wilson,1992-11-20,F,+18992458891,8735 Washington Blvd,,Dallas,TX,75201,USA,"8735 Washington Blvd, Dallas, TX 75201, USA",PCP0105,Active,EHR,P01163,ING-PAT-20261005-01163,2026-10-05T10:56:09,2026-10-05T10:58:09,2022-11-26T10:58:09,2026-10-05T10:58:09,2026-10-05T10:38:09,e9f0d8a8e3ad85d6ef8006b8ac71ca0b4152229bf5d8dfdd0e85f4ffd827aed1,CURRENT,True
101164,P01164,e1f92b7b51e9b2758d0de72f6459149f6f67cd52d13f19e490cb3aeef8d3be69,MEM7001164,GRP1004,OakStreet-Central,316-55-6780,James,Lopez,1992-10-13,F,+18696238357,2992 Market Blvd,,Chicago,IL,60601,USA,"2992 Market Blvd, Chicago, IL 60601, USA",PCP0061,Active,EHR,P01164,ING-PAT-20261005-01164,2026-10-05T10:56:12,2026-10-05T10:58:12,2025-06-07T10:58:12,2026-10-05T10:58:12,2026-10-05T07:00:12,abbf181c798559c349137e6f8dab8c4ec2e785d0a75eef93b32425ccf779547c,CURRENT,True
101165,P01165,7582ec8307e5f9b68c2b5fe5eb644a16635d32fa180ad74c2fc5cc5bb76c7e69,MEM7001165,GRP1005,OakStreet-South,566-90-7979,Joseph,Sanchez,1974-11-13,F,+19884273654,7495 Market St,,Houston,TX,77002,USA,"7495 Market St, Houston, TX 77002, USA",PCP0010,Active,EHR,P01165,ING-PAT-20261005-01165,2026-10-05T10:56:15,2026-10-05T10:58:15,2025-03-27T10:58:15,2026-10-05T10:58:15,2026-10-05T08:34:15,7f81a4435b9249ab19b774f59d325f3f7174209df95ca4ebb5cb31c84f78c784,CURRENT,True
101166,P01166,32694f4e335e402360365db290afd0ec5ee3a9669d7f16aa389ac448c02c80dd,MEM7001166,GRP1006,OakStreet-East,243-13-2859,Elizabeth,Anderson,1991-06-20,M,+16924274917,541 Pine Rd,Apt 926,Austin,TX,78701,USA,"541 Pine Rd Apt 926, Austin, TX 78701, USA",PCP0011,Active,EHR,P01166,ING-PAT-20261005-01166,2026-10-05T10:56:18,2026-10-05T10:58:18,2025-03-27T10:58:18,2026-10-05T10:58:18,2026-10-05T10:09:18,b8fba93d59e5d14d0e6324d66c9f4914f13223321b208d94d588c67dacaf9e07,CURRENT,True
101167,P01167,036b78e773a62fa3c805e84cf7fa89fe6ce1c236769d1f236c9823f8dbc3b256,MEM7001167,GRP1007,OakStreet-Southwest,415-45-1627,Daniel,Moore,1955-08-24,F,+16866606790,2155 Oak Blvd,,Orlando,FL,32801,USA,"2155 Oak Blvd, Orlando, FL 32801, USA",PCP0115,Active,EHR,P01167,ING-PAT-20261005-01167,2026-10-05T10:56:21,2026-10-05T10:58:21,2022-01-27T10:58:21,2026-10-05T10:58:21,2026-10-05T08:11:21,e0ba1991dd49a8347800901573e553c9c4997ec04b9298ca5bf23e548d507529,CURRENT,True
101168,P01168,0ebafee7a6ea8b9947c0f7ad06eec1f6600dfa036c7b8ee6950d1757bc773ba1,MEM7001168,GRP1008,OakStreet-Central,541-89-9799,Richard,Robinson,1971-01-10,M,+14052142019,6299 Oak Blvd,,San Antonio,TX,78205,USA,"6299 Oak Blvd, San Antonio, TX 78205, USA",PCP0086,Active,EHR,P01168,ING-PAT-20261005-01168,2026-10-05T10:56:24,2026-10-05T10:58:24,2022-05-31T10:58:24,2026-10-05T10:58:24,2026-10-05T08:22:24,6ffff0e072a87b747ebe8ba2bdf79f1ffb189644e2ae4c44f0de83eaa426c124,CURRENT,True
101169,P01169,efdc03e536f524656f1aa3e0a84eb8a7ee859ea53f5dfa4af081aa1d0b89ce10,MEM7001169,GRP1009,OakStreet-South,330-39-0510,Betty,Gonzalez,1966-02-22,F,+13798939811,9787 Park Ave,,Chicago,IL,60601,USA,"9787 Park Ave, Chicago, IL 60601, USA",PCP0007,Active,EHR,P01169,ING-PAT-20261005-01169,2026-10-05T10:56:27,2026-10-05T10:58:27,2022-08-20T10:58:27,2026-10-05T10:58:27,2026-10-05T07:14:27,276d8630aa692f0543bb774ccf8a8d9df7c6c9715db1c5d2a9a2c53765acc1fe,CURRENT,True
101170,P01170,aba79263e98f8132e20523d3e1b0ba93bdecdb531f090d8528f8764e73347c81,MEM7001170,GRP1010,OakStreet-East,478-69-6876,Jessica,Thompson,1975-05-16,M,+16709205864,9946 Oak Ave,,San Antonio,TX,78205,USA,"9946 Oak Ave, San Antonio, TX 78205, USA",PCP0043,Active,EHR,P01170,ING-PAT-20261005-01170,2026-10-05T10:56:30,2026-10-05T10:58:30,2025-09-18T10:58:30,2026-10-05T10:58:30,2026-10-05T10:11:30,82fdce7cadd12611978b7f99b7006f47aa2ed3cb4464dccdcbba43428c73da8d,CURRENT,True
101171,P01171,5f94b683d2ba23bf1b3420efa7106571b824894980db2be69827d98290e23126,MEM7001171,GRP1011,OakStreet-Southwest,436-58-7773,Ashley,Ramirez,1975-06-01,M,+13242933357,8329 Market Blvd,,Orlando,FL,32801,USA,"8329 Market Blvd, Orlando, FL 32801, USA",PCP0007,Active,EHR,P01171,ING-PAT-20261005-01171,2026-10-05T10:56:33,2026-10-05T10:58:33,2022-05-28T10:58:33,2026-10-05T10:58:33,2026-10-05T09:50:33,6782916bfd31e4e2053ff2ac278758204b3d388a1d9bf2087cd218628c5b26d5,CURRENT,True
101172,P01172,61f3b1afee020e74ba4fbdc37bf8ca2a4bdee07d01de24d38a17d8aad85fe662,MEM7001172,GRP1012,OakStreet-Central,594-13-1925,Lisa,Williams,1942-04-22,F,+15314181647,5131 Main Ave,Apt 177,Chicago,IL,60601,USA,"5131 Main Ave Apt 177, Chicago, IL 60601, USA",PCP0040,Active,EHR,P01172,ING-PAT-20261005-01172,2026-10-05T10:56:36,2026-10-05T10:58:36,2025-01-08T10:58:36,2026-10-05T10:58:36,2026-10-05T07:54:36,5c84c14cd06efa79195dfc2491990db050824fcf398cb350f052d6c1ffea34c1,CURRENT,True
101173,P01173,5ea49d00d3165837bc684e436aae6965e118e6eda551bcc29bf5577cac0560bc,MEM7001173,GRP1013,OakStreet-South,580-83-8937,Patricia,Jackson,1982-01-18,M,+13083365894,1302 Oak Ave,,Dallas,TX,75201,USA,"1302 Oak Ave, Dallas, TX 75201, USA",PCP0082,Active,EHR,P01173,ING-PAT-20261005-01173,2026-10-05T10:56:39,2026-10-05T10:58:39,2023-10-07T10:58:39,2026-10-05T10:58:39,2026-10-05T09:03:39,16b4cf906aaf11b7b5d727706b19de33887e8534db94a6020a6216f16c8b52f5,CURRENT,True
101174,P01174,f413b88955dd519782ab4d304179378de198c6087ab0978ac8d4d09cc468928b,MEM7001174,GRP1014,OakStreet-East,414-68-4826,Sarah,Thompson,1940-06-14,F,+12707691232,6691 Pine Blvd,,Phoenix,AZ,85004,USA,"6691 Pine Blvd, Phoenix, AZ 85004, USA",PCP0111,Active,EHR,P01174,ING-PAT-20261005-01174,2026-10-05T10:56:42,2026-10-05T10:58:42,2024-02-15T10:58:42,2026-10-05T10:58:42,2026-10-05T10:06:42,274d8ab8a483d61e61b22f9bdb728eddecee1edc8b293372c32c68e00a8225b3,CURRENT,True
101175,P01175,50e3937a079f08c35a71d8064611b9d0d97e83ec34a5a54cff537cbafbacd53c,MEM7001175,GRP1015,OakStreet-Southwest,379-80-0271,Barbara,Johnson,1952-10-06,F,+14966768759,1465 Pine St,,Houston,TX,77005,USA,"1465 Pine St, Houston, TX 77005, USA",PCP0035,Active,EHR,P01175,ING-PAT-20261005-01175,2026-10-05T10:56:45,2026-10-05T10:58:45,2021-11-30T10:58:45,2026-10-05T10:58:45,2026-10-05T08:27:45,6571f54b9d686055a3b22efecb1814bb1b5efc9bf0062d7e8346239aa2e00510,CURRENT,True
101176,P01176,3a2f9d1ce28c09ba382991fa7e34973db9a7c5539a0a02a83a95d8923a2e61fb,MEM7001176,GRP1016,OakStreet-Central,272-98-0205,Elizabeth,Ramirez,1973-04-06,M,+17259053228,2885 Oak Blvd,,Austin,TX,78701,USA,"2885 Oak Blvd, Austin, TX 78701, USA",PCP0050,Active,EHR,P01176,ING-PAT-20261005-01176,2026-10-05T10:56:48,2026-10-05T10:58:48,2025-11-13T10:58:48,2026-10-05T10:58:48,2026-10-05T09:03:48,e1c5ad0f457d42fbc0c78515f452d0b3f89f9dfef8dc2bcd6e1282c365242419,CURRENT,True
101177,P01177,ae979a77b2578fb3d70eb7c1faa93dae049189a1f40f6d02b130a34e05ef8c61,MEM7001177,GRP1017,OakStreet-South,684-52-9585,Karen,Ramirez,1946-01-13,F,+14055297547,2845 Park Rd,,Houston,TX,77002,USA,"2845 Park Rd, Houston, TX 77002, USA",PCP0037,Active,EHR,P01177,ING-PAT-20261005-01177,2026-10-05T10:56:51,2026-10-05T10:58:51,2022-09-12T10:58:51,2026-10-05T10:58:51,2026-10-05T08:13:51,8bf759065cec18fb4041d730ae10bd359ff187da87f19a570f052ad536e88445,CURRENT,True
101178,P01178,a5f2e3d1756db33cc5694744451f73a27a4a28b121d4e9d91108ddbcb1bc337c,MEM7001178,GRP1018,OakStreet-East,278-99-0045,Steven,Martin,1941-12-04,M,+19824789686,6470 Lake Ave,Apt 632,Atlanta,GA,30303,USA,"6470 Lake Ave Apt 632, Atlanta, GA 30303, USA",PCP0062,Active,EHR,P01178,ING-PAT-20261005-01178,2026-10-05T10:56:54,2026-10-05T10:58:54,2023-12-25T10:58:54,2026-10-05T10:58:54,2026-10-05T07:57:54,9d934f794bceef935139cd91d3872969ba960f6d4e05118aa63ed8c3f676d3a9,CURRENT,True
101179,P01179,33f8467e3cbdd90970ae564754674d6da6d13f5fe07c86d4697411a16c4a7514,MEM7001179,GRP1019,OakStreet-Southwest,155-21-8894,Jennifer,Anderson,1952-07-16,F,+17692812423,4816 Main St,,Houston,TX,77005,USA,"4816 Main St, Houston, TX 77005, USA",PCP0057,Active,EHR,P01179,ING-PAT-20261005-01179,2026-10-05T10:56:57,2026-10-05T10:58:57,2024-03-30T10:58:57,2026-10-05T10:58:57,2026-10-05T07:59:57,bb0738a3eb43da778a7ca8e60e0ecec0c2e8ed5ea98cb0d7d1af6bce38b856ea,CURRENT,True
101180,P01180,a59601f2bed91d174c0c2009a21d917a1d1068b888b5428384cf065597c6745f,MEM7001180,GRP1020,OakStreet-Central,778-86-3972,Linda,Lopez,1968-05-23,M,+17823094028,1601 Park St,,Dallas,TX,75201,USA,"1601 Park St, Dallas, TX 75201, USA",PCP0045,Active,EHR,P01180,ING-PAT-20261005-01180,2026-10-05T10:57:00,2026-10-05T10:59:00,2023-02-06T10:59:00,2026-10-05T10:59:00,2026-10-05T07:24:00,155cd97497371a8c82152747743447b0d5d814851f7585d89ede8312b69bf644,CURRENT,True
101181,P01181,bad86df9cf3ddc0c5147ede98c292ac318155691a0a5b41a2d8cc4650eeaafe4,MEM7001181,GRP1021,OakStreet-South,887-21-0964,David,Taylor,1975-01-08,M,+17682403574,424 Oak Ave,,Dallas,TX,75201,USA,"424 Oak Ave, Dallas, TX 75201, USA",PCP0109,Active,EHR,P01181,ING-PAT-20261005-01181,2026-10-05T10:57:03,2026-10-05T10:59:03,2022-10-07T10:59:03,2026-10-05T10:59:03,2026-10-05T09:19:03,73b58cef0910156c6815cc4a9fccc32ae08afcf1f7b63d5a1d7e6ea1eaa5f372,CURRENT,True
101182,P01182,004ccfdf6bd32c784d7f85cbdfb2abe1f4149888254235c159640b4e0c4dde70,MEM7001182,GRP1022,OakStreet-East,562-88-9631,Jessica,Garcia,1943-08-09,M,+15126844118,914 Oak Blvd,,Houston,TX,77002,USA,"914 Oak Blvd, Houston, TX 77002, USA",PCP0015,Active,EHR,P01182,ING-PAT-20261005-01182,2026-10-05T10:57:06,2026-10-05T10:59:06,2024-01-03T10:59:06,2026-10-05T10:59:06,2026-10-05T07:24:06,b5f1f54bd131c66d2cb1cfcbe85878dcce922e548409f0db57585a88c9faac5f,CURRENT,True
101183,P01183,0ba9081f38bb858a2a96e0fbd2b4ab7f0ab07a29b7cba66b74cf1054543e19b3,MEM7001183,GRP1023,OakStreet-Southwest,154-42-3281,Steven,Anderson,1947-02-17,M,+18716734678,412 Market Blvd,Apt 728,Houston,TX,77002,USA,"412 Market Blvd Apt 728, Houston, TX 77002, USA",PCP0117,Active,EHR,P01183,ING-PAT-20261005-01183,2026-10-05T10:57:09,2026-10-05T10:59:09,2023-12-15T10:59:09,2026-10-05T10:59:09,2026-10-05T09:08:09,d1f1bf16faf6dbacfa73356a320e239e697056aca3af55de73430837fed620a3,CURRENT,True
101184,P01184,16514f897faf385331e88375adef7759812d3f789d57ba7dcc70ebab378a195b,MEM7001184,GRP1024,OakStreet-Central,329-19-8372,Elizabeth,Martinez,1997-03-10,M,+19103202937,6315 Market Ave,Apt 234,San Antonio,TX,78205,USA,"6315 Market Ave Apt 234, San Antonio, TX 78205, USA",PCP0050,Active,EHR,P01184,ING-PAT-20261005-01184,2026-10-05T10:57:12,2026-10-05T10:59:12,2025-04-03T10:59:12,2026-10-05T10:59:12,2026-10-05T09:52:12,53463eb9888f51d62059e4e30192db9baec3c124d38fdbba47a7c3188395695d,CURRENT,True
101185,P01185,05673862a05cbf9a49c39507e5158f0ae4a284e0e86b269cea3853e645c589b4,MEM7001185,GRP1025,OakStreet-South,290-93-2929,Margaret,Harris,1979-06-13,M,+16243047422,4297 Main Ave,,Atlanta,GA,30303,USA,"4297 Main Ave, Atlanta, GA 30303, USA",PCP0002,Active,EHR,P01185,ING-PAT-20261005-01185,2026-10-05T10:57:15,2026-10-05T10:59:15,2024-01-14T10:59:15,2026-10-05T10:59:15,2026-10-05T08:02:15,c23eb8aea3165cbbbbdf34224d503add94d57937ad57c123366517595f788dc2,CURRENT,True
101186,P01186,955476e1073718b1214bfd9ff14916492f1e670fde190af0a0ad8a69c3f8b24e,MEM7001186,GRP1026,OakStreet-East,556-17-1302,David,Robinson,1951-06-28,M,+18404554988,3450 Park St,,Houston,TX,77024,USA,"3450 Park St, Houston, TX 77024, USA",PCP0031,Active,EHR,P01186,ING-PAT-20261005-01186,2026-10-05T10:57:18,2026-10-05T10:59:18,2025-03-17T10:59:18,2026-10-05T10:59:18,2026-10-05T07:41:18,ea1795938d5722ac861f1f0c309ac457f2b3c4fd1d53574c103dc0995a48243d,CURRENT,True
101187,P01187,1578b705b7f1ef2c504fdde48b01674e13fc6c524484d278e8079aa17e8fca4a,MEM7001187,GRP1027,OakStreet-Southwest,242-29-9240,Joseph,Brown,1941-10-06,F,+18558923096,2899 Market Ave,,Orlando,FL,32801,USA,"2899 Market Ave, Orlando, FL 32801, USA",PCP0061,Active,EHR,P01187,ING-PAT-20261005-01187,2026-10-05T10:57:21,2026-10-05T10:59:21,2023-07-18T10:59:21,2026-10-05T10:59:21,2026-10-05T08:48:21,ee50a7a6f3d3640ec0141a591d616b1a688307c6e5d8d3fa60f7ec315341fbdb,CURRENT,True
101188,P01188,f8e81c4a3ecf640c2f37886914b8938eaeb9dcdcc0924cafe7cb24a5370ab73c,MEM7001188,GRP1028,OakStreet-Central,852-68-8448,James,Sanchez,1961-01-23,F,+16694118322,3183 Oak St,,Austin,TX,78701,USA,"3183 Oak St, Austin, TX 78701, USA",PCP0051,Active,EHR,P01188,ING-PAT-20261005-01188,2026-10-05T10:57:24,2026-10-05T10:59:24,2024-01-04T10:59:24,2026-10-05T10:59:24,2026-10-05T08:33:24,017cb8115f33ee356dc1242c22b3b606432a30dce1ce26bf91712bc71888e6ba,CURRENT,True
101189,P01189,39638d607c946685d34e7cf910b12543079af84b240d963e399dd8a1aec2c0f0,MEM7001189,GRP1029,OakStreet-South,758-10-0618,Jessica,Wilson,1947-07-03,M,+13466046701,860 Park Blvd,,Dallas,TX,75201,USA,"860 Park Blvd, Dallas, TX 75201, USA",PCP0066,Active,EHR,P01189,ING-PAT-20261005-01189,2026-10-05T10:57:27,2026-10-05T10:59:27,2025-07-22T10:59:27,2026-10-05T10:59:27,2026-10-05T07:04:27,fa98aee9841fe3e0fc8c7788b64cfd24190e8f23a7d2245ed2e349733363ebd7,CURRENT,True
101190,P01190,0c07ac3ca882e1762c2c36875cf87e0c558ebf012a18eddbf24f7b88ef55c896,MEM7001190,GRP1030,OakStreet-East,400-32-8076,William,Williams,1938-02-04,F,+12716688483,3698 Park Rd,,San Antonio,TX,78205,USA,"3698 Park Rd, San Antonio, TX 78205, USA",PCP0042,Active,EHR,P01190,ING-PAT-20261005-01190,2026-10-05T10:57:30,2026-10-05T10:59:30,2025-08-04T10:59:30,2026-10-05T10:59:30,2026-10-05T09:44:30,738d764bc07625e0355e1881b4c81e65210213561c5b8e5088a07fa5583d8159,CURRENT,True
101191,P01191,7e04d0d750539f4aa5ed1eddc8dfccf22b39e2b24c6e482d53f0e67b2c0a9ae9,MEM7001191,GRP1031,OakStreet-Southwest,565-78-0527,Patricia,Thompson,1978-06-14,F,+14709812016,7205 Market Ave,,Atlanta,GA,30303,USA,"7205 Market Ave, Atlanta, GA 30303, USA",PCP0078,Active,EHR,P01191,ING-PAT-20261005-01191,2026-10-05T10:57:33,2026-10-05T10:59:33,2024-03-12T10:59:33,2026-10-05T10:59:33,2026-10-05T08:37:33,c2f7e36b3daa42bf5eedcbed5cdad5d1817c5cd93b8919620843baf0b03f61b0,CURRENT,True
101192,P01192,550f9cd417f5e9a813e0634b8b6441efda8286595a56c735ca7d16c908dea00b,MEM7001192,GRP1032,OakStreet-Central,334-62-5343,Sarah,Thompson,2001-05-19,F,+17843449792,7222 Oak Ave,,Houston,TX,77024,USA,"7222 Oak Ave, Houston, TX 77024, USA",PCP0034,Active,EHR,P01192,ING-PAT-20261005-01192,2026-10-05T10:57:36,2026-10-05T10:59:36,2022-10-02T10:59:36,2026-10-05T10:59:36,2026-10-05T08:39:36,003a3df56ff0686f3876ffb17709dd57f7bf9fb6bbd0aca712034129580eb24f,CURRENT,True
101193,P01193,bde3d2a69f1f9b99fa608232732791b42b09f0a20773560494223e0c09e1ac72,MEM7001193,GRP1033,OakStreet-South,673-81-9480,Betty,Anderson,1995-03-06,F,+18082583886,9864 Main Ave,,Houston,TX,77024,USA,"9864 Main Ave, Houston, TX 77024, USA",PCP0068,Active,EHR,P01193,ING-PAT-20261005-01193,2026-10-05T10:57:39,2026-10-05T10:59:39,2024-05-29T10:59:39,2026-10-05T10:59:39,2026-10-05T08:51:39,a4b293b5eb700f043263ae8b3e75318a15fd011a6ccab5d8df0f82aa94121efb,CURRENT,True
101194,P01194,bb4a80f7b07e65fb0dfb003706fb0e67901947c9501ab9eb9bd99059aefabb2e,MEM7001194,GRP1034,OakStreet-East,504-14-6273,Nancy,Lopez,1983-01-14,F,+15014193175,8651 Market St,Apt 460,Houston,TX,77024,USA,"8651 Market St Apt 460, Houston, TX 77024, USA",PCP0023,Active,EHR,P01194,ING-PAT-20261005-01194,2026-10-05T10:57:42,2026-10-05T10:59:42,2024-04-21T10:59:42,2026-10-05T10:59:42,2026-10-05T07:54:42,eb0e493c856872b15f284add0ed410a973d14fa19e283fd759436e32f832ff37,CURRENT,True
101195,P01195,5aa43f376222a45a06d3304a234812ffe1f82915621e7eff1c41320a42115ddf,MEM7001195,GRP1035,OakStreet-Southwest,611-98-9772,William,Miller,1979-08-05,F,+12825906258,2142 Main Rd,Apt 404,Houston,TX,77002,USA,"2142 Main Rd Apt 404, Houston, TX 77002, USA",PCP0081,Active,EHR,P01195,ING-PAT-20261005-01195,2026-10-05T10:57:45,2026-10-05T10:59:45,2023-01-24T10:59:45,2026-10-05T10:59:45,2026-10-05T08:18:45,7036982f41f6b767844d8d6d7f409f93b5f4da6b83e523feecc57e5c514dce40,CURRENT,True
101196,P01196,a687b144353f822da7a60196935a406f235f437f8d71491965932cfe65ffba7e,MEM7001196,GRP1036,OakStreet-Central,729-42-3355,William,Harris,1946-04-07,F,+13904659957,4372 Park Ave,,Dallas,TX,75201,USA,"4372 Park Ave, Dallas, TX 75201, USA",PCP0081,Active,EHR,P01196,ING-PAT-20261005-01196,2026-10-05T10:57:48,2026-10-05T10:59:48,2025-01-07T10:59:48,2026-10-05T10:59:48,2026-10-05T09:02:48,740f5cd63b6ebd9932b6076f4fa2f3591d4e1b09f066e855ae1fa23ac3d3ca9a,CURRENT,True
101197,P01197,bd71d7d4f37ecbda401b85b7c0c0807b2c7b2eb233df2402702ad3fcefc38585,MEM7001197,GRP1037,OakStreet-South,447-83-1243,Barbara,Jackson,1937-08-17,F,+18195845695,155 Lake St,,Orlando,FL,32801,USA,"155 Lake St, Orlando, FL 32801, USA",PCP0067,Active,EHR,P01197,ING-PAT-20261005-01197,2026-10-05T10:57:51,2026-10-05T10:59:51,2022-08-15T10:59:51,2026-10-05T10:59:51,2026-10-05T07:11:51,15ad9958fa45039ceca0d3d1bddf2600931971ac99f0433d9778b8ffa8dc76c8,CURRENT,True
101198,P01198,952487f8d43cb2fa4d5925d722e243a45486275a2bedbfe5fee7dff136e3fd2a,MEM7001198,GRP1038,OakStreet-East,199-20-4584,Linda,Walker,1955-06-25,M,+18894472019,8880 Lake Ave,,Houston,TX,77002,USA,"8880 Lake Ave, Houston, TX 77002, USA",PCP0109,Active,EHR,P01198,ING-PAT-20261005-01198,2026-10-05T10:57:54,2026-10-05T10:59:54,2024-09-30T10:59:54,2026-10-05T10:59:54,2026-10-05T10:16:54,03230285380ed439f4b2ca2fa8fdee94c0ccb8def8edd6d303c2e12de886668d,CURRENT,True
101199,P01199,46deb1ec0baf06a9d3a864d93197289b5a0b0f12be5a58f652dc5499863729b0,MEM7001199,GRP1039,OakStreet-Southwest,294-47-4839,Susan,Anderson,1942-02-07,M,+18999819058,6976 Park St,,Orlando,FL,32801,USA,"6976 Park St, Orlando, FL 32801, USA",PCP0034,Inactive,EHR,P01199,ING-PAT-20261005-01199,2026-10-05T10:57:57,2026-10-05T10:59:57,2022-04-27T10:59:57,2026-10-05T10:59:57,2026-10-05T10:01:57,8dfc3503acef68f8a4f4e4ea5499c366aba598922ef135f31ba38e2365edb6a0,CURRENT,True
101200,P01200,6ebdeb7de64f5dcdbc83b98696a1a3e14a9b2c533f58cb1fefd223d1455f3b25,MEM7001200,GRP1000,OakStreet-Central,633-16-8648,Karen,Brown,1998-10-25,F,+13014809360,3792 Park Ave,,Atlanta,GA,30303,USA,"3792 Park Ave, Atlanta, GA 30303, USA",PCP0119,Active,EHR,P01200,ING-PAT-20261005-01200,2026-10-05T10:58:00,2026-10-05T11:00:00,2021-11-23T11:00:00,2026-10-05T11:00:00,2026-10-05T10:37:00,86a9fc9a544e66e24392db1a9c19cd8a779146ab1065b48124f7a0019d4e3a3f,CURRENT,True
101201,P01201,973d4864c9db89adc8f57236d6daa335c370eab1bbcc9b2ccabe8ae9286204bf,MEM7001201,GRP1001,OakStreet-South,875-34-0378,Susan,Lopez,1986-04-10,F,+17872167641,6331 Main Ave,,Houston,TX,77024,USA,"6331 Main Ave, Houston, TX 77024, USA",PCP0072,Active,EHR,P01201,ING-PAT-20261005-01201,2026-10-05T10:58:03,2026-10-05T11:00:03,2023-12-13T11:00:03,2026-10-05T11:00:03,2026-10-05T08:50:03,ec3fa9e0ea3a4cd1877308ebf2c5f4d7a1d7d0dc93ab17ba85e9677b3d499a14,CURRENT,True
101202,P01202,c97d197d4b3f5d8ae91ad841dcc37b78f5a28e45ffbd488c877abad2e6793cb6,MEM7001202,GRP1002,OakStreet-East,743-77-0721,Matthew,Rodriguez,1988-09-05,M,+13297671414,9774 Lake Rd,Apt 283,Phoenix,AZ,85004,USA,"9774 Lake Rd Apt 283, Phoenix, AZ 85004, USA",PCP0044,Active,EHR,P01202,ING-PAT-20261005-01202,2026-10-05T10:58:06,2026-10-05T11:00:06,2023-09-22T11:00:06,2026-10-05T11:00:06,2026-10-05T07:39:06,36ab440f3980bd0eeadb9063e0f72e93754f12e254a6bee497faf653595b431d,CURRENT,True
101203,P01203,a50581b01d975f26fbc8de087484d240d13feb417f75328923bedc4adfdf66d6,MEM7001203,GRP1003,OakStreet-Southwest,275-36-5136,Betty,White,1970-03-13,F,+16544021638,7491 Oak Blvd,,Dallas,TX,75201,USA,"7491 Oak Blvd, Dallas, TX 75201, USA",PCP0042,Active,EHR,P01203,ING-PAT-20261005-01203,2026-10-05T10:58:09,2026-10-05T11:00:09,2023-04-18T11:00:09,2026-10-05T11:00:09,2026-10-05T07:28:09,e94ebcb9cf45495eed2c964cec28b06d722b6c960ee97e821ed9a4a61aba0817,CURRENT,True
101204,P01204,bdd7ddb0dba14ba7380ebe019a4ecc804d809a761f08b72335f273dd73f4cada,MEM7001204,GRP1004,OakStreet-Central,646-32-8139,Elizabeth,Brown,1950-03-19,M,+15998252305,841 Lake Blvd,,Dallas,TX,75201,USA,"841 Lake Blvd, Dallas, TX 75201, USA",PCP0096,Active,EHR,P01204,ING-PAT-20261005-01204,2026-10-05T10:58:12,2026-10-05T11:00:12,2023-04-05T11:00:12,2026-10-05T11:00:12,2026-10-05T09:37:12,5c5ac4363aa50a3823f5e75d8b6fc8abc4ba91b48378c61ca7bb33421e85e0a0,CURRENT,True
101205,P01205,d35a826cab5969041cff97620449c6715322d6677fae50ae71a90935ac0b8dbe,MEM7001205,GRP1005,OakStreet-South,422-75-9528,Karen,Anderson,1939-08-23,F,+17879123997,2590 Main Rd,Apt 494,San Antonio,TX,78205,USA,"2590 Main Rd Apt 494, San Antonio, TX 78205, USA",PCP0066,Inactive,EHR,P01205,ING-PAT-20261005-01205,2026-10-05T10:58:15,2026-10-05T11:00:15,2025-03-31T11:00:15,2026-10-05T11:00:15,2026-10-05T10:02:15,4c83f82177f6b72290fbfef0c30c67e0eb639cdd153ed16ea299f7d487a2dcd5,CURRENT,True
101206,P01206,94167ecaaed95b97f612829c5d0633093a9404d6c8742b7ef822a37c47e55de3,MEM7001206,GRP1006,OakStreet-East,119-92-3045,Jennifer,Smith,1969-09-22,M,+14566807963,1037 Main Ave,,Austin,TX,78701,USA,"1037 Main Ave, Austin, TX 78701, USA",PCP0075,Active,EHR,P01206,ING-PAT-20261005-01206,2026-10-05T10:58:18,2026-10-05T11:00:18,2023-05-19T11:00:18,2026-10-05T11:00:18,2026-10-05T10:33:18,07256a60c14931dcc547a2243de382803cb745e2aa7b0238d859767743f7fba2,CURRENT,True
101207,P01207,7b6d9983dd10569a9f38973cb010a511455f120235329148322b063aaa91d905,MEM7001207,GRP1007,OakStreet-Southwest,735-66-0421,Betty,Anderson,1938-02-22,F,+14037545862,513 Oak Ave,,San Antonio,TX,78205,USA,"513 Oak Ave, San Antonio, TX 78205, USA",PCP0085,Active,EHR,P01207,ING-PAT-20261005-01207,2026-10-05T10:58:21,2026-10-05T11:00:21,2024-04-30T11:00:21,2026-10-05T11:00:21,2026-10-05T07:28:21,a78f9bd6e4017bd958069c1b9cc05977dfacde117b4b76d5646ef53e6471f0a4,CURRENT,True
101208,P01208,29a7fcf9f1f3eb8c2f175b52d2ffe754869b9ba0a743e0c47c1cd07864a231d7,MEM7001208,GRP1008,OakStreet-Central,125-57-8350,Matthew,Robinson,1976-06-12,F,+18894046247,9018 Oak Blvd,,Orlando,FL,32801,USA,"9018 Oak Blvd, Orlando, FL 32801, USA",PCP0077,Active,EHR,P01208,ING-PAT-20261005-01208,2026-10-05T10:58:24,2026-10-05T11:00:24,2022-05-15T11:00:24,2026-10-05T11:00:24,2026-10-05T08:35:24,b79b20216340a0b0d201ee197489d9565f397acc4b3095691f4ec6c91d4f4f2a,CURRENT,True
101209,P01209,4b86d5fb0b722bb402a846d4371fe13e8c7fde5c221485834f79fac0cf06c677,MEM7001209,GRP1009,OakStreet-South,515-79-5293,Barbara,Clark,1992-11-07,F,+17633392467,6645 Park Rd,,Houston,TX,77005,USA,"6645 Park Rd, Houston, TX 77005, USA",PCP0013,Active,EHR,P01209,ING-PAT-20261005-01209,2026-10-05T10:58:27,2026-10-05T11:00:27,2022-11-14T11:00:27,2026-10-05T11:00:27,2026-10-05T08:59:27,baba4faa344fa797c47538b08523f0622f31946b1382245cd141b77495bc9492,CURRENT,True
101210,P01210,529c3eb953e7392dd3dd6c4e7aaf25255b9502e4f47365d6af6c2beb3c77e0f1,MEM7001210,GRP1010,OakStreet-East,577-33-8030,Matthew,Miller,1960-03-21,F,+13033675969,9368 Pine Blvd,,Austin,TX,78701,USA,"9368 Pine Blvd, Austin, TX 78701, USA",PCP0113,Active,EHR,P01210,ING-PAT-20261005-01210,2026-10-05T10:58:30,2026-10-05T11:00:30,2022-08-10T11:00:30,2026-10-05T11:00:30,2026-10-05T08:35:30,c84180d1f3387b6b16426427e234af8e312d898d7e49c6ca8c060aac7cb20da6,CURRENT,True
101211,P01211,2076db87d172cb38d2a086fa2bc92d7a053658dfd4f3a4869f30127db6384329,MEM7001211,GRP1011,OakStreet-Southwest,187-68-8551,Susan,Anderson,1994-08-08,M,+12145237771,5385 Lake St,,Chicago,IL,60601,USA,"5385 Lake St, Chicago, IL 60601, USA",PCP0092,Active,EHR,P01211,ING-PAT-20261005-01211,2026-10-05T10:58:33,2026-10-05T11:00:33,2025-05-13T11:00:33,2026-10-05T11:00:33,2026-10-05T08:58:33,07e1c9f434037ce7c40a8167d786165369723b9ade21284b6224d19c6b40b294,CURRENT,True
101212,P01212,b2205af827c775602678cba941bd2e3f6d55c2adbd75805cd7b2d22e5615a253,MEM7001212,GRP1012,OakStreet-Central,762-58-5983,John,Robinson,2003-06-05,F,+13279128852,9326 Main St,,Houston,TX,77002,USA,"9326 Main St, Houston, TX 77002, USA",PCP0035,Active,EHR,P01212,ING-PAT-20261005-01212,2026-10-05T10:58:36,2026-10-05T11:00:36,2024-03-06T11:00:36,2026-10-05T11:00:36,2026-10-05T07:16:36,510602f2ed91cf26becc1aa831a7c527d84e0e0a2def75b0d833e9bfbdcd3a0a,CURRENT,True
101213,P01213,9cc4bbb1c5d73e708233782ee6de615d10c02240774da6dae23e53bafb19a5d0,MEM7001213,GRP1013,OakStreet-South,723-87-0526,Jennifer,Thompson,1972-08-10,F,+19863295036,6589 Oak St,,Austin,TX,78701,USA,"6589 Oak St, Austin, TX 78701, USA",PCP0076,Active,EHR,P01213,ING-PAT-20261005-01213,2026-10-05T10:58:39,2026-10-05T11:00:39,2024-12-08T11:00:39,2026-10-05T11:00:39,2026-10-05T08:12:39,21d7c456ed41293f8d07fa7e3dd677abfe4833c5bfbc1614f41bb12a68a0f301,CURRENT,True
101214,P01214,60390d80f8c4e29f9768a1bd28625bad5b6b902ac52162ae86cef7e1f2baf6e4,MEM7001214,GRP1014,OakStreet-East,298-65-2134,Lisa,Smith,1998-10-26,M,+12242703770,663 Pine Rd,Apt 314,Dallas,TX,75201,USA,"663 Pine Rd Apt 314, Dallas, TX 75201, USA",PCP0001,Active,EHR,P01214,ING-PAT-20261005-01214,2026-10-05T10:58:42,2026-10-05T11:00:42,2023-04-05T11:00:42,2026-10-05T11:00:42,2026-10-05T08:10:42,bb581612464236979cf01a1f9bb972d6239a66413ccbcdc84e0032fbcfe8844b,CURRENT,True
101215,P01215,82f269f8436af5928666bbf45cd76f4f33517807f284009ac6f70c59d699684b,MEM7001215,GRP1015,OakStreet-Southwest,261-92-8480,Sarah,Williams,1939-10-24,F,+14419834909,8745 Oak St,,Chicago,IL,60601,USA,"8745 Oak St, Chicago, IL 60601, USA",PCP0100,Active,EHR,P01215,ING-PAT-20261005-01215,2026-10-05T10:58:45,2026-10-05T11:00:45,2025-02-26T11:00:45,2026-10-05T11:00:45,2026-10-05T07:16:45,3324ea309ec8e1434473e8dd9944c9509ed926e335c5442dcc32e03b94481210,CURRENT,True
101216,P01216,20d116d76aebf1f50cdb5c617e6f2caf89ddd1e5b782cb50898e7b5ec8faa0d6,MEM7001216,GRP1016,OakStreet-Central,329-66-6480,Richard,Jackson,1954-08-19,F,+18442712978,5581 Park Ave,Apt 841,Chicago,IL,60601,USA,"5581 Park Ave Apt 841, Chicago, IL 60601, USA",PCP0015,Active,EHR,P01216,ING-PAT-20261005-01216,2026-10-05T10:58:48,2026-10-05T11:00:48,2022-07-05T11:00:48,2026-10-05T11:00:48,2026-10-05T09:23:48,48f62a4a2ffa140cf03e3dd983a93dbef210389fbb3b6dd873a3e92a8d862e14,CURRENT,True
101217,P01217,04328d0fcab1a4715fdec42a28285e310edff8d7560a2100d7457615d88ff986,MEM7001217,GRP1017,OakStreet-South,317-51-6612,John,Brown,1945-09-08,M,+13425961607,6143 Park St,,Dallas,TX,75201,USA,"6143 Park St, Dallas, TX 75201, USA",PCP0106,Active,EHR,P01217,ING-PAT-20261005-01217,2026-10-05T10:58:51,2026-10-05T11:00:51,2022-10-23T11:00:51,2026-10-05T11:00:51,2026-10-05T07:35:51,42eea610e3e1e6f70e8a060d7a0721f5727a6bd1ea522ed25035d59fd9af02a7,CURRENT,True
101218,P01218,4fb5bea4dd7dcd1ebb83ea4f53dc0a3d3c1cf666a073d7df5b4441bd64d9c44c,MEM7001218,GRP1018,OakStreet-East,732-94-0532,William,Moore,1948-01-18,F,+16137603149,7214 Park Blvd,,Houston,TX,77005,USA,"7214 Park Blvd, Houston, TX 77005, USA",PCP0056,Active,EHR,P01218,ING-PAT-20261005-01218,2026-10-05T10:58:54,2026-10-05T11:00:54,2025-04-06T11:00:54,2026-10-05T11:00:54,2026-10-05T08:33:54,1cdd77be7df961af2797ae4499bf5f85f8408ab8e636d3ac9cf0c79eaca6d129,CURRENT,True
101219,P01219,537028a72919c13911835cd63a5e68167c921e0ed26027af4a7996fb6199ade5,MEM7001219,GRP1019,OakStreet-Southwest,671-18-7626,Karen,Jones,1987-07-22,F,+18257752077,9778 Washington St,Apt 625,Atlanta,GA,30303,USA,"9778 Washington St Apt 625, Atlanta, GA 30303, USA",PCP0068,Active,EHR,P01219,ING-PAT-20261005-01219,2026-10-05T10:58:57,2026-10-05T11:00:57,2024-08-24T11:00:57,2026-10-05T11:00:57,2026-10-05T10:15:57,ab82beb76c69b219e5134a891d1432a63d7ea93f1881c4b169c672fb0ce7295c,CURRENT,True
101220,P01220,8bc2e529335da966c806051a83c0a356ffcddfb050993d2e32ca5289fb0f2155,MEM7001220,GRP1020,OakStreet-Central,334-48-5901,Patricia,Thompson,1985-02-06,F,+16676503892,6160 Pine Blvd,,Orlando,FL,32801,USA,"6160 Pine Blvd, Orlando, FL 32801, USA",PCP0066,Active,EHR,P01220,ING-PAT-20261005-01220,2026-10-05T10:59:00,2026-10-05T11:01:00,2024-09-04T11:01:00,2026-10-05T11:01:00,2026-10-05T07:47:00,c50d9368c04bee2565340db62b21c4c58fe96e41b99c3dcb067e9c0d214809cd,CURRENT,True
101221,P01221,b82b6043b70702f7bf8c6263d5bedccd2a7d5a6d9945291195e9f702c5db02d9,MEM7001221,GRP1021,OakStreet-South,399-68-6807,Joseph,Taylor,1962-09-28,F,+12969591413,3815 Main Ave,,Houston,TX,77005,USA,"3815 Main Ave, Houston, TX 77005, USA",PCP0067,Active,EHR,P01221,ING-PAT-20261005-01221,2026-10-05T10:59:03,2026-10-05T11:01:03,2024-11-27T11:01:03,2026-10-05T11:01:03,2026-10-05T08:38:03,aa52624eb6dd92223f98c90e4ef7e4cb3f8d3a5947803e4a3765a585f16e8a05,CURRENT,True
101222,P01222,f6524392686cc17053f4118354f79ecd8aab7d604f0e4b39d35998eec4448424,MEM7001222,GRP1022,OakStreet-East,753-46-0464,Elizabeth,Martinez,2001-08-05,M,+12322535025,4749 Market Ave,,Houston,TX,77002,USA,"4749 Market Ave, Houston, TX 77002, USA",PCP0076,Active,EHR,P01222,ING-PAT-20261005-01222,2026-10-05T10:59:06,2026-10-05T11:01:06,2024-10-05T11:01:06,2026-10-05T11:01:06,2026-10-05T10:40:06,f2070fe57e004b67a076610c06bc6a176d081b6cde7d08e2688a3ce98a329021,CURRENT,True
101223,P01223,c8bd8116b4d0fedfe1c625d4f568a710ffb03527e45dfbb6da1d53035ddbf714,MEM7001223,GRP1023,OakStreet-Southwest,660-83-6236,Sarah,Thompson,1975-03-07,M,+15503358669,977 Main Ave,,Houston,TX,77005,USA,"977 Main Ave, Houston, TX 77005, USA",PCP0032,Active,EHR,P01223,ING-PAT-20261005-01223,2026-10-05T10:59:09,2026-10-05T11:01:09,2025-06-09T11:01:09,2026-10-05T11:01:09,2026-10-05T08:04:09,506f186f03b5853763fb2f379398f4455d2328d3f2bd292139794433484ee4c3,CURRENT,True
101224,P01224,3b2fdbb111927164ae4cd651b3b69bfc5dbca244aa9754c032374c9a22ee4cf9,MEM7001224,GRP1024,OakStreet-Central,682-38-0591,Steven,Brown,1997-09-10,M,+17288154843,7209 Market Blvd,Apt 770,Dallas,TX,75201,USA,"7209 Market Blvd Apt 770, Dallas, TX 75201, USA",PCP0073,Inactive,EHR,P01224,ING-PAT-20261005-01224,2026-10-05T10:59:12,2026-10-05T11:01:12,2022-06-10T11:01:12,2026-10-05T11:01:12,2026-10-05T09:30:12,c4e7b7f89232da326c45f07944d6e7a868ee5293c7c374c6fbac0c8561fe65ca,CURRENT,True
101225,P01225,5d87077161f7deb7c3376e913153e848995cd844abc5d03328403da9aad828a3,MEM7001225,GRP1025,OakStreet-South,264-54-2501,William,Martin,1969-09-17,M,+16429658574,9207 Oak Blvd,,Houston,TX,77005,USA,"9207 Oak Blvd, Houston, TX 77005, USA",PCP0114,Active,EHR,P01225,ING-PAT-20261005-01225,2026-10-05T10:59:15,2026-10-05T11:01:15,2024-10-18T11:01:15,2026-10-05T11:01:15,2026-10-05T07:23:15,406443ca78153d88fa582b8d3083cfaed524d011805ce4d944aa110273a7cb07,CURRENT,True
101226,P01226,2ec6383ea5af374085cbfcaab95130f5dc21eb7afc472d2991948b17e9177006,MEM7001226,GRP1026,OakStreet-East,175-66-3449,Nancy,Lopez,2004-08-26,F,+14528142409,9370 Lake Rd,,Orlando,FL,32801,USA,"9370 Lake Rd, Orlando, FL 32801, USA",PCP0087,Active,EHR,P01226,ING-PAT-20261005-01226,2026-10-05T10:59:18,2026-10-05T11:01:18,2025-09-03T11:01:18,2026-10-05T11:01:18,2026-10-05T10:30:18,8f3b83cb809177954819b25dce7e928a2bbb4a9fcd460bc4e06171609d8fc583,CURRENT,True
101227,P01227,c194ae7359388646a99476aab310085fe2e6b5c0f3f5ff9b55bf170c94a2a121,MEM7001227,GRP1027,OakStreet-Southwest,693-20-7188,David,Thompson,1952-10-05,M,+17309237868,5159 Market St,,Houston,TX,77005,USA,"5159 Market St, Houston, TX 77005, USA",PCP0013,Active,EHR,P01227,ING-PAT-20261005-01227,2026-10-05T10:59:21,2026-10-05T11:01:21,2023-10-01T11:01:21,2026-10-05T11:01:21,2026-10-05T08:05:21,45631c2bdf81ce79f09cad6413104c3f930d5da6f70d673400b91127d9ed0425,CURRENT,True
101228,P01228,2f94a5c2e92ab2c2c09c7d34f00796db0fc4407aadd46fca7baa432ee5ce0314,MEM7001228,GRP1028,OakStreet-Central,281-41-9433,Anthony,Miller,1990-06-06,M,+17382545697,4316 Washington Rd,,Chicago,IL,60601,USA,"4316 Washington Rd, Chicago, IL 60601, USA",PCP0079,Active,EHR,P01228,ING-PAT-20261005-01228,2026-10-05T10:59:24,2026-10-05T11:01:24,2022-10-21T11:01:24,2026-10-05T11:01:24,2026-10-05T09:25:24,6d32e7dc16e0e406639abd54d1133d0bfef58b3ef3ec25f8600607fdb354e814,CURRENT,True
101229,P01229,a67eae7c5874a46853b09f7bf9a50d89eb7fc32a49ea86dcc45519ddabd59a89,MEM7001229,GRP1029,OakStreet-South,816-23-5536,Anthony,Jones,1965-05-09,F,+19186635572,9955 Market St,,Dallas,TX,75201,USA,"9955 Market St, Dallas, TX 75201, USA",PCP0083,Active,EHR,P01229,ING-PAT-20261005-01229,2026-10-05T10:59:27,2026-10-05T11:01:27,2023-09-06T11:01:27,2026-10-05T11:01:27,2026-10-05T08:09:27,e9941b85c26d205d6683b10ef2c0d8a9af8b9cbbba670a1a8c5b37dba106c37e,CURRENT,True
101230,P01230,0266d8211e9c5126c9e197ee09a19e52c4112a4f48511d6a1bf5f3763707ce62,MEM7001230,GRP1030,OakStreet-East,601-83-1252,Richard,Walker,1936-02-28,F,+12668716542,2939 Washington Ave,Apt 999,Houston,TX,77024,USA,"2939 Washington Ave Apt 999, Houston, TX 77024, USA",PCP0116,Active,EHR,P01230,ING-PAT-20261005-01230,2026-10-05T10:59:30,2026-10-05T11:01:30,2023-11-20T11:01:30,2026-10-05T11:01:30,2026-10-05T10:30:30,cf5b06d8cff135e78465f0f8166475c13fb07b42445fd0d2df34b7ea979ba8fb,CURRENT,True
101231,P01231,b58644b8ea31afbf8a31595c1a4030af9103b0319946064491796794efb7a120,MEM7001231,GRP1031,OakStreet-Southwest,658-10-4610,David,Sanchez,1964-03-01,F,+14292572497,3330 Washington Rd,,Phoenix,AZ,85004,USA,"3330 Washington Rd, Phoenix, AZ 85004, USA",PCP0019,Active,EHR,P01231,ING-PAT-20261005-01231,2026-10-05T10:59:33,2026-10-05T11:01:33,2025-06-11T11:01:33,2026-10-05T11:01:33,2026-10-05T09:36:33,60b567d5f10d11cd5478ac8437a51956162603c662c41e85b85d4217ec14409c,CURRENT,True
101232,P01232,394956107d7afaeb8794541d242476ae3a73e63981107e136546b408f645c296,MEM7001232,GRP1032,OakStreet-Central,427-74-1930,Joseph,Hernandez,1998-02-15,M,+13673459270,9339 Pine Ave,,Orlando,FL,32801,USA,"9339 Pine Ave, Orlando, FL 32801, USA",PCP0017,Active,EHR,P01232,ING-PAT-20261005-01232,2026-10-05T10:59:36,2026-10-05T11:01:36,2022-07-20T11:01:36,2026-10-05T11:01:36,2026-10-05T08:17:36,2001b463941c4635f3172d9c5d0cfc7deee3b8fbbd460e5b07125ab040874bad,CURRENT,True
101233,P01233,1371fc176788aaed1af445ce1b1756234dd4ce2c653bfc32d695973117db6be5,MEM7001233,GRP1033,OakStreet-South,108-33-8892,Susan,Williams,1972-11-04,M,+16582109696,1511 Park St,,Houston,TX,77024,USA,"1511 Park St, Houston, TX 77024, USA",PCP0050,Active,EHR,P01233,ING-PAT-20261005-01233,2026-10-05T10:59:39,2026-10-05T11:01:39,2023-11-07T11:01:39,2026-10-05T11:01:39,2026-10-05T07:26:39,051f1b5c680a25387281a65b4ae405884eccba51eab057f1208affe6a8b772e2,CURRENT,True
101234,P01234,5c948f7e1eb09d4e0ffc3e3e10c7b860cb4f4aa620746b128887f7a478b22b6e,MEM7001234,GRP1034,OakStreet-East,150-81-0497,John,White,1942-10-12,M,+15937062383,8561 Oak St,,Chicago,IL,60601,USA,"8561 Oak St, Chicago, IL 60601, USA",PCP0034,Active,EHR,P01234,ING-PAT-20261005-01234,2026-10-05T10:59:42,2026-10-05T11:01:42,2024-01-30T11:01:42,2026-10-05T11:01:42,2026-10-05T09:38:42,f17965fda7a060ed0773dfc1a2c035c64fe959e05353d63b2dd822966fcd7000,CURRENT,True
101235,P01235,60b3978e60908f2a9655b236004eaf71ce20c1496f5c23c50a83900951c8740f,MEM7001235,GRP1035,OakStreet-Southwest,582-48-1859,John,Robinson,1960-03-21,M,+19102334655,3155 Main St,,Chicago,IL,60601,USA,"3155 Main St, Chicago, IL 60601, USA",PCP0082,Active,EHR,P01235,ING-PAT-20261005-01235,2026-10-05T10:59:45,2026-10-05T11:01:45,2025-03-30T11:01:45,2026-10-05T11:01:45,2026-10-05T07:35:45,db10c5bd3796c71e68a36d27facf4b373f7c221e4eee6c740dbf9072b8a8d35a,CURRENT,True
101236,P01236,3eb2cd5abf41270b60f4c73aa8faf02dbe2744f0d64054023876e8f3069431c7,MEM7001236,GRP1036,OakStreet-Central,859-41-5504,Mark,Hernandez,1938-05-10,F,+16084091356,2716 Lake St,,Orlando,FL,32801,USA,"2716 Lake St, Orlando, FL 32801, USA",PCP0119,Active,EHR,P01236,ING-PAT-20261005-01236,2026-10-05T10:59:48,2026-10-05T11:01:48,2023-05-14T11:01:48,2026-10-05T11:01:48,2026-10-05T07:18:48,d1d22e258621636a927ae634f32ae6c792b20457eecce7e2449a96e1054b341f,CURRENT,True
101237,P01237,57418664e0bf3415319fd2fa56eed6069d6a7f2ac603dd713774096129c4ffb6,MEM7001237,GRP1037,OakStreet-South,563-20-3070,Ashley,Hernandez,1953-05-16,M,+13812735037,6601 Lake Ave,Apt 390,Houston,TX,77002,USA,"6601 Lake Ave Apt 390, Houston, TX 77002, USA",PCP0020,Active,EHR,P01237,ING-PAT-20261005-01237,2026-10-05T10:59:51,2026-10-05T11:01:51,2024-05-23T11:01:51,2026-10-05T11:01:51,2026-10-05T07:25:51,9060b2ed93b6bf6aca0848c70c84a0403e0cc2996e21167022c4d7a2c9a7fec2,CURRENT,True
101238,P01238,5487880f260f3e47d66af4861de5984dcf9d7b6630f1a4003bbaa5c5d6e2316a,MEM7001238,GRP1038,OakStreet-East,779-34-7393,Anthony,Williams,1958-07-20,F,+13349667102,5682 Main Ave,,Dallas,TX,75201,USA,"5682 Main Ave, Dallas, TX 75201, USA",PCP0091,Active,EHR,P01238,ING-PAT-20261005-01238,2026-10-05T10:59:54,2026-10-05T11:01:54,2023-08-21T11:01:54,2026-10-05T11:01:54,2026-10-05T07:12:54,f66f25324a86d9b876a34e972aaf906cfcdb3931289085f9a860e7c613080930,CURRENT,True
101239,P01239,2b0a9505b730091b7587da0e47ec581280210a13bd938a0a81df57babd54d5d1,MEM7001239,GRP1039,OakStreet-Southwest,153-67-5529,Charles,Miller,1970-11-07,F,+16877086185,1032 Main Rd,,Phoenix,AZ,85004,USA,"1032 Main Rd, Phoenix, AZ 85004, USA",PCP0101,Active,EHR,P01239,ING-PAT-20261005-01239,2026-10-05T10:59:57,2026-10-05T11:01:57,2025-09-28T11:01:57,2026-10-05T11:01:57,2026-10-05T08:22:57,dcef30478ee0205f9679f9365b0196238a6039940b1f48831df4159c2ee3b6b5,CURRENT,True
101240,P01240,6414490113ffbba338aa4becbb826fc8a6a19e949333776975607894a68d463e,MEM7001240,GRP1000,OakStreet-Central,397-19-2802,Patricia,Taylor,1995-08-25,F,+15575023595,6447 Oak Ave,,Houston,TX,77002,USA,"6447 Oak Ave, Houston, TX 77002, USA",PCP0078,Active,EHR,P01240,ING-PAT-20261005-01240,2026-10-05T11:00:00,2026-10-05T11:02:00,2023-02-09T11:02:00,2026-10-05T11:02:00,2026-10-05T07:49:00,0adbf630075bebfeeef72b7fe97a70d50e357810c43ee8d19117f9c368dee015,CURRENT,True
101241,P01241,cc02631ac3589db2e5c874c6c939b2f4a081305eb68f46d659f8752046a5d8ae,MEM7001241,GRP1001,OakStreet-South,856-68-1568,Joseph,Martinez,1957-01-02,F,+19067095764,7837 Lake Ave,,Atlanta,GA,30303,USA,"7837 Lake Ave, Atlanta, GA 30303, USA",PCP0029,Active,EHR,P01241,ING-PAT-20261005-01241,2026-10-05T11:00:03,2026-10-05T11:02:03,2025-04-11T11:02:03,2026-10-05T11:02:03,2026-10-05T08:46:03,3c98e6cfe695aeba0c7eaaf7b06293fece24d4376751d926b3f5d353ad87330b,CURRENT,True
101242,P01242,6264f47003b9dc6b5e32e14d65d6711ec33aa62661907db0a51ea45af38ae1e6,MEM7001242,GRP1002,OakStreet-East,162-86-7644,Betty,Anderson,1995-03-02,F,+12719899828,499 Oak St,Apt 362,Atlanta,GA,30303,USA,"499 Oak St Apt 362, Atlanta, GA 30303, USA",PCP0055,Active,EHR,P01242,ING-PAT-20261005-01242,2026-10-05T11:00:06,2026-10-05T11:02:06,2023-03-03T11:02:06,2026-10-05T11:02:06,2026-10-05T07:10:06,7c7d1a37c7f47372fff1a0911ede9a4106e88d341ed1e002c2a34c553f39045f,CURRENT,True
101243,P01243,69f7c42fb6891f97c1d81ef7b0a13872b4990bc28b6058a705696b83209c165b,MEM7001243,GRP1003,OakStreet-Southwest,161-52-0442,David,Thompson,2000-05-25,F,+13103397433,195 Pine Blvd,,Houston,TX,77005,USA,"195 Pine Blvd, Houston, TX 77005, USA",PCP0104,Active,EHR,P01243,ING-PAT-20261005-01243,2026-10-05T11:00:09,2026-10-05T11:02:09,2022-12-08T11:02:09,2026-10-05T11:02:09,2026-10-05T08:08:09,53c57909ba55bfffe020178ef93774b6bb64d118283f17f90786abf82860b882,CURRENT,True
101244,P01244,f64a5d45bf198d724005a02dfed288744459490356a54bca6ccca206f09afc60,MEM7001244,GRP1004,OakStreet-Central,295-49-7133,Sarah,Hernandez,1999-03-06,M,+14919752192,607 Park Rd,,San Antonio,TX,78205,USA,"607 Park Rd, San Antonio, TX 78205, USA",PCP0062,Active,EHR,P01244,ING-PAT-20261005-01244,2026-10-05T11:00:12,2026-10-05T11:02:12,2023-09-03T11:02:12,2026-10-05T11:02:12,2026-10-05T08:03:12,4bb06ee25ab31ae864c268750a5fb758b7bd3b94b6eba968060ef3669cdcf0e2,CURRENT,True
101245,P01245,cd2a7b898c1aff3483b642c711c488192478d6c47bc8c01053862065e3b3ee89,MEM7001245,GRP1005,OakStreet-South,601-50-4447,David,Lewis,1962-12-25,M,+18383468281,1126 Washington St,,Houston,TX,77002,USA,"1126 Washington St, Houston, TX 77002, USA",PCP0095,Active,EHR,P01245,ING-PAT-20261005-01245,2026-10-05T11:00:15,2026-10-05T11:02:15,2024-02-01T11:02:15,2026-10-05T11:02:15,2026-10-05T07:55:15,6853050381c537b15fd54883d29bcbe5140f269878d1d632789d6e9e9f1992b7,CURRENT,True
101246,P01246,d385d7cb0d310d58d535b691d4d72d272b2dd41b6fb730cc5bbf8524c09c22ca,MEM7001246,GRP1006,OakStreet-East,799-74-2002,Mark,Martinez,1996-01-14,F,+15887575541,3505 Washington St,,Chicago,IL,60601,USA,"3505 Washington St, Chicago, IL 60601, USA",PCP0012,Active,EHR,P01246,ING-PAT-20261005-01246,2026-10-05T11:00:18,2026-10-05T11:02:18,2022-12-10T11:02:18,2026-10-05T11:02:18,2026-10-05T07:26:18,798675099e3efa197a5fc0c4964d037d4052e10dc98136fb148130dc0c8bb977,CURRENT,True
101247,P01247,801012b2b6b69d1df128f150ea5ae067d19e9f51338ce440cc120ae3d869d0e4,MEM7001247,GRP1007,OakStreet-Southwest,326-20-9848,Nancy,Walker,1977-04-13,M,+14322306456,3119 Park Blvd,,San Antonio,TX,78205,USA,"3119 Park Blvd, San Antonio, TX 78205, USA",PCP0078,Active,EHR,P01247,ING-PAT-20261005-01247,2026-10-05T11:00:21,2026-10-05T11:02:21,2021-12-13T11:02:21,2026-10-05T11:02:21,2026-10-05T07:48:21,da966ab217326cef504404d3c04097227a6d0d6f5da0b1189729d990d51c2e2f,CURRENT,True
101248,P01248,a5a2f79b6bd3e38ee6459a2ed11ab271f658bac792f6d8e9916a1514a262fead,MEM7001248,GRP1008,OakStreet-Central,694-63-7693,Michael,Smith,1951-12-20,M,+16108923510,4904 Park Blvd,,Orlando,FL,32801,USA,"4904 Park Blvd, Orlando, FL 32801, USA",PCP0072,Active,EHR,P01248,ING-PAT-20261005-01248,2026-10-05T11:00:24,2026-10-05T11:02:24,2023-05-20T11:02:24,2026-10-05T11:02:24,2026-10-05T10:39:24,a3af8bb3d34ed7281a594afd78081cf9223e1cd730505ab20896e60e930969df,CURRENT,True
101249,P01249,15d6ca5c1b2f9bfba842e5ea1d3d9883b611dfb28750c4f607b8186485d33c08,MEM7001249,GRP1009,OakStreet-South,518-50-8557,Mary,Wilson,1951-10-15,M,+15687237975,516 Oak Rd,,Orlando,FL,32801,USA,"516 Oak Rd, Orlando, FL 32801, USA",PCP0032,Inactive,EHR,P01249,ING-PAT-20261005-01249,2026-10-05T11:00:27,2026-10-05T11:02:27,2025-03-23T11:02:27,2026-10-05T11:02:27,2026-10-05T07:24:27,9d1cb1dc320bb40b38eb8e81945abb8fb40da9dd6c4262958f7adebbd8da1a29,CURRENT,True
101250,P01250,d2fc55c943e17419ca366154a369b75ed478406d5c38c8b5c0d8a283954edbfd,MEM7001250,GRP1010,OakStreet-East,654-83-3807,Anthony,Johnson,1964-06-01,M,+18182568748,8878 Park Ave,,Chicago,IL,60601,USA,"8878 Park Ave, Chicago, IL 60601, USA",PCP0057,Active,EHR,P01250,ING-PAT-20261005-01250,2026-10-05T11:00:30,2026-10-05T11:02:30,2024-03-31T11:02:30,2026-10-05T11:02:30,2026-10-05T08:11:30,05f98fbd3de81c49b5b53b2cad6af4c4cf02ee43e0469e16cb04af72aa6d9981,CURRENT,True
101251,P01251,0612d86d9c5884449ae7ec3c416cc94100f98cc6f4e075b09ac8676ea15cfbbc,MEM7001251,GRP1011,OakStreet-Southwest,584-55-2012,Richard,Lewis,1935-06-02,F,+14294506229,5777 Washington Ave,,San Antonio,TX,78205,USA,"5777 Washington Ave, San Antonio, TX 78205, USA",PCP0003,Active,EHR,P01251,ING-PAT-20261005-01251,2026-10-05T11:00:33,2026-10-05T11:02:33,2023-03-20T11:02:33,2026-10-05T11:02:33,2026-10-05T07:13:33,c339a25c0603168bf76fad1a1d8db292266b7fd3c6ed5523f37cb75c5efb20a2,CURRENT,True
101252,P01252,b72463cabc74fe55d5ce17d76a1ab4cb3183923120b3a32c7e08dc6fe7503fc8,MEM7001252,GRP1012,OakStreet-Central,323-18-9688,Lisa,Brown,1953-02-13,M,+14028533154,764 Main Rd,,Houston,TX,77005,USA,"764 Main Rd, Houston, TX 77005, USA",PCP0112,Active,EHR,P01252,ING-PAT-20261005-01252,2026-10-05T11:00:36,2026-10-05T11:02:36,2024-11-29T11:02:36,2026-10-05T11:02:36,2026-10-05T09:58:36,2c8b4919b6f957c85cb21b86f9745b64753e169ffffe2a10e5d25281577fdf5c,CURRENT,True
101253,P01253,e273868d9d2906d798b3841b23431ca95e68533a74dee80494e8a210f8729986,MEM7001253,GRP1013,OakStreet-South,766-50-2537,Steven,Robinson,1976-05-09,M,+15902259146,9795 Oak St,,Houston,TX,77002,USA,"9795 Oak St, Houston, TX 77002, USA",PCP0029,Active,EHR,P01253,ING-PAT-20261005-01253,2026-10-05T11:00:39,2026-10-05T11:02:39,2025-08-30T11:02:39,2026-10-05T11:02:39,2026-10-05T08:55:39,dfedb431c6718d7e9b55827548526376e7ea2a0249a2e55f1f271e328f2bc737,CURRENT,True
101254,P01254,31730ae7ecb9ede545a2fb4ee5d23eb24a7fd7e980acb7ce599825e1d4666a33,MEM7001254,GRP1014,OakStreet-East,367-23-3462,Richard,Harris,2001-01-17,F,+16204093313,5982 Lake Rd,Apt 97,Phoenix,AZ,85004,USA,"5982 Lake Rd Apt 97, Phoenix, AZ 85004, USA",PCP0042,Active,EHR,P01254,ING-PAT-20261005-01254,2026-10-05T11:00:42,2026-10-05T11:02:42,2024-12-04T11:02:42,2026-10-05T11:02:42,2026-10-05T09:33:42,d7978e55963f7289ab2976b1d86b50d63c80f4bc4d6f5c180a56df49c9bce0c5,CURRENT,True
101255,P01255,066e980ff972ec2fb5a15c834342b37b5d49d59d1c93c09e19bc6b6fdd90330a,MEM7001255,GRP1015,OakStreet-Southwest,856-82-1534,Mary,Hernandez,2003-01-11,M,+15666454257,9187 Lake Blvd,,Dallas,TX,75201,USA,"9187 Lake Blvd, Dallas, TX 75201, USA",PCP0021,Active,EHR,P01255,ING-PAT-20261005-01255,2026-10-05T11:00:45,2026-10-05T11:02:45,2024-06-10T11:02:45,2026-10-05T11:02:45,2026-10-05T09:40:45,7776ccc03d125cf789a075f3585235b7915f640950a8ef929c48f6726e61fa7d,CURRENT,True
101256,P01256,9f48ea67baf8a581c82df14f044e421ab3ac4dd4a877f5580eb760383da07dc7,MEM7001256,GRP1016,OakStreet-Central,617-15-4216,Barbara,Sanchez,1999-05-07,M,+16345838253,6627 Market St,Apt 183,Phoenix,AZ,85004,USA,"6627 Market St Apt 183, Phoenix, AZ 85004, USA",PCP0066,Active,EHR,P01256,ING-PAT-20261005-01256,2026-10-05T11:00:48,2026-10-05T11:02:48,2024-10-17T11:02:48,2026-10-05T11:02:48,2026-10-05T10:00:48,4e84fe6b4265178f7121d0b08271b2c859d93d2ecfc40750615bbb75b6c918d9,CURRENT,True
101257,P01257,f7bc451f1108ace1662c978642e9d31b77e867e70fa61fd000defdfb77a34f2a,MEM7001257,GRP1017,OakStreet-South,321-46-3539,James,Clark,1969-02-27,M,+12579126221,6690 Market Blvd,,Dallas,TX,75201,USA,"6690 Market Blvd, Dallas, TX 75201, USA",PCP0053,Active,EHR,P01257,ING-PAT-20261005-01257,2026-10-05T11:00:51,2026-10-05T11:02:51,2025-11-30T11:02:51,2026-10-05T11:02:51,2026-10-05T08:11:51,35986cccd846ee1ad3e9593d0792f9735c585e4ba889f80ea986d7a2e224c0fa,CURRENT,True
101258,P01258,295b5ef526c1b0f2569e398b8454b8f389145a1a58a0a3c7ba97c3ed2df549dc,MEM7001258,GRP1018,OakStreet-East,770-46-7839,Richard,Taylor,1974-11-13,F,+16434849672,5985 Main St,,Phoenix,AZ,85004,USA,"5985 Main St, Phoenix, AZ 85004, USA",PCP0053,Active,EHR,P01258,ING-PAT-20261005-01258,2026-10-05T11:00:54,2026-10-05T11:02:54,2022-01-25T11:02:54,2026-10-05T11:02:54,2026-10-05T08:22:54,ab14e324dbb188c96fc0517168470730ee451a282df66013b567b77feb56a29b,CURRENT,True
101259,P01259,117d2f327404ba64a774e719aa535ff77e5a349d73fb89ab42cafa94be51c4ac,MEM7001259,GRP1019,OakStreet-Southwest,887-89-1865,Daniel,Hernandez,1935-05-17,M,+13987003835,411 Main Rd,Apt 450,Houston,TX,77002,USA,"411 Main Rd Apt 450, Houston, TX 77002, USA",PCP0007,Active,EHR,P01259,ING-PAT-20261005-01259,2026-10-05T11:00:57,2026-10-05T11:02:57,2024-11-15T11:02:57,2026-10-05T11:02:57,2026-10-05T08:20:57,35cc5249f4adb04ccc6ff44268490da03765f3202ee9c5c622d6e24f5822369f,CURRENT,True
101260,P01260,625ea08a8466354e896c07dd0b80e79991342096ba2b80bff52651507adf72ed,MEM7001260,GRP1020,OakStreet-Central,633-37-6679,Mark,Moore,1998-10-06,F,+18282842232,8862 Market Blvd,,Phoenix,AZ,85004,USA,"8862 Market Blvd, Phoenix, AZ 85004, USA",PCP0069,Active,EHR,P01260,ING-PAT-20261005-01260,2026-10-05T11:01:00,2026-10-05T11:03:00,2024-07-02T11:03:00,2026-10-05T11:03:00,2026-10-05T08:50:00,0869145735edf74bd7da57d68ff9ece93cc9123a3de6909179b7607fcb770a43,CURRENT,True
101261,P01261,622df5fef49f2a0e016feb7d873d16481e4b3c9fb6c8e7e296edaa8a35200a12,MEM7001261,GRP1021,OakStreet-South,751-77-8169,William,Williams,1958-01-08,F,+13438745374,2038 Park Blvd,,Houston,TX,77005,USA,"2038 Park Blvd, Houston, TX 77005, USA",PCP0068,Active,EHR,P01261,ING-PAT-20261005-01261,2026-10-05T11:01:03,2026-10-05T11:03:03,2025-08-26T11:03:03,2026-10-05T11:03:03,2026-10-05T07:07:03,659a21e149d2f9fd28a72fbfc137f7278bfbbdb750efc09c65401b54e121baea,CURRENT,True
101262,P01262,3892c8d0c6a8c8e28fe8af1cf765d9cf6ebd548906b5c1ccc0c014c261ae6c5c,MEM7001262,GRP1022,OakStreet-East,808-53-4421,Nancy,Robinson,1953-07-09,F,+13382591903,8576 Pine St,,Orlando,FL,32801,USA,"8576 Pine St, Orlando, FL 32801, USA",PCP0081,Active,EHR,P01262,ING-PAT-20261005-01262,2026-10-05T11:01:06,2026-10-05T11:03:06,2025-06-28T11:03:06,2026-10-05T11:03:06,2026-10-05T09:46:06,ccdb00493bb0335f07147be99603e41c6db7f3d13d940cffc6be68133942e498,CURRENT,True
101263,P01263,3f13b3cd9f71097a4a9ab0e6ba006c0722daed8aee762b6a589c7edc2bf15538,MEM7001263,GRP1023,OakStreet-Southwest,649-67-2977,Mark,Moore,2004-10-05,F,+15509375867,806 Washington Blvd,,Houston,TX,77002,USA,"806 Washington Blvd, Houston, TX 77002, USA",PCP0003,Active,EHR,P01263,ING-PAT-20261005-01263,2026-10-05T11:01:09,2026-10-05T11:03:09,2022-11-05T11:03:09,2026-10-05T11:03:09,2026-10-05T07:20:09,a390e5e990d65f68d2d6cc69550c6c19016051c5ecf5fa500b8a29cc8c897032,CURRENT,True
101264,P01264,1a1314c5a3030f0d4eb48ed9349760f9ff485b1b82e2e7049ab5f587685edcaa,MEM7001264,GRP1024,OakStreet-Central,515-37-7226,Sarah,Thompson,1993-01-09,F,+15373905808,5113 Lake St,,Houston,TX,77002,USA,"5113 Lake St, Houston, TX 77002, USA",PCP0007,Active,EHR,P01264,ING-PAT-20261005-01264,2026-10-05T11:01:12,2026-10-05T11:03:12,2022-05-14T11:03:12,2026-10-05T11:03:12,2026-10-05T08:55:12,81345896c16323ee62d0eefe4f8fd10c3a9934ff320b82d979f51763ffd6846f,CURRENT,True
101265,P01265,4d76d21fd63161e0872fbb6366972fa919d8bb2ba7bd344aef3a4b48a632da1f,MEM7001265,GRP1025,OakStreet-South,652-53-8610,Elizabeth,Lopez,1990-03-11,F,+17706502490,896 Washington Blvd,Apt 734,Austin,TX,78701,USA,"896 Washington Blvd Apt 734, Austin, TX 78701, USA",PCP0057,Active,EHR,P01265,ING-PAT-20261005-01265,2026-10-05T11:01:15,2026-10-05T11:03:15,2025-07-11T11:03:15,2026-10-05T11:03:15,2026-10-05T08:49:15,49c989beba8a2f628816f853b2cb286fa995d0d2d4292dbf8179a493e76290e0,CURRENT,True
101266,P01266,89bdd50b9d979ff6ca23fbab8a5512b5dd614447b53a3c3f887d31c695bb0d61,MEM7001266,GRP1026,OakStreet-East,871-66-4618,Ashley,Anderson,1945-08-19,M,+17134446183,8159 Lake Blvd,,Phoenix,AZ,85004,USA,"8159 Lake Blvd, Phoenix, AZ 85004, USA",PCP0093,Active,EHR,P01266,ING-PAT-20261005-01266,2026-10-05T11:01:18,2026-10-05T11:03:18,2022-04-15T11:03:18,2026-10-05T11:03:18,2026-10-05T09:37:18,cbfbf092e9bce7485cb6f86fa0697187be7508df3437550f1978d4fe02a9432b,CURRENT,True
101267,P01267,1152762f4391757eecc9e0b0fb7ce70df0e031019097b46091c993d7fbaab706,MEM7001267,GRP1027,OakStreet-Southwest,308-60-4269,Jennifer,Gonzalez,1953-10-08,M,+15193975759,2082 Oak St,Apt 789,Houston,TX,77024,USA,"2082 Oak St Apt 789, Houston, TX 77024, USA",PCP0110,Active,EHR,P01267,ING-PAT-20261005-01267,2026-10-05T11:01:21,2026-10-05T11:03:21,2021-12-19T11:03:21,2026-10-05T11:03:21,2026-10-05T07:47:21,4b9732cc65e8bcae6b327aeeb90e783114b1a74ac9c2392b16fbcc3284380395,CURRENT,True
101268,P01268,e878d4ddcdabd2bac31a28b61fd66ce4ff292ae43b1cdad748717753c74c74b8,MEM7001268,GRP1028,OakStreet-Central,891-54-7062,Matthew,Lewis,1981-11-02,F,+13996114136,9719 Park Rd,,Phoenix,AZ,85004,USA,"9719 Park Rd, Phoenix, AZ 85004, USA",PCP0047,Active,EHR,P01268,ING-PAT-20261005-01268,2026-10-05T11:01:24,2026-10-05T11:03:24,2025-02-25T11:03:24,2026-10-05T11:03:24,2026-10-05T08:58:24,ffc54f0d8a94e3df181be7fdb8c24399d83eea7499b60d9cbd4a641f1fe47655,CURRENT,True
101269,P01269,bfd20ee544c3ee04cde7a49fa453a752baef85d4cf6454ec80d57f8eeb435b9c,MEM7001269,GRP1029,OakStreet-South,327-81-4517,David,Robinson,1979-04-01,F,+12384234955,3645 Park Rd,,Phoenix,AZ,85004,USA,"3645 Park Rd, Phoenix, AZ 85004, USA",PCP0038,Active,EHR,P01269,ING-PAT-20261005-01269,2026-10-05T11:01:27,2026-10-05T11:03:27,2025-07-17T11:03:27,2026-10-05T11:03:27,2026-10-05T09:25:27,139f5b74be002fc349c9c1666ca86c0e06834ecadaed5651a86e89792f5fa0ce,CURRENT,True
101270,P01270,04d07e4e42c4ce94524eb334bf514dfbfabb2a230fa9ef56926908cd5e85087c,MEM7001270,GRP1030,OakStreet-East,395-70-0321,William,Martin,1976-06-04,F,+18453746504,6380 Oak Rd,,Orlando,FL,32801,USA,"6380 Oak Rd, Orlando, FL 32801, USA",PCP0097,Active,EHR,P01270,ING-PAT-20261005-01270,2026-10-05T11:01:30,2026-10-05T11:03:30,2024-12-18T11:03:30,2026-10-05T11:03:30,2026-10-05T07:36:30,6f022fa555d0fc0bf1bab0495710328bd0b740a42f2736b209914237a88fb80c,CURRENT,True
101271,P01271,95be711a9ab6701f9ecb75ee22ca6d46ce4a0454fcdbd15dabdc378b7e37d132,MEM7001271,GRP1031,OakStreet-Southwest,190-78-4869,Mary,Jackson,1986-03-23,M,+18727199508,7560 Oak Blvd,Apt 504,Austin,TX,78701,USA,"7560 Oak Blvd Apt 504, Austin, TX 78701, USA",PCP0044,Active,EHR,P01271,ING-PAT-20261005-01271,2026-10-05T11:01:33,2026-10-05T11:03:33,2022-04-16T11:03:33,2026-10-05T11:03:33,2026-10-05T07:47:33,7f197c08318ef1f40c8fead093893573caea23370972f649d20490809da35cef,CURRENT,True
101272,P01272,566805cd15d93b9d6d706be950f7a0e41323de9867bdd3eac339592be71feb4b,MEM7001272,GRP1032,OakStreet-Central,469-38-4189,Michael,Martin,1978-06-07,F,+16104732785,410 Pine Rd,Apt 104,San Antonio,TX,78205,USA,"410 Pine Rd Apt 104, San Antonio, TX 78205, USA",PCP0100,Active,EHR,P01272,ING-PAT-20261005-01272,2026-10-05T11:01:36,2026-10-05T11:03:36,2025-08-04T11:03:36,2026-10-05T11:03:36,2026-10-05T09:29:36,c312fb1a12cbb217b0619c55a2b7e0f5709c7b4cc0d4fe778efcf4d0c898df08,CURRENT,True
101273,P01273,58a3ee6f116d58e11535e6ccdedaa91a8f2909888e37bd82610a64e0776be645,MEM7001273,GRP1033,OakStreet-South,460-69-5118,Nancy,Jones,1938-02-12,M,+17639447695,6422 Washington Ave,Apt 767,Austin,TX,78701,USA,"6422 Washington Ave Apt 767, Austin, TX 78701, USA",PCP0013,Active,EHR,P01273,ING-PAT-20261005-01273,2026-10-05T11:01:39,2026-10-05T11:03:39,2024-05-19T11:03:39,2026-10-05T11:03:39,2026-10-05T08:04:39,c94123e4c768c4b674c296d91f3c91a6d47d567f566368544d2e41ebe7232afd,CURRENT,True
101274,P01274,151cd0f37be40ca56d6eccc35cec9f419b71df05d34449b5562b26b41f1b7fc6,MEM7001274,GRP1034,OakStreet-East,455-21-6107,Linda,Martin,1992-03-20,F,+12132343355,6177 Oak Ave,,Atlanta,GA,30303,USA,"6177 Oak Ave, Atlanta, GA 30303, USA",PCP0071,Active,EHR,P01274,ING-PAT-20261005-01274,2026-10-05T11:01:42,2026-10-05T11:03:42,2024-11-18T11:03:42,2026-10-05T11:03:42,2026-10-05T08:44:42,b2c75fdc549a04960084fbf75ffcf6bc5b3033807386e77b992823b6e46427f0,CURRENT,True
101275,P01275,ec9a9782d9aa776048584875842d53a1f31670fa3892d5001ad4eaba5897bf44,MEM7001275,GRP1035,OakStreet-Southwest,100-18-4134,William,Williams,1955-08-25,M,+13267863884,4163 Washington Blvd,,Dallas,TX,75201,USA,"4163 Washington Blvd, Dallas, TX 75201, USA",PCP0036,Active,EHR,P01275,ING-PAT-20261005-01275,2026-10-05T11:01:45,2026-10-05T11:03:45,2025-01-26T11:03:45,2026-10-05T11:03:45,2026-10-05T10:07:45,b3f3e454e348f0b250f00a5ed7093dfed2a54d9ec07af1935dc9e9b98e8076c4,CURRENT,True
101276,P01276,2868704ac70501b5b412f842ddb4c3b0228fc730501630abdf3281027a40bbed,MEM7001276,GRP1036,OakStreet-Central,148-34-6283,Charles,Wilson,1941-11-26,F,+14038683387,8680 Main Blvd,,Houston,TX,77005,USA,"8680 Main Blvd, Houston, TX 77005, USA",PCP0060,Active,EHR,P01276,ING-PAT-20261005-01276,2026-10-05T11:01:48,2026-10-05T11:03:48,2025-03-09T11:03:48,2026-10-05T11:03:48,2026-10-05T08:06:48,0fc4c2b095f8dc42b025f602c4c05e802a8838afbb4540ef572f49b3ce9c1ff0,CURRENT,True
101277,P01277,a3c5a9bad63dfef4f911059a3ab4799b20e71488ce2cb741234b66b0d9e34a0d,MEM7001277,GRP1037,OakStreet-South,200-97-4247,Susan,Robinson,1965-08-12,F,+13242264543,5753 Washington Blvd,,Chicago,IL,60601,USA,"5753 Washington Blvd, Chicago, IL 60601, USA",PCP0060,Active,EHR,P01277,ING-PAT-20261005-01277,2026-10-05T11:01:51,2026-10-05T11:03:51,2024-04-25T11:03:51,2026-10-05T11:03:51,2026-10-05T09:40:51,6c5744d79a80a73f0af810e04325d5a0c0642b5cc2ae2e672e838a1e6404de03,CURRENT,True
101278,P01278,70ea8a1b04e058a6cfdec0731b289210b1a6bf6a0cbbd50da8df136641f6e684,MEM7001278,GRP1038,OakStreet-East,821-45-8869,Sarah,Robinson,1970-06-28,M,+18224335648,9310 Lake Rd,,San Antonio,TX,78205,USA,"9310 Lake Rd, San Antonio, TX 78205, USA",PCP0028,Active,EHR,P01278,ING-PAT-20261005-01278,2026-10-05T11:01:54,2026-10-05T11:03:54,2022-04-21T11:03:54,2026-10-05T11:03:54,2026-10-05T07:37:54,5f2c770edb2592a4075bfb9c6261154c0b846df529703c6db48c36ae825765d6,CURRENT,True
101279,P01279,8aeb9135515c16b04dda99bfd360f7b7707c4c6a99b095e2dc44c06d5be0c9be,MEM7001279,GRP1039,OakStreet-Southwest,754-58-2754,Margaret,Perez,1952-06-26,F,+18233237319,509 Main Blvd,,Houston,TX,77024,USA,"509 Main Blvd, Houston, TX 77024, USA",PCP0108,Active,EHR,P01279,ING-PAT-20261005-01279,2026-10-05T11:01:57,2026-10-05T11:03:57,2023-02-03T11:03:57,2026-10-05T11:03:57,2026-10-05T10:59:57,d41e6522199b916f0322a4d42103cb0ebdb6490a8d71e74023fbfce91cf860f3,CURRENT,True
101280,P01280,2c28f9235fa76067fa2dda0a4d50953af1041b878e56343e7fd30c4e0e7d37da,MEM7001280,GRP1000,OakStreet-Central,536-19-6696,Thomas,Sanchez,1970-12-09,M,+17148812693,7090 Main Blvd,,Austin,TX,78701,USA,"7090 Main Blvd, Austin, TX 78701, USA",PCP0067,Active,EHR,P01280,ING-PAT-20261005-01280,2026-10-05T11:02:00,2026-10-05T11:04:00,2025-03-19T11:04:00,2026-10-05T11:04:00,2026-10-05T08:22:00,dad98e4ab9ebd615eb4ef20360bba43d1522540a32d5334815ea4e399554aee4,CURRENT,True
101281,P01281,adc1ddc5b642f23633a0e51769efc9df96e06f4de7d6693a28cf1f4a6230210f,MEM7001281,GRP1001,OakStreet-South,814-56-7339,Nancy,Moore,2004-04-19,M,+17226512677,7908 Lake St,,Dallas,TX,75201,USA,"7908 Lake St, Dallas, TX 75201, USA",PCP0099,Active,EHR,P01281,ING-PAT-20261005-01281,2026-10-05T11:02:03,2026-10-05T11:04:03,2025-07-06T11:04:03,2026-10-05T11:04:03,2026-10-05T10:48:03,b78a48201acd17b0506ea47339bd3845891e4f420f6b8ee2232d773f8f18ffa7,CURRENT,True
101282,P01282,fade3dbeeaf95d6b457a558bae988625691497092f845125ca5151caae5ccf3d,MEM7001282,GRP1002,OakStreet-East,132-61-4158,Michael,Rodriguez,1969-04-25,M,+12454842692,6087 Pine St,Apt 986,Phoenix,AZ,85004,USA,"6087 Pine St Apt 986, Phoenix, AZ 85004, USA",PCP0055,Active,EHR,P01282,ING-PAT-20261005-01282,2026-10-05T11:02:06,2026-10-05T11:04:06,2025-10-27T11:04:06,2026-10-05T11:04:06,2026-10-05T09:14:06,81cc456d898276159f63ca89bc8a2f50a7fab7485e5034f2f2209430de11120d,CURRENT,True
101283,P01283,81c3acc92228eabfaaadac9c625b492f2da8cca03328961a1f3ed514869d2bc3,MEM7001283,GRP1003,OakStreet-Southwest,736-36-1688,Ashley,Martin,1959-11-14,M,+12118497299,9296 Oak St,Apt 600,Orlando,FL,32801,USA,"9296 Oak St Apt 600, Orlando, FL 32801, USA",PCP0119,Active,EHR,P01283,ING-PAT-20261005-01283,2026-10-05T11:02:09,2026-10-05T11:04:09,2022-10-16T11:04:09,2026-10-05T11:04:09,2026-10-05T09:49:09,75f97d801a509e6400a6af248294339f717725f5c5596f778e6bd5a5895f34cf,CURRENT,True
101284,P01284,1faaf960d523363906180b565371b4f6b51eeaae844f5378dd5093b7bd74babb,MEM7001284,GRP1004,OakStreet-Central,808-21-6014,Betty,Anderson,1946-03-21,M,+15096976926,9541 Oak Ave,,Houston,TX,77002,USA,"9541 Oak Ave, Houston, TX 77002, USA",PCP0054,Active,EHR,P01284,ING-PAT-20261005-01284,2026-10-05T11:02:12,2026-10-05T11:04:12,2023-12-03T11:04:12,2026-10-05T11:04:12,2026-10-05T09:34:12,4c0187a63ebc505a9dfc7cb07ac2f75d957db1e781f135b9c8762df3c965e3d1,CURRENT,True
101285,P01285,bf10ef731420a02c3a6387d105b6efea19ea7da0e6404ba2fb9e628540442914,MEM7001285,GRP1005,OakStreet-South,389-57-3809,Jennifer,Taylor,1964-08-06,F,+18537114673,7479 Washington St,,Orlando,FL,32801,USA,"7479 Washington St, Orlando, FL 32801, USA",PCP0033,Active,EHR,P01285,ING-PAT-20261005-01285,2026-10-05T11:02:15,2026-10-05T11:04:15,2023-12-15T11:04:15,2026-10-05T11:04:15,2026-10-05T07:45:15,9d596f29f83d589516917d6b7a78e78b6d8da114591104f3a7a301d13b855b7c,CURRENT,True
101286,P01286,f62452a205c3d6038e8adeacc746241437ded0a827203bc48f401cc088ebd613,MEM7001286,GRP1006,OakStreet-East,765-37-6441,Sarah,Miller,1981-05-13,M,+15115799399,9187 Washington Blvd,,Dallas,TX,75201,USA,"9187 Washington Blvd, Dallas, TX 75201, USA",PCP0094,Active,EHR,P01286,ING-PAT-20261005-01286,2026-10-05T11:02:18,2026-10-05T11:04:18,2022-08-02T11:04:18,2026-10-05T11:04:18,2026-10-05T08:25:18,be52da0f5d19d6744d9884dcb85f1d66eb8f8aeea8fafbbdaf15c957edce333f,CURRENT,True
101287,P01287,e9b22b7760ad2e4ee68ff8dc0ba4e675ca81a4711b6a031d8c6320c769a83d3d,MEM7001287,GRP1007,OakStreet-Southwest,880-90-2181,Barbara,Jones,1987-10-24,M,+16452298786,6095 Pine Ave,,Orlando,FL,32801,USA,"6095 Pine Ave, Orlando, FL 32801, USA",PCP0006,Active,EHR,P01287,ING-PAT-20261005-01287,2026-10-05T11:02:21,2026-10-05T11:04:21,2024-04-13T11:04:21,2026-10-05T11:04:21,2026-10-05T10:51:21,71907fc59a04cf72f0387fba3e156d5ca0327990ce84824281ba2db653486a05,CURRENT,True
101288,P01288,3029689bfc1d319afb8612cd059ea014ca054c36885a02bc61bf689e307a22dc,MEM7001288,GRP1008,OakStreet-Central,768-88-1551,Linda,Jones,1970-10-16,F,+17593581824,1639 Park Blvd,Apt 577,Chicago,IL,60601,USA,"1639 Park Blvd Apt 577, Chicago, IL 60601, USA",PCP0080,Active,EHR,P01288,ING-PAT-20261005-01288,2026-10-05T11:02:24,2026-10-05T11:04:24,2024-11-16T11:04:24,2026-10-05T11:04:24,2026-10-05T07:15:24,e46267be74069d91f511040d4cf1b469919cf23f208de2eaa06b7cd341219aa3,CURRENT,True
101289,P01289,88e6156c6b2d38a25659f7097a35011d234908ed6a091bd91516f90bcfb7287f,MEM7001289,GRP1009,OakStreet-South,778-47-4996,Barbara,Ramirez,1957-02-25,F,+16233985687,4299 Main Ave,,Houston,TX,77005,USA,"4299 Main Ave, Houston, TX 77005, USA",PCP0086,Active,EHR,P01289,ING-PAT-20261005-01289,2026-10-05T11:02:27,2026-10-05T11:04:27,2024-12-08T11:04:27,2026-10-05T11:04:27,2026-10-05T10:17:27,47616f1f9d6c9f4aecadfe084b2015ba297c7c0063197925b4d61bcb504e7bac,CURRENT,True
101290,P01290,7251127d53394e8412c01edf23976436fc04ffc0a3809613ee0c21291034403c,MEM7001290,GRP1010,OakStreet-East,410-73-7663,Jessica,Ramirez,1947-04-28,F,+15825886875,4406 Main Blvd,,Houston,TX,77024,USA,"4406 Main Blvd, Houston, TX 77024, USA",PCP0046,Active,EHR,P01290,ING-PAT-20261005-01290,2026-10-05T11:02:30,2026-10-05T11:04:30,2022-05-12T11:04:30,2026-10-05T11:04:30,2026-10-05T08:46:30,137d7aa2b8f364a333d02c344a2069aea5d186de0457c5b2ac8ed03ba0cfd6b0,CURRENT,True
101291,P01291,97bbfe762fa8c6e92abccd891e3537c0a720ca65f5a2f80c188025956d11ae8b,MEM7001291,GRP1011,OakStreet-Southwest,825-29-2260,Thomas,Perez,1984-09-14,F,+14352988613,629 Lake St,,Dallas,TX,75201,USA,"629 Lake St, Dallas, TX 75201, USA",PCP0050,Active,EHR,P01291,ING-PAT-20261005-01291,2026-10-05T11:02:33,2026-10-05T11:04:33,2023-12-11T11:04:33,2026-10-05T11:04:33,2026-10-05T08:18:33,48ca1746d6abee3cc7be301e0f325f390c3a6681b0bf1ceb7fb9cc867e433721,CURRENT,True
101292,P01292,48bb073e8b55ae7e273d512e0c7382ebf84b71406901edd891f771ffea333a0e,MEM7001292,GRP1012,OakStreet-Central,636-54-2429,Richard,Miller,1971-05-06,M,+18407266677,3751 Market St,Apt 136,Houston,TX,77024,USA,"3751 Market St Apt 136, Houston, TX 77024, USA",PCP0028,Active,EHR,P01292,ING-PAT-20261005-01292,2026-10-05T11:02:36,2026-10-05T11:04:36,2025-07-13T11:04:36,2026-10-05T11:04:36,2026-10-05T10:44:36,7f2e924093242d994faaef2ff018ce411a958f49b913238f03343b64434c163c,CURRENT,True
101293,P01293,5f2e6277fc9d76aa5bce8893838bf316a132e1a43433e1492d22f5c6711fa66d,MEM7001293,GRP1013,OakStreet-South,172-36-0570,Steven,Clark,1954-11-17,M,+15832337155,9801 Park Ave,,Houston,TX,77024,USA,"9801 Park Ave, Houston, TX 77024, USA",PCP0065,Active,EHR,P01293,ING-PAT-20261005-01293,2026-10-05T11:02:39,2026-10-05T11:04:39,2023-02-13T11:04:39,2026-10-05T11:04:39,2026-10-05T07:49:39,26d6f8d25294cecb4e4aaa18ab5985dce9a71c322b6e1caa639d4a08b4acd0a7,CURRENT,True
101294,P01294,276afe74af8bda3171343e3b44468a044a0de076e0c9f7662a032195c85ec2f8,MEM7001294,GRP1014,OakStreet-East,460-19-8962,Mary,Lewis,1938-08-28,F,+17025848838,8008 Oak Blvd,,Houston,TX,77024,USA,"8008 Oak Blvd, Houston, TX 77024, USA",PCP0116,Active,EHR,P01294,ING-PAT-20261005-01294,2026-10-05T11:02:42,2026-10-05T11:04:42,2025-07-06T11:04:42,2026-10-05T11:04:42,2026-10-05T07:54:42,e6ae108e6427e2fc30a732d14e78f9d97798a8afcd8fe2feefe92e7137be2179,CURRENT,True
101295,P01295,694711be252ade19627f821b49b358ac53239d439ace967d7075cfacdf0d9734,MEM7001295,GRP1015,OakStreet-Southwest,152-93-8460,William,Clark,1952-05-26,M,+13386388753,1508 Main Ave,,Austin,TX,78701,USA,"1508 Main Ave, Austin, TX 78701, USA",PCP0114,Active,EHR,P01295,ING-PAT-20261005-01295,2026-10-05T11:02:45,2026-10-05T11:04:45,2021-11-23T11:04:45,2026-10-05T11:04:45,2026-10-05T09:05:45,829258dafc99548fc1ada4fd325133f8f2eec7e5071d12e07061f87840f48eb7,CURRENT,True
101296,P01296,51023a742c7255a9592bbb10726ea3095989d7b08f1a091d1c1bad273533bd19,MEM7001296,GRP1016,OakStreet-Central,472-54-3134,David,Lee,1993-08-13,F,+18123032344,5369 Oak Rd,Apt 34,Houston,TX,77024,USA,"5369 Oak Rd Apt 34, Houston, TX 77024, USA",PCP0008,Active,EHR,P01296,ING-PAT-20261005-01296,2026-10-05T11:02:48,2026-10-05T11:04:48,2025-09-09T11:04:48,2026-10-05T11:04:48,2026-10-05T07:46:48,6894963a7ff5be1bafdf7f87ba9e30520323034d6a6924d243f2ed630df8b95a,CURRENT,True
101297,P01297,16f54c8d9909001b21b8f720744fa070e0e316b1d999ecb5f4ee96613b1414c2,MEM7001297,GRP1017,OakStreet-South,602-15-6949,James,Garcia,1990-06-06,M,+14994064560,364 Lake Blvd,,Phoenix,AZ,85004,USA,"364 Lake Blvd, Phoenix, AZ 85004, USA",PCP0100,Active,EHR,P01297,ING-PAT-20261005-01297,2026-10-05T11:02:51,2026-10-05T11:04:51,2022-05-11T11:04:51,2026-10-05T11:04:51,2026-10-05T08:28:51,301cc900c03fa4c59a9f435f529054142193270ab70964c71e0d577f2b62b1a5,CURRENT,True
101298,P01298,53ae67ddc274069ec52fef27e411be54aa037a05fb7c0068d08e25be74c3d0e0,MEM7001298,GRP1018,OakStreet-East,374-82-9706,Anthony,Harris,1984-07-03,F,+14287067811,1002 Washington Ave,,San Antonio,TX,78205,USA,"1002 Washington Ave, San Antonio, TX 78205, USA",PCP0078,Active,EHR,P01298,ING-PAT-20261005-01298,2026-10-05T11:02:54,2026-10-05T11:04:54,2023-08-19T11:04:54,2026-10-05T11:04:54,2026-10-05T10:15:54,5ef53cb96cb09cbd2dc64078ccde5069a5fb2f92566706cb6233ddd48a2d2610,CURRENT,True
101299,P01299,6dd93508ff4adae21ddba0bee77c3f020f8e1e0a745c92a1acdbe466a5f70066,MEM7001299,GRP1019,OakStreet-Southwest,769-62-4250,James,Lee,1989-08-04,M,+14697356628,6022 Market Blvd,,San Antonio,TX,78205,USA,"6022 Market Blvd, San Antonio, TX 78205, USA",PCP0051,Active,EHR,P01299,ING-PAT-20261005-01299,2026-10-05T11:02:57,2026-10-05T11:04:57,2022-01-05T11:04:57,2026-10-05T11:04:57,2026-10-05T10:43:57,5479b6e478a76db17a2192f5f31221c8788cb75a65f1f62ff6a2d98b8287d879,CURRENT,True
101300,P01300,f3249317e5f1b0eda36946a2d016034f2d338c7b586f8e298d5e8a441063a501,MEM7001300,GRP1020,OakStreet-Central,639-73-1934,Jennifer,Martin,1955-01-18,F,+19284889718,5347 Pine Ave,,Houston,TX,77002,USA,"5347 Pine Ave, Houston, TX 77002, USA",PCP0093,Active,EHR,P01300,ING-PAT-20261005-01300,2026-10-05T11:03:00,2026-10-05T11:05:00,2023-04-02T11:05:00,2026-10-05T11:05:00,2026-10-05T08:08:00,2cc4769dfe4c0e41878e064f87668ec9b292c959178b9cd3fe0402832ff55afe,CURRENT,True
101301,P01301,86715a060269e20ffed541dbc38856da5c4e0205f4bedf71a60d96a23ebd339e,MEM7001301,GRP1021,OakStreet-South,328-28-0931,Jennifer,Gonzalez,1954-10-23,F,+13139185823,3598 Market Ave,,Atlanta,GA,30303,USA,"3598 Market Ave, Atlanta, GA 30303, USA",PCP0003,Active,EHR,P01301,ING-PAT-20261005-01301,2026-10-05T11:03:03,2026-10-05T11:05:03,2024-09-13T11:05:03,2026-10-05T11:05:03,2026-10-05T08:47:03,522b34094325402696af07d8bdf4d31bfb95b826f74e0d858777ebdcdfff540a,CURRENT,True
101302,P01302,90f3d4f49eb724cd5fc543b5c36f40e331870665d600358956631325fa93c334,MEM7001302,GRP1022,OakStreet-East,510-20-1208,Lisa,White,1983-10-06,F,+18419476247,1577 Lake Blvd,Apt 903,Austin,TX,78701,USA,"1577 Lake Blvd Apt 903, Austin, TX 78701, USA",PCP0049,Active,EHR,P01302,ING-PAT-20261005-01302,2026-10-05T11:03:06,2026-10-05T11:05:06,2024-02-10T11:05:06,2026-10-05T11:05:06,2026-10-05T09:12:06,ab5010887154c3d3e31e050eba75050e575e0641ef4e4f74a2c58b4f2f30db7c,CURRENT,True
101303,P01303,d67fd6df381d1fcd3b2d59ac87acbf2da293fcaa74d0ea728f00c2d907933b8c,MEM7001303,GRP1023,OakStreet-Southwest,158-30-7889,Linda,Jackson,1991-02-22,M,+18478065563,5379 Washington St,,Houston,TX,77002,USA,"5379 Washington St, Houston, TX 77002, USA",PCP0060,Active,EHR,P01303,ING-PAT-20261005-01303,2026-10-05T11:03:09,2026-10-05T11:05:09,2022-05-31T11:05:09,2026-10-05T11:05:09,2026-10-05T07:41:09,00e481ecdf64f4d9a029cf8ac8f3251989493f40e17d0693c99b64d65242fb60,CURRENT,True
101304,P01304,d8a77bcbdef9999e28fd48765ca814093f051e0609810c1bdc5c4d459fe7bfb1,MEM7001304,GRP1024,OakStreet-Central,538-63-5780,Matthew,Gonzalez,1939-10-12,M,+18602953612,8457 Park Blvd,,Houston,TX,77024,USA,"8457 Park Blvd, Houston, TX 77024, USA",PCP0026,Active,EHR,P01304,ING-PAT-20261005-01304,2026-10-05T11:03:12,2026-10-05T11:05:12,2024-08-13T11:05:12,2026-10-05T11:05:12,2026-10-05T11:02:12,eb2cb9fefb387eb27eef7a55ffa8b095423ef4b96a8e0fe37d2c32198282e9de,CURRENT,True
101305,P01305,0f6f76b98b0ef8f1ccb98b589dbd40c563036c936e1912c7e5ff725c5a9581c8,MEM7001305,GRP1025,OakStreet-South,243-56-1163,Linda,Perez,2000-10-01,F,+15244155169,5377 Park Blvd,,Orlando,FL,32801,USA,"5377 Park Blvd, Orlando, FL 32801, USA",PCP0022,Active,EHR,P01305,ING-PAT-20261005-01305,2026-10-05T11:03:15,2026-10-05T11:05:15,2022-04-17T11:05:15,2026-10-05T11:05:15,2026-10-05T10:42:15,7fd1a0256bff865c56c0fd4140ccd3a6c9b121d135ae6e9ffc837e3b10c15ec7,CURRENT,True
101306,P01306,bbe710176ca334acb36d4e00502cdc144b5c478bf9a54aa842b60fa0b56346cc,MEM7001306,GRP1026,OakStreet-East,619-54-5048,Robert,Harris,1995-01-05,M,+14143663998,8538 Park Rd,,Chicago,IL,60601,USA,"8538 Park Rd, Chicago, IL 60601, USA",PCP0083,Active,EHR,P01306,ING-PAT-20261005-01306,2026-10-05T11:03:18,2026-10-05T11:05:18,2024-05-06T11:05:18,2026-10-05T11:05:18,2026-10-05T10:47:18,c89859120389f5f19fb06721eca6a2712e70bf20131c88263d64cc41fd59c155,CURRENT,True
101307,P01307,9d1375f5215cd661c5146007491f5aecf046bf4a0bc0f992d79863455675a975,MEM7001307,GRP1027,OakStreet-Southwest,628-36-6650,Betty,Taylor,2000-06-27,M,+15514135347,9407 Pine St,,Orlando,FL,32801,USA,"9407 Pine St, Orlando, FL 32801, USA",PCP0038,Active,EHR,P01307,ING-PAT-20261005-01307,2026-10-05T11:03:21,2026-10-05T11:05:21,2025-07-03T11:05:21,2026-10-05T11:05:21,2026-10-05T08:54:21,d1427e98fde37614c5367b98bbb7e56ef94637803857f00f3029a498b6961e9b,CURRENT,True
101308,P01308,67a8e270ea5aafe72a043e0a24577837f874f3ca79a538dd183bc28802c5eeca,MEM7001308,GRP1028,OakStreet-Central,506-11-6564,Barbara,Sanchez,1997-04-05,M,+18757137258,6401 Park Blvd,,Phoenix,AZ,85004,USA,"6401 Park Blvd, Phoenix, AZ 85004, USA",PCP0021,Active,EHR,P01308,ING-PAT-20261005-01308,2026-10-05T11:03:24,2026-10-05T11:05:24,2024-08-11T11:05:24,2026-10-05T11:05:24,2026-10-05T07:44:24,76189c026f8a60e8350ed3e08a527f097a29210889fa08f0b2f07da47dbf3445,CURRENT,True
101309,P01309,49fd3e6d578f6a1364f194fd66dc95fd150f7aad9b4d3c332ca337806725a2da,MEM7001309,GRP1029,OakStreet-South,473-95-5450,Betty,Moore,2001-06-10,F,+19575596462,7088 Lake St,,Austin,TX,78701,USA,"7088 Lake St, Austin, TX 78701, USA",PCP0068,Active,EHR,P01309,ING-PAT-20261005-01309,2026-10-05T11:03:27,2026-10-05T11:05:27,2023-09-20T11:05:27,2026-10-05T11:05:27,2026-10-05T09:09:27,664ebf353952c999689f1be6b4eb2aede61dac57a9eadc0572a6b169be34beda,CURRENT,True
101310,P01310,c0da3997fa2c5673bf8bbfb10c9e309621c3f4085ff92a283ecaba711965dfaf,MEM7001310,GRP1030,OakStreet-East,187-60-0213,John,Clark,1979-11-11,M,+18583623720,6013 Park Blvd,,Houston,TX,77005,USA,"6013 Park Blvd, Houston, TX 77005, USA",PCP0069,Active,EHR,P01310,ING-PAT-20261005-01310,2026-10-05T11:03:30,2026-10-05T11:05:30,2024-06-18T11:05:30,2026-10-05T11:05:30,2026-10-05T08:17:30,94590d0d3314990357e687adab4fde997e36eea248f55b63092ec61dfa882840,CURRENT,True
101311,P01311,0d7d9613c8e8902cc00883bd8f5c6c51e53ff4ebd02e2c60e7c315d9d706537d,MEM7001311,GRP1031,OakStreet-Southwest,317-29-8143,Joseph,Moore,1993-02-28,M,+12719898407,4757 Lake St,,Phoenix,AZ,85004,USA,"4757 Lake St, Phoenix, AZ 85004, USA",PCP0063,Active,EHR,P01311,ING-PAT-20261005-01311,2026-10-05T11:03:33,2026-10-05T11:05:33,2025-08-15T11:05:33,2026-10-05T11:05:33,2026-10-05T09:55:33,ccb17fb0e25fdf8d8e5b63826bf2f9c50b21db79da7e260ae37c5c10fd5aa27c,CURRENT,True
101312,P01312,c30f357a210506f29f077129e143f2851c6cb031407474c278e2f67e013eeed8,MEM7001312,GRP1032,OakStreet-Central,668-45-5815,Charles,Wilson,1935-01-15,F,+19449632261,5389 Main St,,Austin,TX,78701,USA,"5389 Main St, Austin, TX 78701, USA",PCP0020,Active,EHR,P01312,ING-PAT-20261005-01312,2026-10-05T11:03:36,2026-10-05T11:05:36,2024-10-13T11:05:36,2026-10-05T11:05:36,2026-10-05T10:45:36,98b55dc26635a8963d249956b9394d610be10df399d8040701a60536854bf53c,CURRENT,True
101313,P01313,95223ea48589c51ff3eb4f14c64e937e3155fad3d916d4efa9cf9b6cd1d41af1,MEM7001313,GRP1033,OakStreet-South,879-47-6700,John,Miller,1940-01-20,M,+14824724273,5576 Lake Rd,Apt 186,Austin,TX,78701,USA,"5576 Lake Rd Apt 186, Austin, TX 78701, USA",PCP0053,Active,EHR,P01313,ING-PAT-20261005-01313,2026-10-05T11:03:39,2026-10-05T11:05:39,2025-02-03T11:05:39,2026-10-05T11:05:39,2026-10-05T08:00:39,4d94796022691429389fd0e0408d2b06ab95c0205e8caae3fedbb8bb5026c298,CURRENT,True
101314,P01314,1eb52cedb0ec3c14439a8eb4172411ba76f9a416f651045ab5a12e1c73673ae8,MEM7001314,GRP1034,OakStreet-East,514-87-0552,Matthew,Jones,1948-07-26,F,+18527038707,9724 Washington St,,Houston,TX,77002,USA,"9724 Washington St, Houston, TX 77002, USA",PCP0102,Active,EHR,P01314,ING-PAT-20261005-01314,2026-10-05T11:03:42,2026-10-05T11:05:42,2022-04-26T11:05:42,2026-10-05T11:05:42,2026-10-05T07:41:42,741655be0202d0095f728b0dbc6176360b2e50c18b6b6ca9be333f4b8d2bedd7,CURRENT,True
101315,P01315,3bd89539a4d36fd1b8a6b443082ae210f78dd5f825c09fa4fe101eee7302c581,MEM7001315,GRP1035,OakStreet-Southwest,257-50-4127,Linda,Lee,1961-10-04,M,+12019315842,4505 Park Blvd,,Houston,TX,77002,USA,"4505 Park Blvd, Houston, TX 77002, USA",PCP0030,Active,EHR,P01315,ING-PAT-20261005-01315,2026-10-05T11:03:45,2026-10-05T11:05:45,2023-06-10T11:05:45,2026-10-05T11:05:45,2026-10-05T08:09:45,8ac91b1f60efdb8dc18dc8c3309e98292f54e5938c0bfb67cf7094b74db59de2,CURRENT,True
101316,P01316,2bf583e925a1cccaeab3747fef41f33be25e91c727087f1aad20ef84ace0bf99,MEM7001316,GRP1036,OakStreet-Central,714-41-8734,Karen,Jackson,1943-10-21,F,+12629134056,6953 Pine Blvd,,Phoenix,AZ,85004,USA,"6953 Pine Blvd, Phoenix, AZ 85004, USA",PCP0028,Active,EHR,P01316,ING-PAT-20261005-01316,2026-10-05T11:03:48,2026-10-05T11:05:48,2024-01-25T11:05:48,2026-10-05T11:05:48,2026-10-05T07:52:48,bb25960f2a45ed31b195794cf1c9e400531372b14de698b9a6248ed66ec1ebb7,CURRENT,True
101317,P01317,91b3eaded82e73a7e2b34b0c44684f280c6665bb79b7a85866a23b3e8fe43571,MEM7001317,GRP1037,OakStreet-South,568-35-8898,Matthew,Taylor,1951-11-18,M,+18783615290,8929 Market Blvd,,Chicago,IL,60601,USA,"8929 Market Blvd, Chicago, IL 60601, USA",PCP0103,Active,EHR,P01317,ING-PAT-20261005-01317,2026-10-05T11:03:51,2026-10-05T11:05:51,2025-10-20T11:05:51,2026-10-05T11:05:51,2026-10-05T10:44:51,cbb9685be46da20433dd4077124833baecd3fad1f3d753c6fc2ad2f17758e9b1,CURRENT,True
101318,P01318,3406eb8727ec308b7a01a7db78eae3549eff5b69ca68cf0eec0fa6b47245d7da,MEM7001318,GRP1038,OakStreet-East,840-23-9400,William,Walker,1975-02-15,M,+17713489139,808 Main Ave,,Houston,TX,77002,USA,"808 Main Ave, Houston, TX 77002, USA",PCP0034,Active,EHR,P01318,ING-PAT-20261005-01318,2026-10-05T11:03:54,2026-10-05T11:05:54,2023-05-14T11:05:54,2026-10-05T11:05:54,2026-10-05T07:38:54,38bfa108f032cc2a46f7fc6b1ccd5bb9b323f15c6c952c0cd9b1c8f3c178f93d,CURRENT,True
101319,P01319,69e66f9a7aa47dddf1f70d8aaf2637eebdad7c6658c5ebfc61191a55342fa0ee,MEM7001319,GRP1039,OakStreet-Southwest,355-54-3334,Betty,Jones,1951-12-15,M,+16152842066,1563 Oak Blvd,,Phoenix,AZ,85004,USA,"1563 Oak Blvd, Phoenix, AZ 85004, USA",PCP0033,Active,EHR,P01319,ING-PAT-20261005-01319,2026-10-05T11:03:57,2026-10-05T11:05:57,2023-05-15T11:05:57,2026-10-05T11:05:57,2026-10-05T08:52:57,7186602fe6963b723cf3c49578a188c7de4efb61433d20855fb028731baf13aa,CURRENT,True
101320,P01320,daeb014d8d83ab7dc51967c6ed0aa7ae9fb1b417016fcf44d7ab821b902d549d,MEM7001320,GRP1000,OakStreet-Central,600-42-7116,Richard,Brown,1938-12-15,M,+12944192817,9822 Main Blvd,,Atlanta,GA,30303,USA,"9822 Main Blvd, Atlanta, GA 30303, USA",PCP0059,Active,EHR,P01320,ING-PAT-20261005-01320,2026-10-05T11:04:00,2026-10-05T11:06:00,2024-11-27T11:06:00,2026-10-05T11:06:00,2026-10-05T08:34:00,55669f408f1926eb149a07e16accc3355a7e10010566abed17bb2021dbf999d1,CURRENT,True
101321,P01321,65a2a6dd4d6d63dced25e38ec7c4ccfa538ba407fe9bfc05c3e26e68fe7ce82d,MEM7001321,GRP1001,OakStreet-South,456-27-8739,Patricia,Miller,1998-09-10,F,+18524559917,7374 Pine Rd,,Houston,TX,77024,USA,"7374 Pine Rd, Houston, TX 77024, USA",PCP0020,Active,EHR,P01321,ING-PAT-20261005-01321,2026-10-05T11:04:03,2026-10-05T11:06:03,2024-03-11T11:06:03,2026-10-05T11:06:03,2026-10-05T08:39:03,9c439f6602e4b2fb9f0fe33459998a71ec59388ab7a3b3e22594a914caafdf8d,CURRENT,True
101322,P01322,5044a3854134738726a77d7313582df2d9d5f099da40498e3d5cadc0bf3eed20,MEM7001322,GRP1002,OakStreet-East,737-59-2117,Margaret,Smith,1946-06-19,M,+18054738165,1972 Washington St,,Houston,TX,77002,USA,"1972 Washington St, Houston, TX 77002, USA",PCP0092,Active,EHR,P01322,ING-PAT-20261005-01322,2026-10-05T11:04:06,2026-10-05T11:06:06,2024-11-26T11:06:06,2026-10-05T11:06:06,2026-10-05T07:20:06,5703a7e51ecbbdd1e8d9145efad23ce59a3df94e210f7091acf277da00cb24c7,CURRENT,True
101323,P01323,08dc680455a826ab5ede1e4f2ae6dfd83b1d8e76b93f7dd868ae3b764ea2b880,MEM7001323,GRP1003,OakStreet-Southwest,244-42-4723,Daniel,Miller,1982-03-13,M,+14805865960,3352 Pine Rd,,Austin,TX,78701,USA,"3352 Pine Rd, Austin, TX 78701, USA",PCP0085,Active,EHR,P01323,ING-PAT-20261005-01323,2026-10-05T11:04:09,2026-10-05T11:06:09,2025-10-01T11:06:09,2026-10-05T11:06:09,2026-10-05T09:27:09,91d8ec4bfa8b05a85e808e75e860877dc1a451407643e76a5d2df929958df541,CURRENT,True
101324,P01324,907d8fc2d395ccf3131ded5450c3f684374bd2f35a106350e3fbfc265a684d7c,MEM7001324,GRP1004,OakStreet-Central,864-83-1269,Michael,Sanchez,2002-10-25,M,+17693175093,4022 Oak Rd,,San Antonio,TX,78205,USA,"4022 Oak Rd, San Antonio, TX 78205, USA",PCP0106,Active,EHR,P01324,ING-PAT-20261005-01324,2026-10-05T11:04:12,2026-10-05T11:06:12,2021-12-23T11:06:12,2026-10-05T11:06:12,2026-10-05T09:20:12,10135c285fbb804b3a8f9a8972c9bcc74ed1e58ac9a05e67675607212ed1f74e,CURRENT,True
101325,P01325,df847df084bd4d46a2e10b783a78b35448f00017a1ce0a3d7e1b1618d200f734,MEM7001325,GRP1005,OakStreet-South,652-81-7812,Lisa,Wilson,1982-07-13,F,+18307067407,5476 Pine St,,San Antonio,TX,78205,USA,"5476 Pine St, San Antonio, TX 78205, USA",PCP0116,Active,EHR,P01325,ING-PAT-20261005-01325,2026-10-05T11:04:15,2026-10-05T11:06:15,2023-05-18T11:06:15,2026-10-05T11:06:15,2026-10-05T10:32:15,6134edb5fa88393221497aa8ee775a8e8bde3cb487c96f574f7c201fdb6e0b9c,CURRENT,True
101326,P01326,5ea9c4766bd25921a2b6d6fb243d9c7ff491fd069f9e124e15635e12df0c9f0e,MEM7001326,GRP1006,OakStreet-East,323-22-5135,Karen,Martin,1949-06-15,M,+15577018472,6507 Main Blvd,,Austin,TX,78701,USA,"6507 Main Blvd, Austin, TX 78701, USA",PCP0103,Active,EHR,P01326,ING-PAT-20261005-01326,2026-10-05T11:04:18,2026-10-05T11:06:18,2023-08-12T11:06:18,2026-10-05T11:06:18,2026-10-05T10:26:18,7e5d43f7f576ccb8876217684a543dfbb41fb92161b7a57608daa86cc14d1523,CURRENT,True
101327,P01327,0f14e765dd01fc9a65bc919b8eb8005fab2b5a0a22db27fa1346fe8288842dac,MEM7001327,GRP1007,OakStreet-Southwest,456-16-9748,Barbara,Walker,1976-06-03,M,+12347597486,2371 Main St,,Orlando,FL,32801,USA,"2371 Main St, Orlando, FL 32801, USA",PCP0027,Active,EHR,P01327,ING-PAT-20261005-01327,2026-10-05T11:04:21,2026-10-05T11:06:21,2024-01-31T11:06:21,2026-10-05T11:06:21,2026-10-05T07:13:21,7b0ea6b16f4dbd364d0a4a1b68df776aa67477e86858cb24412230ff2a1f3212,CURRENT,True
101328,P01328,9b72df2b599468330d032bb1f7460313167debff9131c5d8098619e8deddbe46,MEM7001328,GRP1008,OakStreet-Central,700-79-7850,Daniel,Walker,1939-01-22,M,+14072002908,1104 Market Blvd,,Houston,TX,77002,USA,"1104 Market Blvd, Houston, TX 77002, USA",PCP0058,Active,EHR,P01328,ING-PAT-20261005-01328,2026-10-05T11:04:24,2026-10-05T11:06:24,2024-10-19T11:06:24,2026-10-05T11:06:24,2026-10-05T09:14:24,9bd63f98c95695d210d3fe3be827dbf77db2a578d189c167aa74590298d0cc23,CURRENT,True
101329,P01329,157abc513cf83262b83f170571444e0fb06bf14db74509ad405870909be62e34,MEM7001329,GRP1009,OakStreet-South,750-51-4997,Lisa,Jones,1947-04-07,F,+17537025699,1880 Washington Blvd,,Austin,TX,78701,USA,"1880 Washington Blvd, Austin, TX 78701, USA",PCP0085,Active,EHR,P01329,ING-PAT-20261005-01329,2026-10-05T11:04:27,2026-10-05T11:06:27,2024-12-08T11:06:27,2026-10-05T11:06:27,2026-10-05T07:19:27,ea7d9e83e9a2986fbcb859e94fcd69728241230a55067492d92e75339b6122e9,CURRENT,True
101330,P01330,be0981bf3cffa959c0865db2a8ba0e8e67187ee10fa38be11c711aebd670d915,MEM7001330,GRP1010,OakStreet-East,486-67-4111,Elizabeth,Williams,1951-03-26,M,+17748316420,8701 Oak Blvd,Apt 693,San Antonio,TX,78205,USA,"8701 Oak Blvd Apt 693, San Antonio, TX 78205, USA",PCP0003,Active,EHR,P01330,ING-PAT-20261005-01330,2026-10-05T11:04:30,2026-10-05T11:06:30,2024-02-04T11:06:30,2026-10-05T11:06:30,2026-10-05T09:11:30,f0e96d736b7163caaf46bd22936ecc95ddcac7b5a1734630e7b8e2a25053d050,CURRENT,True
101331,P01331,9650571f1e34ba1af71aa0cf9892c0ad59c0cf3d664a0d7ec6ef57f53faa6f4b,MEM7001331,GRP1011,OakStreet-Southwest,266-44-9551,Karen,Martin,1958-09-11,F,+14852612672,4735 Oak St,,Houston,TX,77005,USA,"4735 Oak St, Houston, TX 77005, USA",PCP0096,Active,EHR,P01331,ING-PAT-20261005-01331,2026-10-05T11:04:33,2026-10-05T11:06:33,2024-03-08T11:06:33,2026-10-05T11:06:33,2026-10-05T07:40:33,d3ccfe8d5bbba95fe716f459946fb69e104b6b2bea20c10093549b3a81980a12,CURRENT,True
101332,P01332,20c6e552cdea470a9f7f427605e450737d7d5f15ca0e2d819f49f1bf743ca5b7,MEM7001332,GRP1012,OakStreet-Central,820-17-7492,Mary,Wilson,1988-09-15,F,+16332984818,9209 Park Blvd,,Dallas,TX,75201,USA,"9209 Park Blvd, Dallas, TX 75201, USA",PCP0042,Active,EHR,P01332,ING-PAT-20261005-01332,2026-10-05T11:04:36,2026-10-05T11:06:36,2025-11-20T11:06:36,2026-10-05T11:06:36,2026-10-05T09:05:36,a5194349c5f22df4f6b8ee7ac435679badc82714eb3bf7466d91bb5f83fec269,CURRENT,True
101333,P01333,c7063e73cba0a9688f34750bbcb7b7eaedffbe07b620ca9f6771d33da81e4ca6,MEM7001333,GRP1013,OakStreet-South,499-49-3336,David,Perez,1942-04-01,F,+16278498248,3425 Pine St,,Austin,TX,78701,USA,"3425 Pine St, Austin, TX 78701, USA",PCP0009,Active,EHR,P01333,ING-PAT-20261005-01333,2026-10-05T11:04:39,2026-10-05T11:06:39,2023-12-08T11:06:39,2026-10-05T11:06:39,2026-10-05T09:52:39,1c0dc15871775348509455a0e17c2b0f7e20976129f6b18421456e439fe6d57b,CURRENT,True
101334,P01334,10718d76f9d730b9f3ee51a2f75d4597b29b4b507a621e54b7e0d3cc15d2fef0,MEM7001334,GRP1014,OakStreet-East,849-58-5348,Elizabeth,Martin,2002-05-23,F,+12555288869,4656 Oak Rd,,Houston,TX,77005,USA,"4656 Oak Rd, Houston, TX 77005, USA",PCP0034,Active,EHR,P01334,ING-PAT-20261005-01334,2026-10-05T11:04:42,2026-10-05T11:06:42,2025-07-30T11:06:42,2026-10-05T11:06:42,2026-10-05T08:08:42,27bec1dfff90cf43b9170db2f047edfe7740fb307f63bf53306d71b52b9fa869,CURRENT,True
101335,P01335,c002d5a75413bbe3e71c4e9561e25237d3a21314fcd152b8edc6f6a584f8fa2f,MEM7001335,GRP1015,OakStreet-Southwest,443-23-4365,Jessica,Thompson,1939-06-24,M,+16724168734,565 Pine Ave,,Houston,TX,77024,USA,"565 Pine Ave, Houston, TX 77024, USA",PCP0025,Active,EHR,P01335,ING-PAT-20261005-01335,2026-10-05T11:04:45,2026-10-05T11:06:45,2024-01-04T11:06:45,2026-10-05T11:06:45,2026-10-05T08:57:45,f729a91bd1af38d4d4cf559681863212d65be774ee59b39114a2a405aacc2a69,CURRENT,True
101336,P01336,72d35c35808740391a20740ca0c211f1409c3c419fcaf3250142b74a6714d24b,MEM7001336,GRP1016,OakStreet-Central,375-24-8495,Elizabeth,Garcia,1985-07-02,M,+16354987513,6333 Market Ave,,Houston,TX,77024,USA,"6333 Market Ave, Houston, TX 77024, USA",PCP0006,Active,EHR,P01336,ING-PAT-20261005-01336,2026-10-05T11:04:48,2026-10-05T11:06:48,2024-12-02T11:06:48,2026-10-05T11:06:48,2026-10-05T10:08:48,f4bdace568771b388184e9e9f28d6d74d96ca84515fadc4b490e4a77148cb514,CURRENT,True
101337,P01337,d68dc4880a326f9432d594d2df8ad67fcba54f0bf94c44cce27bae0160dc2449,MEM7001337,GRP1017,OakStreet-South,524-46-6887,John,Anderson,2004-03-17,M,+17277395017,9775 Pine Blvd,,Orlando,FL,32801,USA,"9775 Pine Blvd, Orlando, FL 32801, USA",PCP0014,Active,EHR,P01337,ING-PAT-20261005-01337,2026-10-05T11:04:51,2026-10-05T11:06:51,2025-05-07T11:06:51,2026-10-05T11:06:51,2026-10-05T08:32:51,c6f1c544ec9038f7e91e136d95e2d4bb36b1e439e85ba99184bac65e70f36e05,CURRENT,True
101338,P01338,02c1fe181b50d182af2ced641a4b856559a60a218cac37110827456d246bed0b,MEM7001338,GRP1018,OakStreet-East,530-77-3397,James,Smith,1946-05-20,F,+18709548751,6775 Park Ave,,Chicago,IL,60601,USA,"6775 Park Ave, Chicago, IL 60601, USA",PCP0004,Active,EHR,P01338,ING-PAT-20261005-01338,2026-10-05T11:04:54,2026-10-05T11:06:54,2025-09-08T11:06:54,2026-10-05T11:06:54,2026-10-05T10:17:54,e38eccf9dc6386a0ce1f51fa083e5b6287884fcc715c34338cd31bcd178634d1,CURRENT,True
101339,P01339,e9d17f03ab7b40d0028116329ff73113fea393db1b45c2ec5a6f9868fead57a6,MEM7001339,GRP1019,OakStreet-Southwest,797-96-3825,Jessica,Martin,1982-05-09,M,+15848527056,3976 Market Blvd,,Houston,TX,77024,USA,"3976 Market Blvd, Houston, TX 77024, USA",PCP0002,Active,EHR,P01339,ING-PAT-20261005-01339,2026-10-05T11:04:57,2026-10-05T11:06:57,2023-12-29T11:06:57,2026-10-05T11:06:57,2026-10-05T08:08:57,e8f092c616b9756d4fcd558f5f7a52fbd5ebfcd54946d6c3cf5658938874a919,CURRENT,True
101340,P01340,9cd961a89fd3f80d15f54279fedc5bd52e192f657fb8ac16b3e4124389a0fc84,MEM7001340,GRP1020,OakStreet-Central,227-24-6728,Betty,Hernandez,1950-04-14,F,+15162846163,3634 Market Blvd,Apt 375,Atlanta,GA,30303,USA,"3634 Market Blvd Apt 375, Atlanta, GA 30303, USA",PCP0014,Active,EHR,P01340,ING-PAT-20261005-01340,2026-10-05T11:05:00,2026-10-05T11:07:00,2024-07-18T11:07:00,2026-10-05T11:07:00,2026-10-05T07:39:00,8c76ddd79606ede9f9ca386bebf366cb627d865d2bf919769a9971e5baf13a5f,CURRENT,True
101341,P01341,77949939c5b9ff5640b68c6e4def2bdbe2da92069f1675b36498be036e2eea2c,MEM7001341,GRP1021,OakStreet-South,208-10-0419,Richard,Davis,1971-07-22,F,+13049402991,8352 Washington Rd,Apt 255,Dallas,TX,75201,USA,"8352 Washington Rd Apt 255, Dallas, TX 75201, USA",PCP0099,Active,EHR,P01341,ING-PAT-20261005-01341,2026-10-05T11:05:03,2026-10-05T11:07:03,2024-10-15T11:07:03,2026-10-05T11:07:03,2026-10-05T09:44:03,941ae5f9f1dd35b03e1623c21bd71b6ed68f9ada080b6e1fc2ae9ee93da688f9,CURRENT,True
101342,P01342,7836a7a1d34375bfb8180cc2511c3b8c8f1048a477205a64be84aeb8f4f86d4e,MEM7001342,GRP1022,OakStreet-East,551-23-1585,Daniel,Harris,1957-01-22,F,+13704938553,6643 Pine Rd,,Phoenix,AZ,85004,USA,"6643 Pine Rd, Phoenix, AZ 85004, USA",PCP0109,Active,EHR,P01342,ING-PAT-20261005-01342,2026-10-05T11:05:06,2026-10-05T11:07:06,2022-09-14T11:07:06,2026-10-05T11:07:06,2026-10-05T08:18:06,d9a0bb47fa2ce46874589b1575658277cf8616f8eb689a79bb0227670de3a909,CURRENT,True
101343,P01343,fda9ad04db482b133a7bd3d5f1ae97b0d0e38109bd68dd6eab2b12262db9a50e,MEM7001343,GRP1023,OakStreet-Southwest,187-54-9898,Patricia,Jones,1967-09-18,M,+13874053430,1062 Main Rd,,Phoenix,AZ,85004,USA,"1062 Main Rd, Phoenix, AZ 85004, USA",PCP0038,Active,EHR,P01343,ING-PAT-20261005-01343,2026-10-05T11:05:09,2026-10-05T11:07:09,2023-03-13T11:07:09,2026-10-05T11:07:09,2026-10-05T10:26:09,0ebb9a29935fa11400bfb272b7ca1ecb952c4cb6b9b3a0cdc00715bd7c306ae3,CURRENT,True
101344,P01344,59c6385127377a8373156b40b0cb59b441b66da1c0f3cdba5d50b0aa06c63599,MEM7001344,GRP1024,OakStreet-Central,141-85-1138,Susan,Jackson,2000-03-21,F,+12168043895,3427 Market Ave,Apt 314,Houston,TX,77024,USA,"3427 Market Ave Apt 314, Houston, TX 77024, USA",PCP0108,Active,EHR,P01344,ING-PAT-20261005-01344,2026-10-05T11:05:12,2026-10-05T11:07:12,2022-05-31T11:07:12,2026-10-05T11:07:12,2026-10-05T07:27:12,717c2194a210905a3a6056e17498f3e4ed806ceabb6172655c57b75f6d928a74,CURRENT,True
101345,P01345,bf7ed7c49c36099be5813395611609967895c11b7d5d652abea856aac9643f91,MEM7001345,GRP1025,OakStreet-South,111-89-4469,Barbara,Wilson,1951-11-17,M,+13467537857,595 Lake Ave,,Houston,TX,77005,USA,"595 Lake Ave, Houston, TX 77005, USA",PCP0101,Active,EHR,P01345,ING-PAT-20261005-01345,2026-10-05T11:05:15,2026-10-05T11:07:15,2023-04-02T11:07:15,2026-10-05T11:07:15,2026-10-05T10:48:15,736e2b59a9004c9298a5a7ddb933650f410d576145d8d0f27a0df9ea177b74e3,CURRENT,True
101346,P01346,4a61a457ef4d595fe073cc4f3e17f6f3c75eacc489f09eddac5c45a5fd5adba4,MEM7001346,GRP1026,OakStreet-East,259-95-2092,Daniel,Wilson,1968-10-05,M,+15576765213,6379 Market Blvd,,Orlando,FL,32801,USA,"6379 Market Blvd, Orlando, FL 32801, USA",PCP0041,Active,EHR,P01346,ING-PAT-20261005-01346,2026-10-05T11:05:18,2026-10-05T11:07:18,2022-11-02T11:07:18,2026-10-05T11:07:18,2026-10-05T09:00:18,2b2270f767a6c4420169512776d1e17d8d8210deb563151fe3af8bffd87b714a,CURRENT,True
101347,P01347,a37b1ee4e6b0e22620365a5ded45ecf5f5b9b4ecdd6dff49604ca66e2b2460b2,MEM7001347,GRP1027,OakStreet-Southwest,135-12-1403,Steven,Williams,2000-12-18,F,+19715584609,8022 Lake Blvd,,Chicago,IL,60601,USA,"8022 Lake Blvd, Chicago, IL 60601, USA",PCP0016,Active,EHR,P01347,ING-PAT-20261005-01347,2026-10-05T11:05:21,2026-10-05T11:07:21,2023-03-31T11:07:21,2026-10-05T11:07:21,2026-10-05T10:04:21,e403eedfddb113fa4d03c2114979412cbc27be252d0fb8cf8503fa0a24d2b328,CURRENT,True
101348,P01348,29722180a0b8acc484835c5688a27320e798d425ca9ace8662b18663a853bcb9,MEM7001348,GRP1028,OakStreet-Central,628-85-7378,Jessica,Jackson,1966-09-16,M,+13916265968,9286 Oak Rd,,Orlando,FL,32801,USA,"9286 Oak Rd, Orlando, FL 32801, USA",PCP0097,Active,EHR,P01348,ING-PAT-20261005-01348,2026-10-05T11:05:24,2026-10-05T11:07:24,2025-10-12T11:07:24,2026-10-05T11:07:24,2026-10-05T07:33:24,1da208104b5183b019b091fb3d17fabc827d591de0bdd2a155fc87d556924af9,CURRENT,True
101349,P01349,7f353ff8af98baa1fe5ddddb630d687ccf7c8d08fda6771c3afe236b200ac1cf,MEM7001349,GRP1029,OakStreet-South,443-92-0571,Joseph,Harris,2003-12-13,M,+15798027883,2695 Main Blvd,Apt 91,Atlanta,GA,30303,USA,"2695 Main Blvd Apt 91, Atlanta, GA 30303, USA",PCP0112,Active,EHR,P01349,ING-PAT-20261005-01349,2026-10-05T11:05:27,2026-10-05T11:07:27,2024-03-27T11:07:27,2026-10-05T11:07:27,2026-10-05T08:58:27,97efc6f52a44f5088d9953e44f73409d94b6a09548ed11a3da65b6eb33c49561,CURRENT,True
101350,P01350,ccf7f78937819ab83cf5e752f9e9bd406bfad90bb6096ff395c58ae971f10769,MEM7001350,GRP1030,OakStreet-East,540-70-9003,Joseph,Anderson,1976-12-27,M,+15234037696,8381 Main Ave,Apt 770,Chicago,IL,60601,USA,"8381 Main Ave Apt 770, Chicago, IL 60601, USA",PCP0095,Active,EHR,P01350,ING-PAT-20261005-01350,2026-10-05T11:05:30,2026-10-05T11:07:30,2022-01-24T11:07:30,2026-10-05T11:07:30,2026-10-05T10:53:30,f26114505e5536c40ea1442845d3b5d6b6c7e80ae693a8565bf4536807caacb6,CURRENT,True
101351,P01351,7f55ee91dbcad4d65c01ef37de4590c9e3427501870f6fe6eda590b1552ab538,MEM7001351,GRP1031,OakStreet-Southwest,789-81-7133,Anthony,Harris,1998-05-12,F,+17215092968,7096 Pine St,,Austin,TX,78701,USA,"7096 Pine St, Austin, TX 78701, USA",PCP0018,Active,EHR,P01351,ING-PAT-20261005-01351,2026-10-05T11:05:33,2026-10-05T11:07:33,2024-03-15T11:07:33,2026-10-05T11:07:33,2026-10-05T08:03:33,10172fdb32c8c1ad4e0b5a7dfc4ac153ce2653783dd55a8d1a06da7d3dce21c8,CURRENT,True
101352,P01352,5da8d3aaa19c5f45f992ce635083872a821f0e5e97a041c62753d8dea0286af8,MEM7001352,GRP1032,OakStreet-Central,366-98-3868,David,Walker,1967-03-10,M,+17008407741,9630 Park Ave,,Orlando,FL,32801,USA,"9630 Park Ave, Orlando, FL 32801, USA",PCP0106,Active,EHR,P01352,ING-PAT-20261005-01352,2026-10-05T11:05:36,2026-10-05T11:07:36,2023-08-02T11:07:36,2026-10-05T11:07:36,2026-10-05T10:20:36,f56b08dbbf7b498c1396ca6ca50a7c654c7f7477dd4009fcb7fe8a2187136e5f,CURRENT,True
101353,P01353,c5ca0baace299466991e9c5682b291773ec413486050706fc9194cc06564d74a,MEM7001353,GRP1033,OakStreet-South,784-32-4964,Anthony,Davis,1949-05-25,M,+13239398994,8453 Oak St,,Austin,TX,78701,USA,"8453 Oak St, Austin, TX 78701, USA",PCP0085,Active,EHR,P01353,ING-PAT-20261005-01353,2026-10-05T11:05:39,2026-10-05T11:07:39,2024-01-26T11:07:39,2026-10-05T11:07:39,2026-10-05T08:03:39,7a5c698d9a8c4f39d9685c158f1359654d85eafa143270afce9e4afe17562f38,CURRENT,True
101354,P01354,7ea8d19a0d789275b9874b1002c79401c2002d848b97c108be094c76fac37273,MEM7001354,GRP1034,OakStreet-East,265-60-4431,Joseph,Martinez,1983-05-05,M,+16224856685,5017 Pine St,,Austin,TX,78701,USA,"5017 Pine St, Austin, TX 78701, USA",PCP0061,Active,EHR,P01354,ING-PAT-20261005-01354,2026-10-05T11:05:42,2026-10-05T11:07:42,2022-05-08T11:07:42,2026-10-05T11:07:42,2026-10-05T09:39:42,8741755b9df1251298a7896b2e7a6a8966ed5f2c3cd27c29289ed27b8d427268,CURRENT,True
101355,P01355,0cb1f2a7e9e8a51c8e3d669e926d765745452042fb6c30bab453a5360133896d,MEM7001355,GRP1035,OakStreet-Southwest,769-61-3233,Lisa,Lopez,1998-12-20,M,+17406556170,5785 Oak Blvd,,Houston,TX,77002,USA,"5785 Oak Blvd, Houston, TX 77002, USA",PCP0045,Active,EHR,P01355,ING-PAT-20261005-01355,2026-10-05T11:05:45,2026-10-05T11:07:45,2023-07-08T11:07:45,2026-10-05T11:07:45,2026-10-05T07:44:45,330dbb69863166941733628c17e92d57aa28d50c998a3096a2b88ecc56f79828,CURRENT,True
101356,P01356,492d985d588ad798e50759b503a3fc55cc208a7b08e5247c7be7e873aeca02ba,MEM7001356,GRP1036,OakStreet-Central,227-81-9186,Betty,Jones,1970-03-06,M,+15664772142,9391 Market Rd,,Dallas,TX,75201,USA,"9391 Market Rd, Dallas, TX 75201, USA",PCP0095,Active,EHR,P01356,ING-PAT-20261005-01356,2026-10-05T11:05:48,2026-10-05T11:07:48,2022-05-11T11:07:48,2026-10-05T11:07:48,2026-10-05T08:05:48,25bf51bf9a7965f211edb7c6f162e9d3b22071676c28283b0e71bf31b49ee0db,CURRENT,True
101357,P01357,2da732801c3f58baf39a55d59f9b5541622abcb0b6a3bff92a8ca81d6ecd4376,MEM7001357,GRP1037,OakStreet-South,180-86-1374,Matthew,Brown,1981-02-11,F,+16723153234,4980 Pine Ave,,Phoenix,AZ,85004,USA,"4980 Pine Ave, Phoenix, AZ 85004, USA",PCP0022,Active,EHR,P01357,ING-PAT-20261005-01357,2026-10-05T11:05:51,2026-10-05T11:07:51,2022-05-10T11:07:51,2026-10-05T11:07:51,2026-10-05T07:14:51,1bffa4f359ebdb826c347c82f94d4abaf28195076f5b97d1b56a5bd7f17f6676,CURRENT,True
101358,P01358,6010b223ac1de285211e7335af05e009fdb29959f47fd641027e323c82bbafe3,MEM7001358,GRP1038,OakStreet-East,483-67-0792,William,Wilson,1987-04-04,M,+19675261801,2248 Washington Blvd,,Houston,TX,77024,USA,"2248 Washington Blvd, Houston, TX 77024, USA",PCP0084,Active,EHR,P01358,ING-PAT-20261005-01358,2026-10-05T11:05:54,2026-10-05T11:07:54,2023-11-26T11:07:54,2026-10-05T11:07:54,2026-10-05T09:44:54,fb0cad1ca4911300e4562b52263b9802f341c1c5172ecb94696c22733278cc0b,CURRENT,True
101359,P01359,04bbcd6d42b3533f66a5dcf8ddf29616d54215ae57996a96af57685ce44d6b6e,MEM7001359,GRP1039,OakStreet-Southwest,702-71-5970,David,Anderson,1983-09-01,M,+19044322228,697 Washington Rd,Apt 238,Houston,TX,77002,USA,"697 Washington Rd Apt 238, Houston, TX 77002, USA",PCP0011,Active,EHR,P01359,ING-PAT-20261005-01359,2026-10-05T11:05:57,2026-10-05T11:07:57,2024-05-17T11:07:57,2026-10-05T11:07:57,2026-10-05T10:41:57,9b4ff2c4d56f294acf3e225a90d9430be23e6bde1a2f81272daee19573f3d05e,CURRENT,True
101360,P01360,2c107c7c25932b7e14e939379455258608c681cc9bb0bccfc400f1b8a44b46f4,MEM7001360,GRP1000,OakStreet-Central,775-42-6866,Charles,Martinez,1966-10-07,M,+18448408738,7146 Lake Ave,,Phoenix,AZ,85004,USA,"7146 Lake Ave, Phoenix, AZ 85004, USA",PCP0029,Active,EHR,P01360,ING-PAT-20261005-01360,2026-10-05T11:06:00,2026-10-05T11:08:00,2024-06-14T11:08:00,2026-10-05T11:08:00,2026-10-05T09:08:00,bf2c9685584612f9649d459b37d9dc76cd5e3eb7b9b943fe05eb9e11188931f2,CURRENT,True
101361,P01361,38d870e1507596d8584a6f79cc824a4cb2e56f8facf545c53e75f61145066b01,MEM7001361,GRP1001,OakStreet-South,534-20-4767,Nancy,Martin,2003-12-04,F,+13186933129,7884 Park Rd,,Atlanta,GA,30303,USA,"7884 Park Rd, Atlanta, GA 30303, USA",PCP0118,Active,EHR,P01361,ING-PAT-20261005-01361,2026-10-05T11:06:03,2026-10-05T11:08:03,2024-07-17T11:08:03,2026-10-05T11:08:03,2026-10-05T10:18:03,f3c67f76fb1ffa5127a0a68e066736a9a128d48e57737f2038770e8538723589,CURRENT,True
101362,P01362,f6aaa155ab17c477ebeb6df01f3ee1c80504e07c4c12c07500ef066ed3f14c7e,MEM7001362,GRP1002,OakStreet-East,180-20-6314,Thomas,Jackson,1956-01-08,F,+18876311399,1128 Washington St,Apt 860,San Antonio,TX,78205,USA,"1128 Washington St Apt 860, San Antonio, TX 78205, USA",PCP0097,Active,EHR,P01362,ING-PAT-20261005-01362,2026-10-05T11:06:06,2026-10-05T11:08:06,2024-06-04T11:08:06,2026-10-05T11:08:06,2026-10-05T07:36:06,8e3771ff15458c98b522c7c5a3041187675ef1016c1602841561936e09ae5621,CURRENT,True
101363,P01363,c533852ff179aa8109f9b18f0bb86a009b3c01f06c55d4746f1bd1398f41c0ae,MEM7001363,GRP1003,OakStreet-Southwest,735-13-8974,Matthew,Martinez,1991-06-22,M,+15544275575,8083 Washington Rd,,Atlanta,GA,30303,USA,"8083 Washington Rd, Atlanta, GA 30303, USA",PCP0056,Active,EHR,P01363,ING-PAT-20261005-01363,2026-10-05T11:06:09,2026-10-05T11:08:09,2023-10-20T11:08:09,2026-10-05T11:08:09,2026-10-05T09:56:09,d9f499bdc16eb467201c2924af804452556ece6d92c9c4956201fbb8c08aef89,CURRENT,True
101364,P01364,2a252441bb707a7ba830cf25e8bb45e7743c0488164de947bf12d5c7c292a9b5,MEM7001364,GRP1004,OakStreet-Central,394-23-7241,William,Robinson,1955-10-17,M,+12402643855,2281 Park Ave,,Phoenix,AZ,85004,USA,"2281 Park Ave, Phoenix, AZ 85004, USA",PCP0073,Active,EHR,P01364,ING-PAT-20261005-01364,2026-10-05T11:06:12,2026-10-05T11:08:12,2024-04-27T11:08:12,2026-10-05T11:08:12,2026-10-05T08:32:12,329a87eb83d95965ebe6fca23e4cb8b49ecd611317a1ca7c06e7113b4d4a42ff,CURRENT,True
101365,P01365,8f52d724513cd4d91dfd787fce0906d4eebf039b30b01b2697f6338d25fef6a0,MEM7001365,GRP1005,OakStreet-South,577-36-1998,William,Perez,1981-03-02,F,+16888156887,9086 Pine Rd,,Houston,TX,77024,USA,"9086 Pine Rd, Houston, TX 77024, USA",PCP0110,Active,EHR,P01365,ING-PAT-20261005-01365,2026-10-05T11:06:15,2026-10-05T11:08:15,2023-10-19T11:08:15,2026-10-05T11:08:15,2026-10-05T07:43:15,49b81900bfafdf6d58e52fad6505b7e9096029da94d8ed753ce26cc8b7094247,CURRENT,True
101366,P01366,521d6ed90355bfc5c2de05ee40bf586129bbfa96186fa969591b4584e4f521c5,MEM7001366,GRP1006,OakStreet-East,839-89-5363,Charles,Thompson,1973-03-09,F,+15129197954,5408 Lake Ave,Apt 57,Austin,TX,78701,USA,"5408 Lake Ave Apt 57, Austin, TX 78701, USA",PCP0054,Active,EHR,P01366,ING-PAT-20261005-01366,2026-10-05T11:06:18,2026-10-05T11:08:18,2025-02-22T11:08:18,2026-10-05T11:08:18,2026-10-05T09:32:18,5f3ae55191c31d09e6bcf6c9884f3c352a034ad5ce389da80d8489b818e5f2d9,CURRENT,True
101367,P01367,af50ad74796517bbb3370873e188031f5d4b7fb5e0eb41be2a87a3886d2c7914,MEM7001367,GRP1007,OakStreet-Southwest,273-13-5723,Matthew,Martinez,1983-11-18,M,+12904446547,3124 Pine Rd,,Chicago,IL,60601,USA,"3124 Pine Rd, Chicago, IL 60601, USA",PCP0019,Active,EHR,P01367,ING-PAT-20261005-01367,2026-10-05T11:06:21,2026-10-05T11:08:21,2024-04-22T11:08:21,2026-10-05T11:08:21,2026-10-05T07:08:21,b138aa17b79fde6358206f44c36c3e16a1e8b03bfdf46ee665972b3fd5f38b6f,CURRENT,True
101368,P01368,26af7f2ac7b78f2118f8dc170a062db930eef887554f7118f45113df86ec1e14,MEM7001368,GRP1008,OakStreet-Central,208-43-3518,William,Moore,1963-05-06,F,+16782934308,7593 Pine Ave,,Atlanta,GA,30303,USA,"7593 Pine Ave, Atlanta, GA 30303, USA",PCP0038,Active,EHR,P01368,ING-PAT-20261005-01368,2026-10-05T11:06:24,2026-10-05T11:08:24,2025-10-28T11:08:24,2026-10-05T11:08:24,2026-10-05T09:46:24,b27db5799c457044946ec7a709525cf39808f73e312fb30746e7e0d89dde4919,CURRENT,True
101369,P01369,39666ce9d4ac2e805dae539666e38f6b9c6cf5f73dac969820edefa7010c4356,MEM7001369,GRP1009,OakStreet-South,875-83-7761,Joseph,Martinez,1998-03-19,F,+17235696842,3124 Park St,,Houston,TX,77005,USA,"3124 Park St, Houston, TX 77005, USA",PCP0010,Active,EHR,P01369,ING-PAT-20261005-01369,2026-10-05T11:06:27,2026-10-05T11:08:27,2021-11-15T11:08:27,2026-10-05T11:08:27,2026-10-05T09:03:27,ed6beab020064264faf66846811f489fd777ce2ae9ed89094a92f2cd5bc45f0b,CURRENT,True
101370,P01370,acd40ce50fa56d7f1e57ed4e1e1f24e5ea8ba5134b9acfb21be561b47eba669f,MEM7001370,GRP1010,OakStreet-East,695-36-3896,Barbara,Brown,1945-09-07,F,+17766803017,5336 Market Ave,,Houston,TX,77024,USA,"5336 Market Ave, Houston, TX 77024, USA",PCP0044,Active,EHR,P01370,ING-PAT-20261005-01370,2026-10-05T11:06:30,2026-10-05T11:08:30,2025-11-13T11:08:30,2026-10-05T11:08:30,2026-10-05T10:11:30,f07ba657699e693f36455245d6c8bb6a401c8b789819969a1676d4180c157593,CURRENT,True
101371,P01371,670ae3a296e7120e36a40cff4185d060c9fc845a66cd477c56b47975c86f7a5c,MEM7001371,GRP1011,OakStreet-Southwest,691-51-5115,Susan,Gonzalez,1947-02-27,F,+16608406272,2816 Washington Ave,,Houston,TX,77005,USA,"2816 Washington Ave, Houston, TX 77005, USA",PCP0092,Active,EHR,P01371,ING-PAT-20261005-01371,2026-10-05T11:06:33,2026-10-05T11:08:33,2025-06-08T11:08:33,2026-10-05T11:08:33,2026-10-05T07:12:33,1f39a39d062990f537c4c469fb1c6af4e1a9d93ed44776a1c0681e5961282c1a,CURRENT,True
101372,P01372,74dbb52acb4858b02d445ac85a3df78d7a7a42757c375d1392d2c0cacd7d22fe,MEM7001372,GRP1012,OakStreet-Central,841-19-8020,Karen,Ramirez,1956-07-05,M,+19749514121,1594 Washington Ave,,Houston,TX,77002,USA,"1594 Washington Ave, Houston, TX 77002, USA",PCP0097,Active,EHR,P01372,ING-PAT-20261005-01372,2026-10-05T11:06:36,2026-10-05T11:08:36,2024-05-09T11:08:36,2026-10-05T11:08:36,2026-10-05T10:22:36,4d90504ae7b43736eb8ad11e937e52481c4599dd07e62681f71ad6459308da50,CURRENT,True
101373,P01373,ee20f9551eeefeb4678c3625c6d22fb6835c4bfb548b71bea50f366a035273c2,MEM7001373,GRP1013,OakStreet-South,585-99-9847,Ashley,Gonzalez,1938-08-15,M,+19674221347,2393 Washington Ave,,Houston,TX,77024,USA,"2393 Washington Ave, Houston, TX 77024, USA",PCP0010,Active,EHR,P01373,ING-PAT-20261005-01373,2026-10-05T11:06:39,2026-10-05T11:08:39,2023-08-31T11:08:39,2026-10-05T11:08:39,2026-10-05T10:32:39,71c1b8fe813610ea81d9fca48b8bec417ef4de54e85234bc11777bca618709d1,CURRENT,True
101374,P01374,3f87bc80f76cb06f3d71921e6a53653776b97fc5803bd862f939657bd5150813,MEM7001374,GRP1014,OakStreet-East,526-59-6177,William,Harris,1975-06-21,M,+16536582537,1941 Main Ave,,Austin,TX,78701,USA,"1941 Main Ave, Austin, TX 78701, USA",PCP0009,Active,EHR,P01374,ING-PAT-20261005-01374,2026-10-05T11:06:42,2026-10-05T11:08:42,2023-07-23T11:08:42,2026-10-05T11:08:42,2026-10-05T09:28:42,98469bb86341c8b95d3416ec8a3e7c97323dd8372e91054394c51b8974d62d1b,CURRENT,True
101375,P01375,509961c6fa7c6d7a28db77b648e59dfb1f565784658808b6dd924cdf2fd89a7d,MEM7001375,GRP1015,OakStreet-Southwest,692-88-4719,Ashley,Williams,1936-05-11,F,+15783686031,9169 Lake Ave,,Houston,TX,77002,USA,"9169 Lake Ave, Houston, TX 77002, USA",PCP0118,Active,EHR,P01375,ING-PAT-20261005-01375,2026-10-05T11:06:45,2026-10-05T11:08:45,2022-05-31T11:08:45,2026-10-05T11:08:45,2026-10-05T07:31:45,900eb57e6530b59662cad86f7a76a965c04dcc0ba7ddd960d8a594011ff2444c,CURRENT,True
101376,P01376,d4098807c74e3c5ee08a284b654ae9bdd8f6ce34127ca4c8b2cebe14784f8665,MEM7001376,GRP1016,OakStreet-Central,255-97-9457,Daniel,Garcia,1965-03-15,M,+14168753724,5915 Main St,,Chicago,IL,60601,USA,"5915 Main St, Chicago, IL 60601, USA",PCP0057,Active,EHR,P01376,ING-PAT-20261005-01376,2026-10-05T11:06:48,2026-10-05T11:08:48,2022-08-01T11:08:48,2026-10-05T11:08:48,2026-10-05T09:55:48,f70ca250e8115a93fe1011da754e93d3513e5cf514541ab730c493f85d4e3868,CURRENT,True
101377,P01377,2f95d1ddace8e56e4a1386168788ce30868cafc8c1db4f05dbd3e64ada26082e,MEM7001377,GRP1017,OakStreet-South,670-70-3585,Jennifer,Brown,1956-08-16,M,+13059569462,8975 Park St,Apt 648,Dallas,TX,75201,USA,"8975 Park St Apt 648, Dallas, TX 75201, USA",PCP0037,Active,EHR,P01377,ING-PAT-20261005-01377,2026-10-05T11:06:51,2026-10-05T11:08:51,2025-05-14T11:08:51,2026-10-05T11:08:51,2026-10-05T07:59:51,93e0ed5badc1264d41db47510b9275abbfc596c007b41b8f5cc88a47a1e8f028,CURRENT,True
101378,P01378,c4e627e5d107074d017ed5bb4bbcfa2276eb01ed89cd35ed09d2f57235b49823,MEM7001378,GRP1018,OakStreet-East,229-49-7738,Susan,Wilson,1937-07-22,M,+19415284913,926 Market St,,Chicago,IL,60601,USA,"926 Market St, Chicago, IL 60601, USA",PCP0120,Active,EHR,P01378,ING-PAT-20261005-01378,2026-10-05T11:06:54,2026-10-05T11:08:54,2022-06-13T11:08:54,2026-10-05T11:08:54,2026-10-05T07:36:54,553be7df0e8d1015409c931de1e149f6e78fd057f177ca7413f69593b568bd50,CURRENT,True
101379,P01379,2c70bd47317b16ca920a4f54db0fc9e40b5c3814d9ae4fad9fd724c3fc22f8f1,MEM7001379,GRP1019,OakStreet-Southwest,491-79-7193,Robert,Harris,1943-01-27,F,+16336169152,183 Park Blvd,Apt 33,Houston,TX,77005,USA,"183 Park Blvd Apt 33, Houston, TX 77005, USA",PCP0088,Active,EHR,P01379,ING-PAT-20261005-01379,2026-10-05T11:06:57,2026-10-05T11:08:57,2024-04-22T11:08:57,2026-10-05T11:08:57,2026-10-05T07:36:57,6e2cec646a15ebe18a8753fcea0f529647c0993ad3837f09b7f64de248b9b49f,CURRENT,True
101380,P01380,4167e475cf35daf8e26f5435771c1b3b26ced180619fdfd6872b286cfe10285a,MEM7001380,GRP1020,OakStreet-Central,542-16-1434,Sarah,Hernandez,1936-08-28,M,+13504934092,1816 Washington Rd,Apt 930,Chicago,IL,60601,USA,"1816 Washington Rd Apt 930, Chicago, IL 60601, USA",PCP0118,Active,EHR,P01380,ING-PAT-20261005-01380,2026-10-05T11:07:00,2026-10-05T11:09:00,2023-02-22T11:09:00,2026-10-05T11:09:00,2026-10-05T09:01:00,fb79deefc33cbc5504c463477313b5f2817752a16d831077e5ce7791759b9e5c,CURRENT,True
101381,P01381,241d14b2b378378d1fa424baa57a044abb6d6ee9afcf6342338cec6dda870768,MEM7001381,GRP1021,OakStreet-South,280-52-5545,Elizabeth,Smith,1938-12-08,F,+12227324971,1375 Oak Blvd,,Phoenix,AZ,85004,USA,"1375 Oak Blvd, Phoenix, AZ 85004, USA",PCP0038,Active,EHR,P01381,ING-PAT-20261005-01381,2026-10-05T11:07:03,2026-10-05T11:09:03,2025-05-23T11:09:03,2026-10-05T11:09:03,2026-10-05T08:46:03,7b247565411bf5d81103d05c478fdf71a71d81cb5539d27461822ebadc9d9e86,CURRENT,True
101382,P01382,e6bb97e680b33b563762562cbd268eaad93a0c9369202bf266f3c89486fc1474,MEM7001382,GRP1022,OakStreet-East,676-19-8903,Daniel,Walker,1942-03-17,M,+13053528572,5772 Pine Ave,Apt 775,Chicago,IL,60601,USA,"5772 Pine Ave Apt 775, Chicago, IL 60601, USA",PCP0088,Active,EHR,P01382,ING-PAT-20261005-01382,2026-10-05T11:07:06,2026-10-05T11:09:06,2022-02-28T11:09:06,2026-10-05T11:09:06,2026-10-05T09:23:06,1cf0bb45e2de672df152c5c1fbc60e12f9116303aab5431ae47a3d77c71b14e1,CURRENT,True
101383,P01383,81bb05f017f9e5879ec58bc79f826416baa9633d30b061d81745419bb1d0f357,MEM7001383,GRP1023,OakStreet-Southwest,528-44-1910,Thomas,Williams,1974-05-02,M,+12114802166,3778 Market Ave,,Chicago,IL,60601,USA,"3778 Market Ave, Chicago, IL 60601, USA",PCP0075,Active,EHR,P01383,ING-PAT-20261005-01383,2026-10-05T11:07:09,2026-10-05T11:09:09,2022-09-26T11:09:09,2026-10-05T11:09:09,2026-10-05T10:31:09,cefe5e2d0aa5047ed26c4d5da5865a28efdb6f0b3575e242cf8947c87226054b,CURRENT,True
101384,P01384,952171dac29773a358920059c9ca01b09392e06b666a1b8537779f2bb4482c9c,MEM7001384,GRP1024,OakStreet-Central,514-75-6172,Mark,Smith,1973-05-04,F,+15732765785,103 Lake Rd,Apt 224,Dallas,TX,75201,USA,"103 Lake Rd Apt 224, Dallas, TX 75201, USA",PCP0041,Active,EHR,P01384,ING-PAT-20261005-01384,2026-10-05T11:07:12,2026-10-05T11:09:12,2025-04-02T11:09:12,2026-10-05T11:09:12,2026-10-05T09:59:12,376af424ad8ce4d167a3f9f65f9950fa4275e9f8b419d3f94aeb4e51c5cbc963,CURRENT,True
101385,P01385,7f77418fab759e9356adcda6437300cd0303ee9f3f6bdfc77eb20b5f1e402a74,MEM7001385,GRP1025,OakStreet-South,829-92-0883,Sarah,Wilson,2003-07-02,M,+15866653884,8108 Park Blvd,,Orlando,FL,32801,USA,"8108 Park Blvd, Orlando, FL 32801, USA",PCP0042,Active,EHR,P01385,ING-PAT-20261005-01385,2026-10-05T11:07:15,2026-10-05T11:09:15,2023-10-29T11:09:15,2026-10-05T11:09:15,2026-10-05T08:33:15,816d4012c663e2964a4caca47ed3b155e40da21597ec1d09be34e09dc4a4f1ef,CURRENT,True
101386,P01386,42c1129acbdb17af500da8f58cdfa0e56958288fba41e89de7d2215cb35fa372,MEM7001386,GRP1026,OakStreet-East,410-97-4407,Steven,Johnson,1950-08-26,F,+16963133035,3399 Main Ave,,Chicago,IL,60601,USA,"3399 Main Ave, Chicago, IL 60601, USA",PCP0042,Active,EHR,P01386,ING-PAT-20261005-01386,2026-10-05T11:07:18,2026-10-05T11:09:18,2022-01-18T11:09:18,2026-10-05T11:09:18,2026-10-05T08:44:18,4fbbb85f804debb13ef31b2799d1022408ff7640c626617cc1bcdfd006c8c4f7,CURRENT,True
101387,P01387,8e6981bf60043832a23bb6915be1d77c839c16f589b43eb64fd0650eeef8a966,MEM7001387,GRP1027,OakStreet-Southwest,565-27-4347,Daniel,Thompson,1966-05-18,F,+17939204865,7224 Oak St,,Houston,TX,77024,USA,"7224 Oak St, Houston, TX 77024, USA",PCP0097,Active,EHR,P01387,ING-PAT-20261005-01387,2026-10-05T11:07:21,2026-10-05T11:09:21,2023-07-01T11:09:21,2026-10-05T11:09:21,2026-10-05T10:30:21,84138feeeb5ea47e8638cd2d30425a258cea504a718b19446dc86c7d40de5115,CURRENT,True
101388,P01388,c15a5c682dd210396683b8c36fcb12ecf48124b691c91e04dd0faf18fc909b08,MEM7001388,GRP1028,OakStreet-Central,542-54-4587,Sarah,Davis,1965-10-01,F,+16126721701,7542 Oak Blvd,,Phoenix,AZ,85004,USA,"7542 Oak Blvd, Phoenix, AZ 85004, USA",PCP0042,Active,EHR,P01388,ING-PAT-20261005-01388,2026-10-05T11:07:24,2026-10-05T11:09:24,2022-11-24T11:09:24,2026-10-05T11:09:24,2026-10-05T08:47:24,a42e5d5212341213dd271c0718f4e0a90b490a9ba83ab73a3b78fce542bce307,CURRENT,True
101389,P01389,7276936424c37661cb2db47c172b18146f31c1782c8931e8aceff9d3f9c8ef57,MEM7001389,GRP1029,OakStreet-South,544-99-3935,Sarah,Ramirez,1977-10-15,M,+19889701259,5615 Pine Rd,,Orlando,FL,32801,USA,"5615 Pine Rd, Orlando, FL 32801, USA",PCP0107,Active,EHR,P01389,ING-PAT-20261005-01389,2026-10-05T11:07:27,2026-10-05T11:09:27,2023-07-22T11:09:27,2026-10-05T11:09:27,2026-10-05T09:42:27,0a2b1db27273771019bc6d7a2a4b77ad16c169be75ea7922ed36f1942bcf28d8,CURRENT,True
101390,P01390,32e5570ed3822c6d0d0b78100757a12ee93815f3006d2853919d5536dd73f96f,MEM7001390,GRP1030,OakStreet-East,568-70-5987,Mary,Martin,1972-12-19,M,+15238555736,7449 Pine Ave,,Houston,TX,77002,USA,"7449 Pine Ave, Houston, TX 77002, USA",PCP0005,Active,EHR,P01390,ING-PAT-20261005-01390,2026-10-05T11:07:30,2026-10-05T11:09:30,2025-07-08T11:09:30,2026-10-05T11:09:30,2026-10-05T10:02:30,b7879079f6ec41e08183f7ff348fecae7addccc6ad30f318e681d1b2d33c9bf9,CURRENT,True
101391,P01391,9940a19cd2b25e37bfe84921289a5375d70ff92fea725cda1e2370a492e3bf0a,MEM7001391,GRP1031,OakStreet-Southwest,395-10-9131,Matthew,Ramirez,1991-02-08,F,+18887071177,7620 Lake Ave,,San Antonio,TX,78205,USA,"7620 Lake Ave, San Antonio, TX 78205, USA",PCP0111,Active,EHR,P01391,ING-PAT-20261005-01391,2026-10-05T11:07:33,2026-10-05T11:09:33,2023-07-31T11:09:33,2026-10-05T11:09:33,2026-10-05T07:10:33,d75af2bf137eba7162e6c01da2263cac67ab5945f56dfa964608a9e2b922f9f2,CURRENT,True
101392,P01392,d946e08bf2d7fd9eb00b395f518788cfe089f9d1176e64fb856c52a248bbf11b,MEM7001392,GRP1032,OakStreet-Central,818-52-0079,Mark,Moore,1977-06-12,M,+12592688812,6004 Lake Rd,,Chicago,IL,60601,USA,"6004 Lake Rd, Chicago, IL 60601, USA",PCP0081,Active,EHR,P01392,ING-PAT-20261005-01392,2026-10-05T11:07:36,2026-10-05T11:09:36,2021-11-10T11:09:36,2026-10-05T11:09:36,2026-10-05T10:19:36,6029c8813b87f2cfe96947e7af1589fdd556075363b4301b5b6123a13f843a71,CURRENT,True
101393,P01393,f0ce8fe5d389d6848b9cba784d6fed0213977c1a073867509356e96acaa493bf,MEM7001393,GRP1033,OakStreet-South,167-51-4738,William,Martin,1995-03-02,F,+19617465737,7315 Main Blvd,,Austin,TX,78701,USA,"7315 Main Blvd, Austin, TX 78701, USA",PCP0112,Active,EHR,P01393,ING-PAT-20261005-01393,2026-10-05T11:07:39,2026-10-05T11:09:39,2022-05-04T11:09:39,2026-10-05T11:09:39,2026-10-05T08:05:39,c3dff128cf5ae90adfaf1b5fa36d3c353d25828df75d944b4bcd81272845dd52,CURRENT,True
101394,P01394,ec917e7a82461da4e83ec4cee3ef0b284dff698f11f2f0d426509ce1f4c859bb,MEM7001394,GRP1034,OakStreet-East,607-43-8456,Patricia,Lee,1984-01-18,F,+12298132294,4130 Pine Ave,,Orlando,FL,32801,USA,"4130 Pine Ave, Orlando, FL 32801, USA",PCP0026,Active,EHR,P01394,ING-PAT-20261005-01394,2026-10-05T11:07:42,2026-10-05T11:09:42,2024-07-13T11:09:42,2026-10-05T11:09:42,2026-10-05T08:54:42,f408e6f468d3c83794bd0dd1c0a55237ff68b2f9cb6c04f9515881dd14629b85,CURRENT,True
101395,P01395,ccacbb2f830e032f33a3e4cf5992439248f176a3b2d3e88bfe4c8b5a2fb29aa2,MEM7001395,GRP1035,OakStreet-Southwest,790-33-9246,Steven,Lewis,1970-08-09,M,+14079379835,7341 Market Ave,,Dallas,TX,75201,USA,"7341 Market Ave, Dallas, TX 75201, USA",PCP0094,Active,EHR,P01395,ING-PAT-20261005-01395,2026-10-05T11:07:45,2026-10-05T11:09:45,2021-12-10T11:09:45,2026-10-05T11:09:45,2026-10-05T07:31:45,e7f962dafe27acbaff46139a4d2cde1f639fa81e8d5ab20ecf9bed3422cd2c66,CURRENT,True
101396,P01396,a25cfcc895ae5b2f64ea42b5a36f9f72cc3b03fe4c505d180359cfa3271ebdb4,MEM7001396,GRP1036,OakStreet-Central,149-42-6599,Daniel,Lopez,1967-07-04,F,+16417492056,7377 Market Rd,,Dallas,TX,75201,USA,"7377 Market Rd, Dallas, TX 75201, USA",PCP0064,Active,EHR,P01396,ING-PAT-20261005-01396,2026-10-05T11:07:48,2026-10-05T11:09:48,2023-12-30T11:09:48,2026-10-05T11:09:48,2026-10-05T07:36:48,75b3de270f19e052a669f717caad20bef410b215511d6ab95e6eaa48380e7391,CURRENT,True
101397,P01397,be9d7f23ca1853d26da286ac873a62ba3f387f64aa8fe00956bb761920ca3744,MEM7001397,GRP1037,OakStreet-South,705-68-3598,John,Anderson,1975-05-20,M,+13583837280,7973 Main Ave,,Dallas,TX,75201,USA,"7973 Main Ave, Dallas, TX 75201, USA",PCP0042,Active,EHR,P01397,ING-PAT-20261005-01397,2026-10-05T11:07:51,2026-10-05T11:09:51,2023-03-25T11:09:51,2026-10-05T11:09:51,2026-10-05T08:34:51,c04a43f9a0cb52a68f9b666a338a881b07fd18dd8974ad8a0f57268141375f05,CURRENT,True
101398,P01398,0f0aed570f805cdba84c53f3b4e2c22c89c93cd3c2d6ae2e37ee5b26495e3421,MEM7001398,GRP1038,OakStreet-East,707-60-7939,Jessica,White,1979-07-15,F,+19815788555,9682 Washington St,Apt 452,Orlando,FL,32801,USA,"9682 Washington St Apt 452, Orlando, FL 32801, USA",PCP0020,Active,EHR,P01398,ING-PAT-20261005-01398,2026-10-05T11:07:54,2026-10-05T11:09:54,2024-06-14T11:09:54,2026-10-05T11:09:54,2026-10-05T10:07:54,ad557ef8cd32770b9bdbf046f3f8e8c56cd51f4bb231771a1f0508a61fa0fc84,CURRENT,True
101399,P01399,22fc61b2705550ebb9e4f761aed811777547419a1a73d825e5d1aecd779a93c5,MEM7001399,GRP1039,OakStreet-Southwest,844-88-2102,Jennifer,Jones,1952-06-16,M,+18507448231,2500 Market Rd,,Houston,TX,77024,USA,"2500 Market Rd, Houston, TX 77024, USA",PCP0085,Inactive,EHR,P01399,ING-PAT-20261005-01399,2026-10-05T11:07:57,2026-10-05T11:09:57,2022-12-04T11:09:57,2026-10-05T11:09:57,2026-10-05T10:11:57,627d9cb06192b6696dd6ef19a59d024fac81770d3855e1b2438f932932b7c13d,CURRENT,True
101400,P01400,660d74d3ba792de7a543f08b3a9530deb378b7fc8c6501769800e5c65a8cc317,MEM7001400,GRP1000,OakStreet-Central,870-79-0359,John,Gonzalez,1961-08-08,M,+13606695399,4226 Pine Ave,,Houston,TX,77005,USA,"4226 Pine Ave, Houston, TX 77005, USA",PCP0059,Active,EHR,P01400,ING-PAT-20261005-01400,2026-10-05T11:08:00,2026-10-05T11:10:00,2024-11-06T11:10:00,2026-10-05T11:10:00,2026-10-05T10:30:00,4a80b9498102ca33037f9af926b4f2d011d1954e1806452d2d2c9fca477e04c9,CURRENT,True
101401,P01401,74968d0b7cc81633fca0eada1c969b4a2c5dd2dc657609dbd3baa25fb97bd78c,MEM7001401,GRP1001,OakStreet-South,355-97-4370,Jennifer,Brown,1990-07-04,F,+16486846858,9655 Washington Ave,,Houston,TX,77002,USA,"9655 Washington Ave, Houston, TX 77002, USA",PCP0055,Active,EHR,P01401,ING-PAT-20261005-01401,2026-10-05T11:08:03,2026-10-05T11:10:03,2022-08-01T11:10:03,2026-10-05T11:10:03,2026-10-05T10:55:03,81f8a1a973fb8a9f1f8996894136a49bcb6a3d417f01a2a009d98990766c157f,CURRENT,True
101402,P01402,9b8b5104db2fd8ef74dbeed396f39bdaf20880e3fe4e77ddfb76ccf80705efe9,MEM7001402,GRP1002,OakStreet-East,642-96-1880,Betty,Walker,2001-04-03,F,+18419398916,146 Pine Ave,,Houston,TX,77005,USA,"146 Pine Ave, Houston, TX 77005, USA",PCP0058,Active,EHR,P01402,ING-PAT-20261005-01402,2026-10-05T11:08:06,2026-10-05T11:10:06,2023-03-16T11:10:06,2026-10-05T11:10:06,2026-10-05T09:15:06,13d549ebb92881b1c64809c6db866f2acc5d457f8dfad8c030744d687c6867ab,CURRENT,True
101403,P01403,6ce3e21fb7c94d7061a24acbe76844bd4a5cb2d61e1a8f9a10cdd5bdb8fe8287,MEM7001403,GRP1003,OakStreet-Southwest,134-48-2161,Karen,Brown,1998-09-01,F,+16565956612,4173 Main Ave,,Atlanta,GA,30303,USA,"4173 Main Ave, Atlanta, GA 30303, USA",PCP0089,Inactive,EHR,P01403,ING-PAT-20261005-01403,2026-10-05T11:08:09,2026-10-05T11:10:09,2024-08-11T11:10:09,2026-10-05T11:10:09,2026-10-05T08:16:09,925976536996ad598091f0e4e3c56782c2d6bccc731720aaaf0ae4424ccb4768,CURRENT,True
101404,P01404,86a0748bc6d1a443a9e0ecfcc243eca43b631894c85996805d53ee9af268d8c8,MEM7001404,GRP1004,OakStreet-Central,178-74-4238,James,Hernandez,1957-09-14,M,+14233167605,2899 Park St,,Atlanta,GA,30303,USA,"2899 Park St, Atlanta, GA 30303, USA",PCP0009,Active,EHR,P01404,ING-PAT-20261005-01404,2026-10-05T11:08:12,2026-10-05T11:10:12,2025-04-16T11:10:12,2026-10-05T11:10:12,2026-10-05T07:11:12,14b09e2061da2a771d036d6293d6d29749169e6ec03bfb2304dd11043f297def,CURRENT,True
101405,P01405,31e45585c90232d3a8cd52690c369ef676e431a47b690cb1b381267b9d63fa18,MEM7001405,GRP1005,OakStreet-South,437-96-2464,Joseph,Walker,1968-05-26,M,+18309065798,8017 Main Ave,,Atlanta,GA,30303,USA,"8017 Main Ave, Atlanta, GA 30303, USA",PCP0092,Active,EHR,P01405,ING-PAT-20261005-01405,2026-10-05T11:08:15,2026-10-05T11:10:15,2024-05-24T11:10:15,2026-10-05T11:10:15,2026-10-05T07:19:15,824d5792bfe66481e733f6fb60c4b54d9d65d52d98ff46641dad9ca867bada1e,CURRENT,True
101406,P01406,70db886415988ddf87847c1f442ab3e31334fbe83efecb79ce64dcb536180ef0,MEM7001406,GRP1006,OakStreet-East,892-95-3804,Richard,Lewis,2000-12-06,F,+19858315997,1961 Oak St,,Orlando,FL,32801,USA,"1961 Oak St, Orlando, FL 32801, USA",PCP0014,Active,EHR,P01406,ING-PAT-20261005-01406,2026-10-05T11:08:18,2026-10-05T11:10:18,2022-11-08T11:10:18,2026-10-05T11:10:18,2026-10-05T10:06:18,3f3e8eeb7d1db210fc0cae0c840a757529963732d6a2bb7a779618a5ac72de0d,CURRENT,True
101407,P01407,fbc787045d5fa63a0c653e51f67451a1acdb062d0f3caa85a40df396e4a33248,MEM7001407,GRP1007,OakStreet-Southwest,616-26-4997,Barbara,Lewis,1971-08-24,F,+17133886332,9361 Park Rd,,Houston,TX,77024,USA,"9361 Park Rd, Houston, TX 77024, USA",PCP0016,Active,EHR,P01407,ING-PAT-20261005-01407,2026-10-05T11:08:21,2026-10-05T11:10:21,2025-09-19T11:10:21,2026-10-05T11:10:21,2026-10-05T09:49:21,d3046ad93e303178f2c97c11014903e869b9ed97d434dbb9b487dc4d6000f456,CURRENT,True
101408,P01408,45387d84b169b50c4565d51d7df52fcfbaf7a2cee4388e3fe0075eee7d722351,MEM7001408,GRP1008,OakStreet-Central,455-24-8724,Lisa,Miller,1968-01-15,M,+16674435245,7815 Washington Ave,,Chicago,IL,60601,USA,"7815 Washington Ave, Chicago, IL 60601, USA",PCP0113,Active,EHR,P01408,ING-PAT-20261005-01408,2026-10-05T11:08:24,2026-10-05T11:10:24,2024-04-22T11:10:24,2026-10-05T11:10:24,2026-10-05T07:19:24,a4f76eab0a90ad176855acd48dd102c87dd55644c65b17793bb3ceeee5c4719d,CURRENT,True
101409,P01409,ed7735e291bede0a865d787587b637a39c28edd16482fe71944ae66dedf37140,MEM7001409,GRP1009,OakStreet-South,800-46-8437,Daniel,Johnson,1958-07-18,M,+18427532960,3767 Park St,,Houston,TX,77002,USA,"3767 Park St, Houston, TX 77002, USA",PCP0007,Active,EHR,P01409,ING-PAT-20261005-01409,2026-10-05T11:08:27,2026-10-05T11:10:27,2025-07-06T11:10:27,2026-10-05T11:10:27,2026-10-05T08:24:27,26f44d20521420334af1e65e437c3269a9493065385e587e379db70e99a04eb7,CURRENT,True
101410,P01410,ff31f9b5de9856664e084538ee9a9ff5782035e5a4b7574f62963b0a256536d0,MEM7001410,GRP1010,OakStreet-East,570-46-6407,Margaret,Clark,1975-08-27,M,+15866641550,5968 Market Blvd,,Houston,TX,77024,USA,"5968 Market Blvd, Houston, TX 77024, USA",PCP0120,Active,EHR,P01410,ING-PAT-20261005-01410,2026-10-05T11:08:30,2026-10-05T11:10:30,2025-03-20T11:10:30,2026-10-05T11:10:30,2026-10-05T10:57:30,61ed5849e8adf0f2abfe56f15c8f45ee34191bb614db969dacec75edd8f889f8,CURRENT,True
101411,P01411,26d59aca9465cff2b68b3e338c04aa2ddfa87cd66e3796349600673d579b865e,MEM7001411,GRP1011,OakStreet-Southwest,597-28-2509,Steven,Johnson,1966-06-26,M,+14966794508,3080 Washington Blvd,,Houston,TX,77002,USA,"3080 Washington Blvd, Houston, TX 77002, USA",PCP0086,Active,EHR,P01411,ING-PAT-20261005-01411,2026-10-05T11:08:33,2026-10-05T11:10:33,2023-01-06T11:10:33,2026-10-05T11:10:33,2026-10-05T07:42:33,58222e382f2892faa07b86c0cf2071ff494c9712248641d6126475dcbee99877,CURRENT,True
101412,P01412,8a7a20848d54f42f9abc569316dda12063acd41ff6b11649e5da4822a1af550d,MEM7001412,GRP1012,OakStreet-Central,315-56-0067,Barbara,Miller,1942-04-23,F,+19046497988,6366 Main St,,Houston,TX,77024,USA,"6366 Main St, Houston, TX 77024, USA",PCP0051,Active,EHR,P01412,ING-PAT-20261005-01412,2026-10-05T11:08:36,2026-10-05T11:10:36,2025-10-28T11:10:36,2026-10-05T11:10:36,2026-10-05T10:45:36,61694f97a562ef83a50a48587c5df01a594fb5de448f4450089d327776b1207b,CURRENT,True
101413,P01413,7fd16234e03a1b6722fcf6238bf3f0db07be9c5b4320d3e66af78d5403b7c25b,MEM7001413,GRP1013,OakStreet-South,354-81-1370,Steven,Hernandez,2000-12-24,M,+12498738181,2178 Lake Rd,,Atlanta,GA,30303,USA,"2178 Lake Rd, Atlanta, GA 30303, USA",PCP0093,Active,EHR,P01413,ING-PAT-20261005-01413,2026-10-05T11:08:39,2026-10-05T11:10:39,2025-01-13T11:10:39,2026-10-05T11:10:39,2026-10-05T09:01:39,f59c128b8fe496c1844aa33c90d21665cb4fae45a72166487717f95ffd4b3066,CURRENT,True
101414,P01414,828e99f2e00b09a1140dc1a6ce724ee0f063d5b7ee7561b0fd4821a56fbd89bd,MEM7001414,GRP1014,OakStreet-East,746-62-1087,Jessica,Lewis,1935-06-19,M,+12668137036,2515 Market Blvd,,Chicago,IL,60601,USA,"2515 Market Blvd, Chicago, IL 60601, USA",PCP0047,Active,EHR,P01414,ING-PAT-20261005-01414,2026-10-05T11:08:42,2026-10-05T11:10:42,2025-02-17T11:10:42,2026-10-05T11:10:42,2026-10-05T08:28:42,9ff3e74bb796f3225c376c17107b203508e5544176613b2029815e761f9aa36d,CURRENT,True
101415,P01415,1406578e7aa4487ba3140c6adc83b233b0afa39ae645028c2c61d34dfe756de0,MEM7001415,GRP1015,OakStreet-Southwest,871-51-2535,Robert,Ramirez,1946-10-21,F,+15769551539,6526 Market Ave,,Phoenix,AZ,85004,USA,"6526 Market Ave, Phoenix, AZ 85004, USA",PCP0081,Active,EHR,P01415,ING-PAT-20261005-01415,2026-10-05T11:08:45,2026-10-05T11:10:45,2025-04-18T11:10:45,2026-10-05T11:10:45,2026-10-05T10:12:45,e11a62bbb5bdc7e71ed8dbf848b5bf54802c747f31b44dd5d33ae256eaf994ef,CURRENT,True
101416,P01416,1258c65e49bf97080d797a377b65c7a4b6addc01efd7110a0b26a099fb9417fc,MEM7001416,GRP1016,OakStreet-Central,550-16-3157,Lisa,Harris,1935-03-16,F,+14503922266,6681 Pine Ave,,Houston,TX,77005,USA,"6681 Pine Ave, Houston, TX 77005, USA",PCP0048,Active,EHR,P01416,ING-PAT-20261005-01416,2026-10-05T11:08:48,2026-10-05T11:10:48,2022-12-20T11:10:48,2026-10-05T11:10:48,2026-10-05T10:46:48,90260206399a9788ff96d7ba5eed7dfc9f6967ef92fb87891be10254d95b21a2,CURRENT,True
101417,P01417,03485d20c39a90707585573716f1ca4ea3aa649eb260dbbd76970da9f340701a,MEM7001417,GRP1017,OakStreet-South,880-10-7231,Lisa,Brown,1985-09-13,F,+17407126256,3805 Oak Blvd,,Phoenix,AZ,85004,USA,"3805 Oak Blvd, Phoenix, AZ 85004, USA",PCP0090,Active,EHR,P01417,ING-PAT-20261005-01417,2026-10-05T11:08:51,2026-10-05T11:10:51,2025-04-02T11:10:51,2026-10-05T11:10:51,2026-10-05T08:44:51,676911bc72c3255ec640b26148021a3aa410b338f1f43517ecddc3c52523f93c,CURRENT,True
101418,P01418,179d1f35a00ffe957baedf3b52110d895ecbe8c343205409b12cb02f092ab98c,MEM7001418,GRP1018,OakStreet-East,793-12-9238,Elizabeth,Clark,1935-01-19,M,+17314068372,104 Market Rd,Apt 619,Dallas,TX,75201,USA,"104 Market Rd Apt 619, Dallas, TX 75201, USA",PCP0033,Active,EHR,P01418,ING-PAT-20261005-01418,2026-10-05T11:08:54,2026-10-05T11:10:54,2022-06-21T11:10:54,2026-10-05T11:10:54,2026-10-05T07:56:54,578c8706e4427e87febfd6c0dddefe5ccf8b3b3bbe2eed64cef61532785d4407,CURRENT,True
101419,P01419,218458c0611469350ca1736b9fbd7bbca7404194100fae9b920173f48e660f69,MEM7001419,GRP1019,OakStreet-Southwest,130-76-0339,Lisa,Taylor,1960-09-26,F,+16029143082,6534 Main St,,Orlando,FL,32801,USA,"6534 Main St, Orlando, FL 32801, USA",PCP0008,Active,EHR,P01419,ING-PAT-20261005-01419,2026-10-05T11:08:57,2026-10-05T11:10:57,2022-07-31T11:10:57,2026-10-05T11:10:57,2026-10-05T10:22:57,5fe49b16e3ced991143909d1e80f100c0468a0ec63ca9f88e205c8436b3a3b41,CURRENT,True
101420,P01420,aa32fc5e8f4adbbd4c5385601db38391f7e7eab6ab2a2ad8c22c560ad0a6fef9,MEM7001420,GRP1020,OakStreet-Central,578-29-6752,Margaret,Lopez,1943-09-01,F,+12285823626,9694 Park Rd,,Dallas,TX,75201,USA,"9694 Park Rd, Dallas, TX 75201, USA",PCP0081,Active,EHR,P01420,ING-PAT-20261005-01420,2026-10-05T11:09:00,2026-10-05T11:11:00,2025-09-10T11:11:00,2026-10-05T11:11:00,2026-10-05T08:40:00,d62663519a41813224c60aa582965c786f58ce7634932695a97341aeebcde429,CURRENT,True
101421,P01421,1c73926a6ed573dec84fbb49633d9b2b4b80b9a6f8457992065f89c42ce31348,MEM7001421,GRP1021,OakStreet-South,364-32-4794,Jessica,Gonzalez,1946-12-24,F,+15795499700,6156 Pine Ave,,Austin,TX,78701,USA,"6156 Pine Ave, Austin, TX 78701, USA",PCP0118,Active,EHR,P01421,ING-PAT-20261005-01421,2026-10-05T11:09:03,2026-10-05T11:11:03,2025-09-23T11:11:03,2026-10-05T11:11:03,2026-10-05T08:22:03,f5fb1ae7813d2455ca8ac05ab27a93ea56505b6cfe7c3c0fcc7d63409eb3c9a7,CURRENT,True
101422,P01422,9bd7805178798cb5c69ab25dcf036702f537e1f0eedc5e6f89cbf0733dce50e5,MEM7001422,GRP1022,OakStreet-East,193-83-6760,Susan,Lopez,2004-09-16,F,+14025095895,9514 Market Ave,,Houston,TX,77002,USA,"9514 Market Ave, Houston, TX 77002, USA",PCP0026,Active,EHR,P01422,ING-PAT-20261005-01422,2026-10-05T11:09:06,2026-10-05T11:11:06,2023-05-04T11:11:06,2026-10-05T11:11:06,2026-10-05T09:29:06,91a6ee4eefbfbc1a2653b6706d51520021774df1dc83455cc316e53a3323e11e,CURRENT,True
101423,P01423,9e0d7267da7e4dce7bcd78f541059115c53f61babd97d7e9760d649aaad38c6c,MEM7001423,GRP1023,OakStreet-Southwest,488-11-2178,James,Jackson,1973-03-12,F,+12644976184,9311 Washington Ave,,Houston,TX,77024,USA,"9311 Washington Ave, Houston, TX 77024, USA",PCP0100,Active,EHR,P01423,ING-PAT-20261005-01423,2026-10-05T11:09:09,2026-10-05T11:11:09,2024-06-10T11:11:09,2026-10-05T11:11:09,2026-10-05T07:52:09,4b808fe329643bb20dae0891d28675f8df594a55e66ec161b76d1acaa3bbcc2d,CURRENT,True
101424,P01424,9a8229823ac8025b11acb3b7accd1a556a078255f1c3358e9bd184f9c5a393dd,MEM7001424,GRP1024,OakStreet-Central,663-72-9908,Thomas,Hernandez,2001-07-17,M,+16369824743,3108 Main Blvd,,Houston,TX,77005,USA,"3108 Main Blvd, Houston, TX 77005, USA",PCP0014,Active,EHR,P01424,ING-PAT-20261005-01424,2026-10-05T11:09:12,2026-10-05T11:11:12,2023-08-26T11:11:12,2026-10-05T11:11:12,2026-10-05T09:47:12,2765eeca5efeb54939aa38020fe8fb1cef5140806fbf541f71313b26f73096d9,CURRENT,True
101425,P01425,e88d9aab5dd7e1ff7acabf739dc325e4e62ebdcbd6ba3c194a6e69fc4cd9cfc8,MEM7001425,GRP1025,OakStreet-South,487-25-6948,Jessica,Walker,1996-04-23,F,+13367181887,546 Market Blvd,Apt 76,Atlanta,GA,30303,USA,"546 Market Blvd Apt 76, Atlanta, GA 30303, USA",PCP0088,Active,EHR,P01425,ING-PAT-20261005-01425,2026-10-05T11:09:15,2026-10-05T11:11:15,2024-09-04T11:11:15,2026-10-05T11:11:15,2026-10-05T09:03:15,bd1dd6ef94d7e7a88e4c08e8c33db719ce03fab8b4761a80f053911011ceb6c2,CURRENT,True
101426,P01426,e6bb19a1490cc147ef2cb2bce2a2edc44a7c416fec56acde8b18042ea234663d,MEM7001426,GRP1026,OakStreet-East,724-25-2895,Lisa,Gonzalez,1936-01-26,M,+19228854914,5769 Main Rd,,Houston,TX,77024,USA,"5769 Main Rd, Houston, TX 77024, USA",PCP0060,Active,EHR,P01426,ING-PAT-20261005-01426,2026-10-05T11:09:18,2026-10-05T11:11:18,2024-05-12T11:11:18,2026-10-05T11:11:18,2026-10-05T09:21:18,50eae47c1490ac56bb5dbee085524892420b9b4504d12046cb45dfbf0f8aea93,CURRENT,True
101427,P01427,c496b6b13d9be98f07e44d60d5f2059ee8f0e8c1d45dab0b8622d88ef4fe5658,MEM7001427,GRP1027,OakStreet-Southwest,750-69-0304,Matthew,Rodriguez,1939-10-21,M,+16538215487,790 Washington Rd,,Phoenix,AZ,85004,USA,"790 Washington Rd, Phoenix, AZ 85004, USA",PCP0055,Active,EHR,P01427,ING-PAT-20261005-01427,2026-10-05T11:09:21,2026-10-05T11:11:21,2024-08-22T11:11:21,2026-10-05T11:11:21,2026-10-05T07:52:21,8b7272b7dc4295c7e2288c37b9ddfc85c0863cff38e92ba880c1c04dc434582a,CURRENT,True
101428,P01428,dace6e1b6438f34f1ea9d7ed2396d679d8ecb1134348ea36d4667e9ad391778c,MEM7001428,GRP1028,OakStreet-Central,544-78-6098,Karen,Hernandez,1979-12-27,F,+14436558668,2960 Pine Rd,,Atlanta,GA,30303,USA,"2960 Pine Rd, Atlanta, GA 30303, USA",PCP0100,Active,EHR,P01428,ING-PAT-20261005-01428,2026-10-05T11:09:24,2026-10-05T11:11:24,2022-10-29T11:11:24,2026-10-05T11:11:24,2026-10-05T07:58:24,a72b8f5a32d70303324814b1ee6c172ec9aebe1cb879f198dbcd8557440364b9,CURRENT,True
101429,P01429,a432a21e29837b5108c22ee27d99575a34a6dbcc8f02da1b0b9a8e56ae2b342d,MEM7001429,GRP1029,OakStreet-South,426-86-6332,Karen,Smith,1943-06-05,F,+19327252521,9355 Market Blvd,,Houston,TX,77005,USA,"9355 Market Blvd, Houston, TX 77005, USA",PCP0045,Active,EHR,P01429,ING-PAT-20261005-01429,2026-10-05T11:09:27,2026-10-05T11:11:27,2023-07-14T11:11:27,2026-10-05T11:11:27,2026-10-05T09:33:27,336f877e526da844fff91798e1337031768945e3eb98377b849e581813fd118a,CURRENT,True
101430,P01430,749d6d61a56369f64cca4568f2f737365fbd70de6100760dc5882761e619bff3,MEM7001430,GRP1030,OakStreet-East,441-19-7927,Barbara,Smith,2000-06-27,M,+14603348025,4361 Lake Rd,,San Antonio,TX,78205,USA,"4361 Lake Rd, San Antonio, TX 78205, USA",PCP0013,Active,EHR,P01430,ING-PAT-20261005-01430,2026-10-05T11:09:30,2026-10-05T11:11:30,2024-08-13T11:11:30,2026-10-05T11:11:30,2026-10-05T08:03:30,e931277c4bf25f4c07de2924954cca1a8b7ee0501a9f26a62031e76fb53f8d02,CURRENT,True
101431,P01431,33914d2379015f9fc0dd669f74a67431dd771088ea829fb165611917d76e246f,MEM7001431,GRP1031,OakStreet-Southwest,734-90-4626,William,Perez,1990-09-21,M,+18406227208,3379 Washington Rd,,Houston,TX,77024,USA,"3379 Washington Rd, Houston, TX 77024, USA",PCP0110,Active,EHR,P01431,ING-PAT-20261005-01431,2026-10-05T11:09:33,2026-10-05T11:11:33,2025-11-27T11:11:33,2026-10-05T11:11:33,2026-10-05T09:07:33,086d6e5db1ab8a161f78b77067c4c8c365b9b3fd5ab09d2c0e1e6ae8ea778f4d,CURRENT,True
101432,P01432,35b427bfe776ff2971fec25fd413f2a83e1fddeca268ad5ad46bb925640d8667,MEM7001432,GRP1032,OakStreet-Central,433-25-3837,Richard,Ramirez,1950-12-03,F,+18578402364,6039 Oak Blvd,,Houston,TX,77002,USA,"6039 Oak Blvd, Houston, TX 77002, USA",PCP0034,Active,EHR,P01432,ING-PAT-20261005-01432,2026-10-05T11:09:36,2026-10-05T11:11:36,2025-04-28T11:11:36,2026-10-05T11:11:36,2026-10-05T09:00:36,4abc2c25cb7dab39b6f59d1fe7a4efb2dde0b36c6bf00c4ed7f9b4d8ae093808,CURRENT,True
101433,P01433,454b87cc5e652cb6266f4378b784f37d10b4e7aadd007d8d75d164365daaff67,MEM7001433,GRP1033,OakStreet-South,166-24-0599,James,Brown,1957-03-19,M,+15908842977,5406 Lake Rd,,Austin,TX,78701,USA,"5406 Lake Rd, Austin, TX 78701, USA",PCP0108,Active,EHR,P01433,ING-PAT-20261005-01433,2026-10-05T11:09:39,2026-10-05T11:11:39,2022-02-01T11:11:39,2026-10-05T11:11:39,2026-10-05T10:45:39,047ccc45f3bd7c25a26432d7c5e574790233260b1f53ce7a1326e17c73b63b60,CURRENT,True
101434,P01434,33667b527090bc88adb8ec52ded7714b67915385ba869a1d38c461ad3c3cfb88,MEM7001434,GRP1034,OakStreet-East,694-90-7427,Patricia,Johnson,1974-04-09,F,+13663909762,859 Oak Blvd,Apt 650,Atlanta,GA,30303,USA,"859 Oak Blvd Apt 650, Atlanta, GA 30303, USA",PCP0107,Active,EHR,P01434,ING-PAT-20261005-01434,2026-10-05T11:09:42,2026-10-05T11:11:42,2025-11-15T11:11:42,2026-10-05T11:11:42,2026-10-05T09:56:42,103fad0b8701d8ea56894bb91ed56a1e3477d9738aea775fbdc59239fd74eb59,CURRENT,True
101435,P01435,469d53f59ca1ccb816015abf3763444e23a0e471ef7208e4231bfe58ad07bec5,MEM7001435,GRP1035,OakStreet-Southwest,182-62-7348,Barbara,Martin,1997-08-05,F,+16308557347,9920 Park Blvd,,Houston,TX,77002,USA,"9920 Park Blvd, Houston, TX 77002, USA",PCP0108,Active,EHR,P01435,ING-PAT-20261005-01435,2026-10-05T11:09:45,2026-10-05T11:11:45,2025-08-28T11:11:45,2026-10-05T11:11:45,2026-10-05T07:19:45,6a9787bf5d51ad7634b435b20d28f1fdb45e426025603481b4120d3c0aa869ff,CURRENT,True
101436,P01436,918fa5e0aaabb4c6ed6a52ea2005a2bbd4aacdd8044c417445fd71dbde827982,MEM7001436,GRP1036,OakStreet-Central,593-36-3730,Nancy,Lopez,1945-06-27,F,+16375853662,7766 Park Blvd,,Orlando,FL,32801,USA,"7766 Park Blvd, Orlando, FL 32801, USA",PCP0086,Active,EHR,P01436,ING-PAT-20261005-01436,2026-10-05T11:09:48,2026-10-05T11:11:48,2022-01-06T11:11:48,2026-10-05T11:11:48,2026-10-05T08:42:48,a147964be8a488ca7be58b0ec616935ac6d182ad3b23d04439b484b381033e28,CURRENT,True
101437,P01437,1da3e3a6c50144f642b5f871b61326aa60481f7946c4a5fb9fbaa7e5c0f343f6,MEM7001437,GRP1037,OakStreet-South,511-64-1355,Karen,Lopez,1959-04-13,F,+17834221775,8101 Washington Rd,,Dallas,TX,75201,USA,"8101 Washington Rd, Dallas, TX 75201, USA",PCP0107,Active,EHR,P01437,ING-PAT-20261005-01437,2026-10-05T11:09:51,2026-10-05T11:11:51,2022-11-30T11:11:51,2026-10-05T11:11:51,2026-10-05T07:41:51,e47997c91bb5ad403bbd89925eaccf351c731d2c323c7018dc623ccbc4b17ee2,CURRENT,True
101438,P01438,c3c4c4a23742a6480f6df449ae088e34f8394d30c1aeb10881c9f8c0f46fd448,MEM7001438,GRP1038,OakStreet-East,553-88-0260,William,Thompson,1971-06-19,M,+14652325405,2164 Washington Rd,,Houston,TX,77005,USA,"2164 Washington Rd, Houston, TX 77005, USA",PCP0092,Active,EHR,P01438,ING-PAT-20261005-01438,2026-10-05T11:09:54,2026-10-05T11:11:54,2023-10-17T11:11:54,2026-10-05T11:11:54,2026-10-05T09:46:54,116f70e581998b307b3a0cb0b435b3d8ba4f9e57dc5700091706cbc3836f8684,CURRENT,True
101439,P01439,78c991e531ffe0e08d8aa78b496514cd823d1f3052aeff48ab912a33d6b00670,MEM7001439,GRP1039,OakStreet-Southwest,195-94-2596,Susan,Rodriguez,1963-10-15,M,+16127301429,1847 Market Ave,,Chicago,IL,60601,USA,"1847 Market Ave, Chicago, IL 60601, USA",PCP0061,Active,EHR,P01439,ING-PAT-20261005-01439,2026-10-05T11:09:57,2026-10-05T11:11:57,2025-07-24T11:11:57,2026-10-05T11:11:57,2026-10-05T08:34:57,f4cbc039da7596b3580b171512ec3d4befe9e66289ff78a9b0ac39523ac83ec2,CURRENT,True
101440,P01440,33bd4a81166088c03b1ce60d9e7a3d84e34514704682c25eac927e7493cd51c7,MEM7001440,GRP1000,OakStreet-Central,614-62-5832,Jessica,Davis,1939-11-02,F,+18574464967,3461 Washington Rd,,Houston,TX,77005,USA,"3461 Washington Rd, Houston, TX 77005, USA",PCP0027,Active,EHR,P01440,ING-PAT-20261005-01440,2026-10-05T11:10:00,2026-10-05T11:12:00,2023-04-09T11:12:00,2026-10-05T11:12:00,2026-10-05T10:38:00,0c2c50818ea8ce4ca8c5c3843e2aa5c2b63f1655fb001ed8d6d94a3df0efc19a,CURRENT,True
101441,P01441,b5c084e04b89fd3cc1df015c021495646544b8acd9204ead2f7d3978ebb7e86f,MEM7001441,GRP1001,OakStreet-South,893-76-5897,John,Walker,1972-04-22,M,+14034716295,6696 Park Blvd,Apt 840,Houston,TX,77024,USA,"6696 Park Blvd Apt 840, Houston, TX 77024, USA",PCP0017,Active,EHR,P01441,ING-PAT-20261005-01441,2026-10-05T11:10:03,2026-10-05T11:12:03,2024-08-18T11:12:03,2026-10-05T11:12:03,2026-10-05T10:09:03,ae0b04691a611fe9a34cca04a9f63e27a80ad2673182375010b269876a367d5c,CURRENT,True
101442,P01442,5e9e88e509a0a350434efc0b32ba3e96b19360e9a5bc17a98b538648c06734b6,MEM7001442,GRP1002,OakStreet-East,491-79-2691,Margaret,Williams,1979-02-06,F,+12575933892,6778 Washington Rd,,Houston,TX,77024,USA,"6778 Washington Rd, Houston, TX 77024, USA",PCP0099,Active,EHR,P01442,ING-PAT-20261005-01442,2026-10-05T11:10:06,2026-10-05T11:12:06,2024-08-17T11:12:06,2026-10-05T11:12:06,2026-10-05T08:17:06,e20bbf37123a6c6fdfeb4ff7f84cf594d341224217e6af92204bd98d1b0c0b69,CURRENT,True
101443,P01443,087077e43248ac39dca0f551f041468252e0b41722023251c6e8924b6d0e9b0f,MEM7001443,GRP1003,OakStreet-Southwest,156-87-6404,Mark,Brown,1945-02-22,F,+18008076821,9420 Main St,,San Antonio,TX,78205,USA,"9420 Main St, San Antonio, TX 78205, USA",PCP0011,Active,EHR,P01443,ING-PAT-20261005-01443,2026-10-05T11:10:09,2026-10-05T11:12:09,2024-12-17T11:12:09,2026-10-05T11:12:09,2026-10-05T10:21:09,4470b3818f8a356e8dd1b641c9a855200e0d7bffcf73c4391d0caa5a4445685f,CURRENT,True
101444,P01444,cc8bda29fc06dc132679ec495990a51aefb12cab75de85feaedd5ad3e5006717,MEM7001444,GRP1004,OakStreet-Central,259-63-3245,Betty,White,1936-01-26,M,+13748994453,853 Oak St,,San Antonio,TX,78205,USA,"853 Oak St, San Antonio, TX 78205, USA",PCP0080,Active,EHR,P01444,ING-PAT-20261005-01444,2026-10-05T11:10:12,2026-10-05T11:12:12,2025-12-01T11:12:12,2026-10-05T11:12:12,2026-10-05T07:12:12,c8cf61779b246e420234f828872f898eac1dc5db15ad4aaf77ef3e2e265a8752,CURRENT,True
101445,P01445,5157d4b25a0aa8c0d59b7fa41e4318611e4d2c9b6c1538d8cbb1179f309ef44d,MEM7001445,GRP1005,OakStreet-South,642-46-7525,Anthony,Smith,1981-05-14,F,+15734873612,5829 Park Ave,,Chicago,IL,60601,USA,"5829 Park Ave, Chicago, IL 60601, USA",PCP0013,Active,EHR,P01445,ING-PAT-20261005-01445,2026-10-05T11:10:15,2026-10-05T11:12:15,2022-03-07T11:12:15,2026-10-05T11:12:15,2026-10-05T08:23:15,ac54f2d2cc9327cedb996ed1712b2ed86d0d5c81c30ece861dfe5b7d5732f76f,CURRENT,True
101446,P01446,a71612c20f1804a7adab1281d09d13541a8c195e287736befc25389b751a71fd,MEM7001446,GRP1006,OakStreet-East,124-31-9593,Matthew,Ramirez,1962-01-01,F,+17516172244,3559 Pine Rd,Apt 626,Orlando,FL,32801,USA,"3559 Pine Rd Apt 626, Orlando, FL 32801, USA",PCP0087,Active,EHR,P01446,ING-PAT-20261005-01446,2026-10-05T11:10:18,2026-10-05T11:12:18,2022-07-11T11:12:18,2026-10-05T11:12:18,2026-10-05T07:54:18,dfb4343bb23cba39a1d963eca509d4071bf8c6b3d7228b1217c07f991a49e802,CURRENT,True
101447,P01447,3f8b42248bdcd76365e20b08c1b9f3da4ec0e1f676d452584e7ac6b42bd8f297,MEM7001447,GRP1007,OakStreet-Southwest,847-25-0011,Margaret,Brown,1999-08-09,M,+12803481273,6812 Lake St,,Austin,TX,78701,USA,"6812 Lake St, Austin, TX 78701, USA",PCP0120,Active,EHR,P01447,ING-PAT-20261005-01447,2026-10-05T11:10:21,2026-10-05T11:12:21,2022-09-11T11:12:21,2026-10-05T11:12:21,2026-10-05T10:19:21,fd8a051e2e711eed0acdc8cc5d48ccee8ff7ee4653c32b08741de2b476b2e80b,CURRENT,True
101448,P01448,b05ba80ad52f82f77a32efd41c624a97b58c248a8a62ec7c7d3febf83bbaa1aa,MEM7001448,GRP1008,OakStreet-Central,315-63-0028,James,Johnson,1946-08-02,F,+17269153188,4311 Market Ave,,Austin,TX,78701,USA,"4311 Market Ave, Austin, TX 78701, USA",PCP0044,Active,EHR,P01448,ING-PAT-20261005-01448,2026-10-05T11:10:24,2026-10-05T11:12:24,2024-08-23T11:12:24,2026-10-05T11:12:24,2026-10-05T09:51:24,68ca9ea335213299369835de8f27b95b8337036804095daf5d3a045e6a48b6e5,CURRENT,True
101449,P01449,206ed139058f953cffc86db9acc8b25d21cd88e0e8578efe6b045b16ded2a281,MEM7001449,GRP1009,OakStreet-South,840-44-1648,Jennifer,Taylor,1983-09-04,F,+13262323082,4378 Market Ave,,Houston,TX,77002,USA,"4378 Market Ave, Houston, TX 77002, USA",PCP0029,Active,EHR,P01449,ING-PAT-20261005-01449,2026-10-05T11:10:27,2026-10-05T11:12:27,2022-08-21T11:12:27,2026-10-05T11:12:27,2026-10-05T10:27:27,611f3192b88837824e09206ebee6106d1f19d907eeccfeb88b7af1d394627e83,CURRENT,True
101450,P01450,da6c5f7e2f00135c6cee93460c5e13ef39988ddd7063a78105b68c1d0ee2b76d,MEM7001450,GRP1010,OakStreet-East,578-72-2133,Michael,Wilson,1962-07-28,F,+12167798010,8869 Market Ave,,Atlanta,GA,30303,USA,"8869 Market Ave, Atlanta, GA 30303, USA",PCP0064,Active,EHR,P01450,ING-PAT-20261005-01450,2026-10-05T11:10:30,2026-10-05T11:12:30,2025-07-13T11:12:30,2026-10-05T11:12:30,2026-10-05T09:33:30,910df8f914eea8aa62c3659647bdd2f2c6c2150de52b7d7612869c0e347b121c,CURRENT,True
101451,P01451,ee3def3e5e37b0dc372f2d4c458cb815ee5a0ac289eac97e57481266cc5c992d,MEM7001451,GRP1011,OakStreet-Southwest,803-51-2995,Daniel,Garcia,2004-12-12,M,+14424829902,3063 Main Rd,,Houston,TX,77002,USA,"3063 Main Rd, Houston, TX 77002, USA",PCP0026,Active,EHR,P01451,ING-PAT-20261005-01451,2026-10-05T11:10:33,2026-10-05T11:12:33,2022-01-28T11:12:33,2026-10-05T11:12:33,2026-10-05T09:42:33,a4f1c37c77ec95ad3553d6d165ca27513a2821a4856580af7f4cc93c9c482356,CURRENT,True
101452,P01452,6d945d83aad14083e375200f4d7270f8e0463d3157bb3f5d5f67d457f40f8b9e,MEM7001452,GRP1012,OakStreet-Central,137-92-7953,Richard,Garcia,1985-12-24,M,+16199611275,6616 Washington St,Apt 826,Houston,TX,77005,USA,"6616 Washington St Apt 826, Houston, TX 77005, USA",PCP0038,Active,EHR,P01452,ING-PAT-20261005-01452,2026-10-05T11:10:36,2026-10-05T11:12:36,2024-10-31T11:12:36,2026-10-05T11:12:36,2026-10-05T10:44:36,4699b3e08bbd60580dc7deb7a513b26851f2361ca94a8c23d6ce0b4130dede5f,CURRENT,True
101453,P01453,0f038ed9ecaf41510178e6e83a86cfde0c45a0d11baffcf772c09daadb8599ad,MEM7001453,GRP1013,OakStreet-South,594-38-7984,Thomas,Taylor,1970-11-26,F,+13014188534,5476 Pine Ave,Apt 630,Orlando,FL,32801,USA,"5476 Pine Ave Apt 630, Orlando, FL 32801, USA",PCP0097,Active,EHR,P01453,ING-PAT-20261005-01453,2026-10-05T11:10:39,2026-10-05T11:12:39,2025-11-28T11:12:39,2026-10-05T11:12:39,2026-10-05T09:19:39,4d3492513a45c070fc89286145c05f85fbfc4c7cd3ce356c40c756e000991031,CURRENT,True
101454,P01454,eb03c5f53c2c6916154101e3d4d0330c14dda18052d15462dbbfd1d5209a29eb,MEM7001454,GRP1014,OakStreet-East,665-83-8763,James,Anderson,1988-09-01,M,+19086138786,1880 Park Rd,,Dallas,TX,75201,USA,"1880 Park Rd, Dallas, TX 75201, USA",PCP0072,Active,EHR,P01454,ING-PAT-20261005-01454,2026-10-05T11:10:42,2026-10-05T11:12:42,2022-04-11T11:12:42,2026-10-05T11:12:42,2026-10-05T08:40:42,3ddc46fbc2952c2b5f26712c723dbf66c3a59ece2d09a35b90ba0d95648f3a53,CURRENT,True
101455,P01455,9afcc0e0d4294eb7430880ef852e30bac916a3376736dec6ef32d34b98fb2efb,MEM7001455,GRP1015,OakStreet-Southwest,551-67-2389,Michael,Smith,1939-08-04,M,+16777292817,376 Pine Blvd,,Atlanta,GA,30303,USA,"376 Pine Blvd, Atlanta, GA 30303, USA",PCP0055,Active,EHR,P01455,ING-PAT-20261005-01455,2026-10-05T11:10:45,2026-10-05T11:12:45,2022-07-14T11:12:45,2026-10-05T11:12:45,2026-10-05T09:15:45,88f834498b8f093c5dccf9e11b4e3c6508fb66ac3ce776245d23fa8646e03847,CURRENT,True
101456,P01456,22705eb77066f8080ae6092a5026decdef739cd8df08c22a7950f05a0c1dd890,MEM7001456,GRP1016,OakStreet-Central,475-95-0678,Nancy,Thompson,1994-06-28,F,+15368181379,2502 Main Blvd,Apt 775,Chicago,IL,60601,USA,"2502 Main Blvd Apt 775, Chicago, IL 60601, USA",PCP0082,Active,EHR,P01456,ING-PAT-20261005-01456,2026-10-05T11:10:48,2026-10-05T11:12:48,2023-04-12T11:12:48,2026-10-05T11:12:48,2026-10-05T07:15:48,f91de8a08e9d295ee8ef96a237a973102b03f1649256cfd13518b05cb4953310,CURRENT,True
101457,P01457,5d2ebdba7ec0a5174eaebb1f305bdfe3b2fa7f45e989bb7a1baa7fea4d3ff8db,MEM7001457,GRP1017,OakStreet-South,354-12-2706,Robert,Anderson,1986-09-28,M,+18202697732,7236 Pine Rd,Apt 554,San Antonio,TX,78205,USA,"7236 Pine Rd Apt 554, San Antonio, TX 78205, USA",PCP0083,Inactive,EHR,P01457,ING-PAT-20261005-01457,2026-10-05T11:10:51,2026-10-05T11:12:51,2024-04-11T11:12:51,2026-10-05T11:12:51,2026-10-05T10:36:51,0cdf2e7d1c6805ceb92bd146610bd59c04437f3fe9138f1ce2f96847ef5ae5c6,CURRENT,True
101458,P01458,a859d72d22d40716922820eb303311d3cf817361854b7e778c622a90d4939267,MEM7001458,GRP1018,OakStreet-East,152-56-2556,Susan,Anderson,1962-08-02,F,+16454968605,5642 Main St,,Orlando,FL,32801,USA,"5642 Main St, Orlando, FL 32801, USA",PCP0044,Active,EHR,P01458,ING-PAT-20261005-01458,2026-10-05T11:10:54,2026-10-05T11:12:54,2022-09-19T11:12:54,2026-10-05T11:12:54,2026-10-05T10:03:54,1244443fbd2eee36d9d882b178456e455a59a826eb56decebc444f8b4f872cbe,CURRENT,True
101459,P01459,963392ab765082ac0369b99277cab82013ec0d58203c259b9bdfbcf018d20398,MEM7001459,GRP1019,OakStreet-Southwest,478-81-0749,Charles,Clark,1980-06-26,F,+18079176228,3902 Lake St,Apt 25,Atlanta,GA,30303,USA,"3902 Lake St Apt 25, Atlanta, GA 30303, USA",PCP0070,Active,EHR,P01459,ING-PAT-20261005-01459,2026-10-05T11:10:57,2026-10-05T11:12:57,2025-08-06T11:12:57,2026-10-05T11:12:57,2026-10-05T09:53:57,a625a141eb6ff72fd146d533affca74d473aa49144e791ffba51a63197644743,CURRENT,True
101460,P01460,8c10f773d7c0bba3c0ad6a3bce7bc953ebcaec669690efd9e21825b08e617310,MEM7001460,GRP1020,OakStreet-Central,587-79-5722,Susan,Taylor,1967-07-21,F,+12655929110,7608 Main Blvd,Apt 172,San Antonio,TX,78205,USA,"7608 Main Blvd Apt 172, San Antonio, TX 78205, USA",PCP0025,Active,EHR,P01460,ING-PAT-20261005-01460,2026-10-05T11:11:00,2026-10-05T11:13:00,2023-08-12T11:13:00,2026-10-05T11:13:00,2026-10-05T09:32:00,ca29c230ebb49f34f605e2cf2e489f31c4f3782cccf77e5c62458857f5cda4ab,CURRENT,True
101461,P01461,9dc45cf47c7088c4416ebb9d73e64fade29ac615d4edf5ac6a047af8ed1979c6,MEM7001461,GRP1021,OakStreet-South,403-93-5730,Karen,Garcia,1988-09-27,F,+17276671042,5857 Pine Blvd,,Orlando,FL,32801,USA,"5857 Pine Blvd, Orlando, FL 32801, USA",PCP0013,Active,EHR,P01461,ING-PAT-20261005-01461,2026-10-05T11:11:03,2026-10-05T11:13:03,2023-09-24T11:13:03,2026-10-05T11:13:03,2026-10-05T10:56:03,6e2d33b6ff64fd6df0abf05abf549b05e073225d59b6f4414876e5d866de578b,CURRENT,True
101462,P01462,b14e8032a948dfc816b6aac0ed31d8589a2c043d62c2a1d45c279c76fa4043c5,MEM7001462,GRP1022,OakStreet-East,436-45-2363,John,Gonzalez,1936-11-17,F,+16454035173,9718 Washington St,,Phoenix,AZ,85004,USA,"9718 Washington St, Phoenix, AZ 85004, USA",PCP0103,Active,EHR,P01462,ING-PAT-20261005-01462,2026-10-05T11:11:06,2026-10-05T11:13:06,2023-01-21T11:13:06,2026-10-05T11:13:06,2026-10-05T08:57:06,50b649cdcde895d46f28e8cd3ce2a38fdd63a6344fe59b98e2e042ecd30293a1,CURRENT,True
101463,P01463,b886567e8068c019c7e156ae70ca613256f618f0c4121be07a8b0258c8adc9c9,MEM7001463,GRP1023,OakStreet-Southwest,154-34-9991,Jennifer,Anderson,1997-04-20,F,+18158541360,535 Park Blvd,Apt 185,San Antonio,TX,78205,USA,"535 Park Blvd Apt 185, San Antonio, TX 78205, USA",PCP0025,Active,EHR,P01463,ING-PAT-20261005-01463,2026-10-05T11:11:09,2026-10-05T11:13:09,2024-02-28T11:13:09,2026-10-05T11:13:09,2026-10-05T08:47:09,7be30921b39a7a8e3abe191b4e3ac36dc606029061cff3a5d119023379dba913,CURRENT,True
101464,P01464,187684fad7a5e3a621e15132465b4e87ffd89ff1f5c541b5f4ff345a21eaea17,MEM7001464,GRP1024,OakStreet-Central,307-20-1559,Robert,Sanchez,2000-04-21,M,+18794411412,4809 Pine Blvd,,Atlanta,GA,30303,USA,"4809 Pine Blvd, Atlanta, GA 30303, USA",PCP0077,Active,EHR,P01464,ING-PAT-20261005-01464,2026-10-05T11:11:12,2026-10-05T11:13:12,2025-11-13T11:13:12,2026-10-05T11:13:12,2026-10-05T10:33:12,8f5dc8f66626962eb97cd25eabb52683a1f02844c3edf1ccd6731263a88d20bc,CURRENT,True
101465,P01465,5b6b05de489981e9d42cb9915266265fa490eeeffd3097f2a368f7f66447d778,MEM7001465,GRP1025,OakStreet-South,146-77-1676,Susan,Perez,1962-12-02,M,+17338781023,697 Lake Rd,,Chicago,IL,60601,USA,"697 Lake Rd, Chicago, IL 60601, USA",PCP0109,Active,EHR,P01465,ING-PAT-20261005-01465,2026-10-05T11:11:15,2026-10-05T11:13:15,2025-09-07T11:13:15,2026-10-05T11:13:15,2026-10-05T08:20:15,eb9ab12ce4ccf9c98463ae6b200bbf4fd54f6f6d061af589e92919ccbcfb2da6,CURRENT,True
101466,P01466,67ff5b7cfc91b7d146d6998752dd96c0621c087ea436827403f2c080f6a0c254,MEM7001466,GRP1026,OakStreet-East,306-17-0672,Sarah,Robinson,1946-04-22,F,+19846886525,6583 Park Blvd,,Orlando,FL,32801,USA,"6583 Park Blvd, Orlando, FL 32801, USA",PCP0096,Active,EHR,P01466,ING-PAT-20261005-01466,2026-10-05T11:11:18,2026-10-05T11:13:18,2025-12-07T11:13:18,2026-10-05T11:13:18,2026-10-05T08:42:18,cf13c8ec6b9180f2c1f5512abcdf3ea503e9571fd8ec2970fb131b74046d0e67,CURRENT,True
101467,P01467,7b9fc1b398ef09fd422448014cb93f8c2a02961c5c69d385607e62fbc0161ea5,MEM7001467,GRP1027,OakStreet-Southwest,140-92-9961,Linda,Thompson,1973-07-18,F,+15018157940,2160 Washington Ave,Apt 407,Houston,TX,77002,USA,"2160 Washington Ave Apt 407, Houston, TX 77002, USA",PCP0037,Active,EHR,P01467,ING-PAT-20261005-01467,2026-10-05T11:11:21,2026-10-05T11:13:21,2024-07-19T11:13:21,2026-10-05T11:13:21,2026-10-05T08:30:21,968db620b1309c9b70f58eee9ee18aec6b8203960ebd35de51ceece573ba3f6f,CURRENT,True
101468,P01468,1a07aa01a368d8b78af519959f25117c0042f98c2d964a83369ee6ffa8069f99,MEM7001468,GRP1028,OakStreet-Central,557-41-4746,Matthew,Miller,1954-04-21,F,+16116565377,6698 Market Ave,Apt 570,Chicago,IL,60601,USA,"6698 Market Ave Apt 570, Chicago, IL 60601, USA",PCP0056,Active,EHR,P01468,ING-PAT-20261005-01468,2026-10-05T11:11:24,2026-10-05T11:13:24,2025-07-30T11:13:24,2026-10-05T11:13:24,2026-10-05T08:22:24,094836079f36832080bb3cbecb30e32cec4b4b876c110bc797605152189c9113,CURRENT,True
101469,P01469,bc437f755d685707a001d50d27f2f2e910a46c86dbdd91f00ecb37c577ae0565,MEM7001469,GRP1029,OakStreet-South,352-40-3106,James,Martin,1984-09-27,F,+19667314375,9362 Lake Rd,Apt 690,Austin,TX,78701,USA,"9362 Lake Rd Apt 690, Austin, TX 78701, USA",PCP0005,Active,EHR,P01469,ING-PAT-20261005-01469,2026-10-05T11:11:27,2026-10-05T11:13:27,2025-08-13T11:13:27,2026-10-05T11:13:27,2026-10-05T08:13:27,a5f814332af2a88928d9b4dfc880816c6aafd30ea5726168abf144be4957f9e1,CURRENT,True
101470,P01470,5242d8f1cbd4e62063d092ea0933989ce1d827974d2be9f2afcbe1f67a12948d,MEM7001470,GRP1030,OakStreet-East,576-96-4214,Nancy,Martinez,1935-09-28,M,+15545949042,521 Pine St,,San Antonio,TX,78205,USA,"521 Pine St, San Antonio, TX 78205, USA",PCP0096,Active,EHR,P01470,ING-PAT-20261005-01470,2026-10-05T11:11:30,2026-10-05T11:13:30,2022-08-29T11:13:30,2026-10-05T11:13:30,2026-10-05T08:36:30,ece1fe441ff784e71fa9d0b50034b9621a804c2776e70f9490677bb7bec93f76,CURRENT,True
101471,P01471,cba337e46d26f0647e49263b691fc85ff4087b614f4b292d693917ddd13acd87,MEM7001471,GRP1031,OakStreet-Southwest,106-66-9536,Mary,Smith,1963-05-04,M,+15128681572,9596 Lake Rd,Apt 696,San Antonio,TX,78205,USA,"9596 Lake Rd Apt 696, San Antonio, TX 78205, USA",PCP0083,Active,EHR,P01471,ING-PAT-20261005-01471,2026-10-05T11:11:33,2026-10-05T11:13:33,2022-12-23T11:13:33,2026-10-05T11:13:33,2026-10-05T08:55:33,84c6b75c5b82aa0664f942a4569193af93aa942b7df170e4218519400ae609b3,CURRENT,True
101472,P01472,9d0087862f99f2d8c01a914c4d884cc5c15492718a497449fef94df6a63a3961,MEM7001472,GRP1032,OakStreet-Central,241-71-7339,John,Martinez,1996-09-19,M,+18224264856,8594 Market Ave,,Houston,TX,77024,USA,"8594 Market Ave, Houston, TX 77024, USA",PCP0048,Active,EHR,P01472,ING-PAT-20261005-01472,2026-10-05T11:11:36,2026-10-05T11:13:36,2022-03-23T11:13:36,2026-10-05T11:13:36,2026-10-05T08:10:36,a61819c25f1611ff503f6da06b880f4edac84d824a55d9a25046e12bffca226c,CURRENT,True
101473,P01473,5deb26cc4524f313a9afe043415dec572064437f73b4db7432b481e7190e3488,MEM7001473,GRP1033,OakStreet-South,701-92-8556,Joseph,Lopez,1992-04-04,M,+13984254240,6111 Oak St,,San Antonio,TX,78205,USA,"6111 Oak St, San Antonio, TX 78205, USA",PCP0063,Active,EHR,P01473,ING-PAT-20261005-01473,2026-10-05T11:11:39,2026-10-05T11:13:39,2025-12-04T11:13:39,2026-10-05T11:13:39,2026-10-05T09:55:39,bd08c0c468a8ea1f193df1495b0f892fdae4a14c4675dc4a848ce8d100e87440,CURRENT,True
101474,P01474,4c9b3f91ee9e27e1818bf95d66a077943857ab4d8c37419c9e7efa7f0ce1dd42,MEM7001474,GRP1034,OakStreet-East,107-70-4711,Steven,Sanchez,1945-12-13,F,+12612637154,5522 Market Blvd,,Dallas,TX,75201,USA,"5522 Market Blvd, Dallas, TX 75201, USA",PCP0105,Active,EHR,P01474,ING-PAT-20261005-01474,2026-10-05T11:11:42,2026-10-05T11:13:42,2024-10-28T11:13:42,2026-10-05T11:13:42,2026-10-05T09:11:42,799587a98b4ab889a75f2aee4ab2b1d7c31918939c18b9ce785284f7263757bb,CURRENT,True
101475,P01475,f0f3c0b8a755921a8e3d41888e01a33f647e20dc4cac8238b9af29975eb1fe55,MEM7001475,GRP1035,OakStreet-Southwest,431-29-3265,Mark,Thompson,1983-03-10,M,+17185504361,4289 Washington Rd,,Orlando,FL,32801,USA,"4289 Washington Rd, Orlando, FL 32801, USA",PCP0014,Active,EHR,P01475,ING-PAT-20261005-01475,2026-10-05T11:11:45,2026-10-05T11:13:45,2025-10-12T11:13:45,2026-10-05T11:13:45,2026-10-05T08:40:45,b4c90e86058368cb19cc7d832ab1cb404ff9555e07b7d68f7350f61a02f34602,CURRENT,True
101476,P01476,148e91869e2e9aadd233bb4900a793d6a2e3e307f0c00f0d163dafd4636b5f80,MEM7001476,GRP1036,OakStreet-Central,410-39-0828,Karen,Taylor,1951-08-25,F,+13704211352,370 Market Blvd,,Chicago,IL,60601,USA,"370 Market Blvd, Chicago, IL 60601, USA",PCP0072,Active,EHR,P01476,ING-PAT-20261005-01476,2026-10-05T11:11:48,2026-10-05T11:13:48,2025-03-04T11:13:48,2026-10-05T11:13:48,2026-10-05T08:47:48,b254ad2376ed69d1c5e529b84c75629d61208910c5022f1d94b3e0fe25d5f061,CURRENT,True
101477,P01477,38a1acabdb12a0533496339521666b615a4d4cf2e62dba93d53dd4c52b841fab,MEM7001477,GRP1037,OakStreet-South,371-55-0172,Betty,Walker,1941-05-06,M,+13254467452,1805 Pine Blvd,,Phoenix,AZ,85004,USA,"1805 Pine Blvd, Phoenix, AZ 85004, USA",PCP0083,Active,EHR,P01477,ING-PAT-20261005-01477,2026-10-05T11:11:51,2026-10-05T11:13:51,2022-02-18T11:13:51,2026-10-05T11:13:51,2026-10-05T07:19:51,9834978259e8705175d82f390196cdb5d49f95bf7e45e87745dd3daf18c0a08a,CURRENT,True
101478,P01478,cf9809a7d5ea2f47fc1829c333db35f40ef7027c90c4c2d98f36a4fd791f4d97,MEM7001478,GRP1038,OakStreet-East,768-60-2521,James,Ramirez,1993-04-11,F,+16662826715,2388 Main Blvd,,Atlanta,GA,30303,USA,"2388 Main Blvd, Atlanta, GA 30303, USA",PCP0023,Active,EHR,P01478,ING-PAT-20261005-01478,2026-10-05T11:11:54,2026-10-05T11:13:54,2023-03-14T11:13:54,2026-10-05T11:13:54,2026-10-05T10:58:54,ff1d1f021abea0341819ed6b16cd4e2bdf833750a36d01e09ea9e258d32f6d4b,CURRENT,True
101479,P01479,d915b7c50c79c2c720deb1c35bf003a41fd2bfc91dd9dbe0aca199360940dd60,MEM7001479,GRP1039,OakStreet-Southwest,224-70-4081,Robert,Martinez,1969-04-19,M,+12319753715,1681 Oak Blvd,,Phoenix,AZ,85004,USA,"1681 Oak Blvd, Phoenix, AZ 85004, USA",PCP0004,Active,EHR,P01479,ING-PAT-20261005-01479,2026-10-05T11:11:57,2026-10-05T11:13:57,2023-10-08T11:13:57,2026-10-05T11:13:57,2026-10-05T07:37:57,1158b7b7d0606b51ffb9d1a971aebfa934bb9c783bc2e80436c9a127b05cc439,CURRENT,True
101480,P01480,d82bebf6d51fdcb83c0ef3a50696a92ea4afc38b05f21506587164452ce44d54,MEM7001480,GRP1000,OakStreet-Central,487-57-6385,Margaret,White,1982-09-14,F,+18187762600,1267 Washington Ave,,Houston,TX,77005,USA,"1267 Washington Ave, Houston, TX 77005, USA",PCP0061,Active,EHR,P01480,ING-PAT-20261005-01480,2026-10-05T11:12:00,2026-10-05T11:14:00,2025-05-08T11:14:00,2026-10-05T11:14:00,2026-10-05T07:57:00,74f93a1a807f7a2ab7ae637bd06a5ca907136077153ecd6528da86524b48350b,CURRENT,True
101481,P01481,1280f7d06b7fac56545277b8c3049551336d6bf0ccdd970c5d75bb3f65e4915b,MEM7001481,GRP1001,OakStreet-South,885-29-1711,Matthew,Thompson,1981-03-18,M,+15657356665,2462 Lake Ave,Apt 911,Phoenix,AZ,85004,USA,"2462 Lake Ave Apt 911, Phoenix, AZ 85004, USA",PCP0006,Active,EHR,P01481,ING-PAT-20261005-01481,2026-10-05T11:12:03,2026-10-05T11:14:03,2024-02-25T11:14:03,2026-10-05T11:14:03,2026-10-05T09:08:03,364fc1af1f6f4f0beff0c9792cc573f8da4934fb430f38c4f5b6b034ef2e4ed7,CURRENT,True
101482,P01482,169b070c41907a3a052e6787816b6257a4be637fa7edd6d99515a78c8aa211c9,MEM7001482,GRP1002,OakStreet-East,182-20-8042,Patricia,White,1999-05-17,M,+16729812445,5369 Lake Blvd,,Austin,TX,78701,USA,"5369 Lake Blvd, Austin, TX 78701, USA",PCP0056,Active,EHR,P01482,ING-PAT-20261005-01482,2026-10-05T11:12:06,2026-10-05T11:14:06,2025-12-02T11:14:06,2026-10-05T11:14:06,2026-10-05T10:58:06,c621eb0befd2cb8acdaebe95aaefff2555f9e30c4f75ca24a7107e0a9715ca7f,CURRENT,True
101483,P01483,82916fd775a417b0ed1c3889b59dfaf91b575c691610a2d709da9c586f65cd2f,MEM7001483,GRP1003,OakStreet-Southwest,204-29-6427,Richard,Thompson,1955-02-25,F,+19402667686,6731 Pine Blvd,,Houston,TX,77024,USA,"6731 Pine Blvd, Houston, TX 77024, USA",PCP0076,Active,EHR,P01483,ING-PAT-20261005-01483,2026-10-05T11:12:09,2026-10-05T11:14:09,2024-10-23T11:14:09,2026-10-05T11:14:09,2026-10-05T11:05:09,7eb813c2ccae063076947f12d3c81a742ec86b554adcab9c2e22de4ce5d96fb8,CURRENT,True
101484,P01484,ffdd299aef8e9d3509b72829c37dff2b2287bde82a43dc53fb3b30d8260021b5,MEM7001484,GRP1004,OakStreet-Central,839-72-6220,Nancy,Jones,1959-06-10,F,+16437433045,191 Oak Blvd,Apt 511,Orlando,FL,32801,USA,"191 Oak Blvd Apt 511, Orlando, FL 32801, USA",PCP0100,Active,EHR,P01484,ING-PAT-20261005-01484,2026-10-05T11:12:12,2026-10-05T11:14:12,2025-02-23T11:14:12,2026-10-05T11:14:12,2026-10-05T09:10:12,27c9ff4a2f8c4814d069845803b49aa9b511b719bc435bbf03fb71814ce0c9e2,CURRENT,True
101485,P01485,b7ab55ee3c09590f9ff446554b30b4ca86cf2d2651cfcb828ef0494d4dbc6a23,MEM7001485,GRP1005,OakStreet-South,113-59-7585,Karen,Miller,1970-03-10,F,+14887742621,4555 Market Blvd,,Austin,TX,78701,USA,"4555 Market Blvd, Austin, TX 78701, USA",PCP0077,Active,EHR,P01485,ING-PAT-20261005-01485,2026-10-05T11:12:15,2026-10-05T11:14:15,2023-11-20T11:14:15,2026-10-05T11:14:15,2026-10-05T10:59:15,656648684dc87932d70acd98198c5fe72929ebed10808d735ea906de231dd892,CURRENT,True
101486,P01486,4c1dce67e4cbd96fb206d26af7e9ae718e01e3d886999d4b1468ef2fc18630bf,MEM7001486,GRP1006,OakStreet-East,240-45-6547,Linda,White,1989-12-16,F,+17242598000,741 Market Rd,,Houston,TX,77005,USA,"741 Market Rd, Houston, TX 77005, USA",PCP0105,Active,EHR,P01486,ING-PAT-20261005-01486,2026-10-05T11:12:18,2026-10-05T11:14:18,2023-08-25T11:14:18,2026-10-05T11:14:18,2026-10-05T10:34:18,3f5e065be4016e5b6ecd5e46721b7a67fc77b82acfdfba85f85d9aff6fc3bddf,CURRENT,True
101487,P01487,a2057146f234c49f74ed3399b58099da964032a796ccdc439c5d1bb467fc0f23,MEM7001487,GRP1007,OakStreet-Southwest,394-33-4684,Joseph,Gonzalez,1990-06-15,M,+13198697350,2589 Main St,,Orlando,FL,32801,USA,"2589 Main St, Orlando, FL 32801, USA",PCP0095,Active,EHR,P01487,ING-PAT-20261005-01487,2026-10-05T11:12:21,2026-10-05T11:14:21,2023-01-01T11:14:21,2026-10-05T11:14:21,2026-10-05T07:54:21,4faab38cd33faf69aca844656d660f27a99808e31fe0452180602890014b6a82,CURRENT,True
101488,P01488,bf7448e619a1d7a499b12ef84487e68c4d2f0ce9397f2038bc6ce56e7d4abb0d,MEM7001488,GRP1008,OakStreet-Central,144-54-1243,Jennifer,Gonzalez,1964-12-06,F,+13172607612,632 Lake Blvd,,Dallas,TX,75201,USA,"632 Lake Blvd, Dallas, TX 75201, USA",PCP0032,Active,EHR,P01488,ING-PAT-20261005-01488,2026-10-05T11:12:24,2026-10-05T11:14:24,2023-10-12T11:14:24,2026-10-05T11:14:24,2026-10-05T10:42:24,3028582e8c5caccd3564170ea43c0d03b5ec2065fd16c40996d861dd29ddb578,CURRENT,True
101489,P01489,c6f0caa07a6fcfe648286f30e3ce4ff95732d46750eff66cb39688b19d3b9c4c,MEM7001489,GRP1009,OakStreet-South,479-14-6024,Patricia,Miller,1970-01-20,M,+13412699539,570 Lake St,Apt 777,Houston,TX,77024,USA,"570 Lake St Apt 777, Houston, TX 77024, USA",PCP0112,Active,EHR,P01489,ING-PAT-20261005-01489,2026-10-05T11:12:27,2026-10-05T11:14:27,2025-10-21T11:14:27,2026-10-05T11:14:27,2026-10-05T10:16:27,96a3e78a7d2d2858089583d7bb881727b5edec630f24806e5b5774e6e1473f36,CURRENT,True
101490,P01490,8391057e051ffc9e0889dd722aaf607a031bbc61cb1e1833a1792f83d6787d81,MEM7001490,GRP1010,OakStreet-East,724-71-9102,Barbara,Williams,1949-10-17,M,+17654905045,4772 Oak St,,Phoenix,AZ,85004,USA,"4772 Oak St, Phoenix, AZ 85004, USA",PCP0057,Inactive,EHR,P01490,ING-PAT-20261005-01490,2026-10-05T11:12:30,2026-10-05T11:14:30,2022-02-22T11:14:30,2026-10-05T11:14:30,2026-10-05T08:38:30,ebd5749c736925cd276f4b259f95d09cc05b23368d7201757dd54898a495ac63,CURRENT,True
101491,P01491,0285ac978cf222edbf9c153387d3b8d9ba1ca13d7812ed3c0f71ad0a23376ed0,MEM7001491,GRP1011,OakStreet-Southwest,760-21-7090,Robert,Williams,1972-03-27,M,+15748201209,9429 Main Ave,,Phoenix,AZ,85004,USA,"9429 Main Ave, Phoenix, AZ 85004, USA",PCP0069,Active,EHR,P01491,ING-PAT-20261005-01491,2026-10-05T11:12:33,2026-10-05T11:14:33,2023-12-31T11:14:33,2026-10-05T11:14:33,2026-10-05T09:22:33,7f0f6f21881662798aeb7de7cc5b588edfde2f413629cb7a6f4c9b4f28641e75,CURRENT,True
101492,P01492,cb192450912bc267256ae899a54848073b151bb0b7d5ddc2c1a1efb20cf7ec36,MEM7001492,GRP1012,OakStreet-Central,892-64-3987,Ashley,Jones,1986-02-22,F,+16342162004,2696 Market Blvd,,Houston,TX,77005,USA,"2696 Market Blvd, Houston, TX 77005, USA",PCP0091,Active,EHR,P01492,ING-PAT-20261005-01492,2026-10-05T11:12:36,2026-10-05T11:14:36,2021-11-25T11:14:36,2026-10-05T11:14:36,2026-10-05T10:01:36,0bfa94a43ac1b5ecbd9babd10608cc53f3e14953ff5c417688f12837c4b0743d,CURRENT,True
101493,P01493,7526245bc339bdc182bd5e57d768066b41dad93b0bcf66e0262794837fd5f8ff,MEM7001493,GRP1013,OakStreet-South,559-17-2603,Robert,Williams,1958-08-15,F,+18816038647,5182 Main Ave,,Atlanta,GA,30303,USA,"5182 Main Ave, Atlanta, GA 30303, USA",PCP0043,Active,EHR,P01493,ING-PAT-20261005-01493,2026-10-05T11:12:39,2026-10-05T11:14:39,2022-12-28T11:14:39,2026-10-05T11:14:39,2026-10-05T10:03:39,916a29c92c5df9cd282be9a753e347e6f7797d7449bca00143bb02d4b51df0d4,CURRENT,True
101494,P01494,26bc9c4e271b3966964573227d7a5e610691cdf2cd0ae4adab46665c3fcfcc73,MEM7001494,GRP1014,OakStreet-East,414-67-2721,Mary,Miller,1987-08-09,F,+19392256649,9388 Oak Blvd,Apt 423,San Antonio,TX,78205,USA,"9388 Oak Blvd Apt 423, San Antonio, TX 78205, USA",PCP0118,Active,EHR,P01494,ING-PAT-20261005-01494,2026-10-05T11:12:42,2026-10-05T11:14:42,2025-11-10T11:14:42,2026-10-05T11:14:42,2026-10-05T10:16:42,14263d4e9383effee69ba2d20388a0a2f2794f957d0f036f072c4d505d6896b5,CURRENT,True
101495,P01495,55b219cf7efa699aa6a49a147af3b3e5370bad70b06c5f9102ad933370030275,MEM7001495,GRP1015,OakStreet-Southwest,465-76-9508,Barbara,Jackson,1949-08-21,M,+17228134973,5274 Park Ave,Apt 413,Austin,TX,78701,USA,"5274 Park Ave Apt 413, Austin, TX 78701, USA",PCP0027,Active,EHR,P01495,ING-PAT-20261005-01495,2026-10-05T11:12:45,2026-10-05T11:14:45,2025-03-03T11:14:45,2026-10-05T11:14:45,2026-10-05T08:37:45,99ca660725fd3edf9c3b276a2985e7c13377f66fc66a7b093184bf49547afbb9,CURRENT,True
101496,P01496,d7ead4b43138b2c3530ddba7d630ed7a640c54d0efc98911ae73db739c300aa5,MEM7001496,GRP1016,OakStreet-Central,413-64-1226,Steven,Gonzalez,1959-04-23,M,+17325286317,7114 Park Blvd,,Dallas,TX,75201,USA,"7114 Park Blvd, Dallas, TX 75201, USA",PCP0028,Active,EHR,P01496,ING-PAT-20261005-01496,2026-10-05T11:12:48,2026-10-05T11:14:48,2022-04-11T11:14:48,2026-10-05T11:14:48,2026-10-05T09:34:48,dbdfb00f2a03358b1972d14b6359f5e2d4001089e1e98fcf75785dc8fd3b15cf,CURRENT,True
101497,P01497,5d3a05c9709d383aa7ff73d9f956837cb68c7e900384e5c446e519a1eb717ae3,MEM7001497,GRP1017,OakStreet-South,667-45-0471,Anthony,Moore,1981-02-13,M,+19688707177,3752 Market Blvd,,San Antonio,TX,78205,USA,"3752 Market Blvd, San Antonio, TX 78205, USA",PCP0028,Active,EHR,P01497,ING-PAT-20261005-01497,2026-10-05T11:12:51,2026-10-05T11:14:51,2022-03-14T11:14:51,2026-10-05T11:14:51,2026-10-05T08:33:51,025d8965a5cea5e2611f0f03755bb2aaa097deabc29ab7a7c21272fd2834d992,CURRENT,True
101498,P01498,8c9ee8b0c190648709df3a47e7d0e12780c26f61cb65ab8fe5d157d66ac71d1b,MEM7001498,GRP1018,OakStreet-East,817-36-6471,Joseph,Rodriguez,2003-08-12,F,+15204522627,7697 Market Rd,,Dallas,TX,75201,USA,"7697 Market Rd, Dallas, TX 75201, USA",PCP0111,Active,EHR,P01498,ING-PAT-20261005-01498,2026-10-05T11:12:54,2026-10-05T11:14:54,2024-01-22T11:14:54,2026-10-05T11:14:54,2026-10-05T08:05:54,ca89db91acb1d94507b6728ed89b84651518bf9149cb94424b38b063222dae56,CURRENT,True
101499,P01499,f02198e40c4123ce3af103f52f2d787676b0d73c35cc8d5690c08b0413cb7c5b,MEM7001499,GRP1019,OakStreet-Southwest,779-12-0984,Betty,Davis,1970-07-23,F,+12229029757,4512 Oak Ave,,Phoenix,AZ,85004,USA,"4512 Oak Ave, Phoenix, AZ 85004, USA",PCP0077,Active,EHR,P01499,ING-PAT-20261005-01499,2026-10-05T11:12:57,2026-10-05T11:14:57,2023-11-21T11:14:57,2026-10-05T11:14:57,2026-10-05T07:35:57,c5cb08ac25a7981e6bc99324e63f9f738586fb33cf2ad265690f634bf9f6bf92,CURRENT,True
101500,P01500,b82b2b4a86423ed695c6a944f18693c865ce912ab605324e329d628064ed37ee,MEM7001500,GRP1020,OakStreet-Central,637-30-4381,William,Davis,1974-08-13,M,+12958647626,876 Main St,Apt 989,Orlando,FL,32801,USA,"876 Main St Apt 989, Orlando, FL 32801, USA",PCP0060,Active,EHR,P01500,ING-PAT-20261005-01500,2026-10-05T11:13:00,2026-10-05T11:15:00,2022-11-24T11:15:00,2026-10-05T11:15:00,2026-10-05T09:31:00,a664063be9b55691fbe41a4fee56fe2b7a442ef12bdd313253e66c36bfec4f31,CURRENT,True
101501,P01501,a1f0a5554b0d64b32bd7fd4805ad0bb33016fc9ac686460230aa4dd86d3512c9,MEM7001501,GRP1021,OakStreet-South,826-73-6083,Mark,Smith,1948-03-12,F,+13602788819,9192 Main St,,San Antonio,TX,78205,USA,"9192 Main St, San Antonio, TX 78205, USA",PCP0090,Active,EHR,P01501,ING-PAT-20261005-01501,2026-10-05T11:13:03,2026-10-05T11:15:03,2021-12-26T11:15:03,2026-10-05T11:15:03,2026-10-05T10:40:03,d9fda8d2b37569ca3aeae3cb8cfbf73f21d9d0dca2f6df0f8559037b8a1544d8,CURRENT,True
101502,P01502,74333f110d955d28b80f8aceeed816b65237e635b90f7a076cb156513e1c8b5c,MEM7001502,GRP1022,OakStreet-East,734-76-3349,Susan,Martin,1946-03-20,M,+16604122584,2046 Washington Blvd,,Phoenix,AZ,85004,USA,"2046 Washington Blvd, Phoenix, AZ 85004, USA",PCP0027,Active,EHR,P01502,ING-PAT-20261005-01502,2026-10-05T11:13:06,2026-10-05T11:15:06,2022-09-12T11:15:06,2026-10-05T11:15:06,2026-10-05T07:46:06,aaacf7480fcc96ff31f631ce63a80c11a7ae3f88c4f73d783811b0a97145b42e,CURRENT,True
101503,P01503,23c0f8be152192f8df000b5f49b1054c26324bbb5132355f026f5da749f88161,MEM7001503,GRP1023,OakStreet-Southwest,624-12-7131,Ashley,Jackson,1981-02-17,M,+16273208240,2640 Market Ave,Apt 673,Chicago,IL,60601,USA,"2640 Market Ave Apt 673, Chicago, IL 60601, USA",PCP0076,Active,EHR,P01503,ING-PAT-20261005-01503,2026-10-05T11:13:09,2026-10-05T11:15:09,2023-11-30T11:15:09,2026-10-05T11:15:09,2026-10-05T10:56:09,d0ce21814de496dec74ef07cd6b709f824c2f70eb4613b88eb52e11cf72b1937,CURRENT,True
101504,P01504,6fc51a37354c29542e9fdd09f2caed13a459b28e70ae3a7cfd8ec0a43794f0cb,MEM7001504,GRP1024,OakStreet-Central,380-30-0077,Jennifer,Walker,1992-01-17,M,+12924154854,3271 Market Blvd,,Houston,TX,77005,USA,"3271 Market Blvd, Houston, TX 77005, USA",PCP0003,Active,EHR,P01504,ING-PAT-20261005-01504,2026-10-05T11:13:12,2026-10-05T11:15:12,2024-11-23T11:15:12,2026-10-05T11:15:12,2026-10-05T09:26:12,78b3170d9077e43fbf45a1ae3f2ec82a8f386318d3a51c82523ab86054767dc9,CURRENT,True
101505,P01505,a2a10553f1b93e116175d7180b8dd93f4faa305bd509aac987f9fd731d0802c7,MEM7001505,GRP1025,OakStreet-South,488-93-3046,Ashley,Brown,1976-07-12,M,+17465111872,8461 Lake Rd,,Houston,TX,77005,USA,"8461 Lake Rd, Houston, TX 77005, USA",PCP0118,Active,EHR,P01505,ING-PAT-20261005-01505,2026-10-05T11:13:15,2026-10-05T11:15:15,2025-07-15T11:15:15,2026-10-05T11:15:15,2026-10-05T07:36:15,e032c88a80612953b643add97016cc67a59ad45fc2264f4f41919e5b4084122c,CURRENT,True
101506,P01506,ef393de3ecb6f9ba620a4a135c0cd880e854e978d7ef5f8c06cbc57dfecd7568,MEM7001506,GRP1026,OakStreet-East,152-35-3719,Susan,White,1987-04-04,F,+13117368552,118 Pine Rd,,Phoenix,AZ,85004,USA,"118 Pine Rd, Phoenix, AZ 85004, USA",PCP0061,Active,EHR,P01506,ING-PAT-20261005-01506,2026-10-05T11:13:18,2026-10-05T11:15:18,2023-03-31T11:15:18,2026-10-05T11:15:18,2026-10-05T08:33:18,136a40f4fa0186f446301e0ad65c057e9f028d6efd83e01c5dd76c80da5b7af2,CURRENT,True
101507,P01507,15677fd38f1e777fd85fbedf43dd741a30fb44d9f6df86f5c0c8d1cb0a0ca0e8,MEM7001507,GRP1027,OakStreet-Southwest,333-33-1163,Jennifer,Perez,1987-11-13,F,+19672784017,1123 Park Ave,Apt 245,Orlando,FL,32801,USA,"1123 Park Ave Apt 245, Orlando, FL 32801, USA",PCP0120,Active,EHR,P01507,ING-PAT-20261005-01507,2026-10-05T11:13:21,2026-10-05T11:15:21,2025-06-21T11:15:21,2026-10-05T11:15:21,2026-10-05T08:46:21,d41b07f7e38bc1dd66ddbfb2cb577df112d9f9be031ccff6d4569237a5e967be,CURRENT,True
101508,P01508,2338f44e83e7d75df2b72f2027b24fc04075c5bf138307456293521bfd85208d,MEM7001508,GRP1028,OakStreet-Central,106-73-3637,Robert,Walker,1945-11-05,M,+18885823171,8017 Pine Ave,,Houston,TX,77024,USA,"8017 Pine Ave, Houston, TX 77024, USA",PCP0072,Active,EHR,P01508,ING-PAT-20261005-01508,2026-10-05T11:13:24,2026-10-05T11:15:24,2024-05-18T11:15:24,2026-10-05T11:15:24,2026-10-05T07:47:24,5e855406df41b895902c2a6b189d032d23a274ee194e75e5e75283f25832d003,CURRENT,True
101509,P01509,1be4ddc960b2058e32c19947e032a264fd09badcaed02177672281edd741df8b,MEM7001509,GRP1029,OakStreet-South,105-30-9098,Mary,Lewis,1959-08-12,M,+19224421514,5783 Market Rd,,Houston,TX,77002,USA,"5783 Market Rd, Houston, TX 77002, USA",PCP0051,Active,EHR,P01509,ING-PAT-20261005-01509,2026-10-05T11:13:27,2026-10-05T11:15:27,2024-02-28T11:15:27,2026-10-05T11:15:27,2026-10-05T08:44:27,faa81f4fd3ce045fbed799f80fda15cb6dc083775c254a85428ab48dcce56081,CURRENT,True
101510,P01510,916639507c93484e2ba8e00696ce4fd19fdd057c2ae7a84b2898027983c9bc4c,MEM7001510,GRP1030,OakStreet-East,669-64-6487,Richard,Martinez,1994-07-02,M,+15705456802,5019 Park Ave,Apt 879,San Antonio,TX,78205,USA,"5019 Park Ave Apt 879, San Antonio, TX 78205, USA",PCP0105,Active,EHR,P01510,ING-PAT-20261005-01510,2026-10-05T11:13:30,2026-10-05T11:15:30,2022-05-25T11:15:30,2026-10-05T11:15:30,2026-10-05T09:31:30,cbd7c8e4b6558d0cd37e3ced9e228920257910fdb03229cf017b2c957604be44,CURRENT,True
101511,P01511,84c3223a5748eb979c395812ceab40dbe6628cf19a89b74c35ce3388189035e6,MEM7001511,GRP1031,OakStreet-Southwest,607-57-6267,Margaret,Smith,2000-09-25,F,+16447725310,4615 Oak Ave,,Houston,TX,77024,USA,"4615 Oak Ave, Houston, TX 77024, USA",PCP0104,Active,EHR,P01511,ING-PAT-20261005-01511,2026-10-05T11:13:33,2026-10-05T11:15:33,2025-03-26T11:15:33,2026-10-05T11:15:33,2026-10-05T11:09:33,6918a6d511941cdd477208dd11ad882225f253a5a4ce83a3202bf4d34e80f67e,CURRENT,True
101512,P01512,e6af3cf5e10a5a7b22616ec5509713c42ca08be71418bae25860a4bf5af12137,MEM7001512,GRP1032,OakStreet-Central,378-95-6739,Anthony,Walker,1950-11-02,F,+13613558212,3056 Pine Blvd,,Austin,TX,78701,USA,"3056 Pine Blvd, Austin, TX 78701, USA",PCP0072,Active,EHR,P01512,ING-PAT-20261005-01512,2026-10-05T11:13:36,2026-10-05T11:15:36,2023-02-09T11:15:36,2026-10-05T11:15:36,2026-10-05T07:15:36,0b0cf3b00d9d7884bc8899b338260eabc5c2f49bb506c8b6788d3e6b431fa16e,CURRENT,True
101513,P01513,7855bf7d3c81462ba4680aff8f66ad6a92242190557809fa8b5a79c3d39cefa5,MEM7001513,GRP1033,OakStreet-South,172-76-4520,Nancy,Thompson,1947-05-19,M,+19582115900,3938 Pine Rd,,Dallas,TX,75201,USA,"3938 Pine Rd, Dallas, TX 75201, USA",PCP0031,Active,EHR,P01513,ING-PAT-20261005-01513,2026-10-05T11:13:39,2026-10-05T11:15:39,2022-07-03T11:15:39,2026-10-05T11:15:39,2026-10-05T10:07:39,822a958ac3f224f5afb664ec31cf3170dcc107302dd993345b54c115dfdba26e,CURRENT,True
101514,P01514,a45fcb25d9e7edebe8cb372c0200bc7906fbb56e1d3aa92d11a64568c3b2dc9b,MEM7001514,GRP1034,OakStreet-East,513-60-1438,Anthony,Davis,1998-05-28,M,+15263055182,854 Main St,,Atlanta,GA,30303,USA,"854 Main St, Atlanta, GA 30303, USA",PCP0081,Active,EHR,P01514,ING-PAT-20261005-01514,2026-10-05T11:13:42,2026-10-05T11:15:42,2023-02-05T11:15:42,2026-10-05T11:15:42,2026-10-05T09:35:42,8086e4c5e15478c0a1beab97fb00c6e0ab48dda370488b2b75dac21ebf225478,CURRENT,True
101515,P01515,91b962e50fff0c4e0ce1bebf7659decff83da105e83e7cbf3a5c29e25d586544,MEM7001515,GRP1035,OakStreet-Southwest,326-72-8002,John,Moore,1948-04-22,M,+18878072322,9833 Pine St,,Atlanta,GA,30303,USA,"9833 Pine St, Atlanta, GA 30303, USA",PCP0057,Active,EHR,P01515,ING-PAT-20261005-01515,2026-10-05T11:13:45,2026-10-05T11:15:45,2023-08-28T11:15:45,2026-10-05T11:15:45,2026-10-05T10:17:45,90b5a7818e0b574a8d422bf74076dad4404c5bb8054fec5a66593b979476d8f0,CURRENT,True
101516,P01516,9dc3ae5bcdfcea4742543bdd0e61849891c5882b3bfdcca1f889a32bfcca99fe,MEM7001516,GRP1036,OakStreet-Central,861-31-6120,Patricia,Moore,1986-05-18,F,+14014581026,3489 Washington St,,San Antonio,TX,78205,USA,"3489 Washington St, San Antonio, TX 78205, USA",PCP0077,Active,EHR,P01516,ING-PAT-20261005-01516,2026-10-05T11:13:48,2026-10-05T11:15:48,2023-01-25T11:15:48,2026-10-05T11:15:48,2026-10-05T10:16:48,48ed22565a1bcb079a3583c0a8a830bc71112a5ed5aac0546af2c980b7e7812f,CURRENT,True
101517,P01517,1c1c5f341509ddd2d0456105fd63796621b71da61adb04b48d1624bb18a4b55e,MEM7001517,GRP1037,OakStreet-South,193-42-7837,Anthony,Rodriguez,1975-07-24,F,+15728199599,6950 Washington St,,Orlando,FL,32801,USA,"6950 Washington St, Orlando, FL 32801, USA",PCP0001,Active,EHR,P01517,ING-PAT-20261005-01517,2026-10-05T11:13:51,2026-10-05T11:15:51,2022-06-04T11:15:51,2026-10-05T11:15:51,2026-10-05T10:43:51,c99c22d806ab9549f1f321a518e48f11a2ca9b88a9091626f2d167ecbaa27271,CURRENT,True
101518,P01518,e30280f1deb7bdd22f2d0d7a672091b2ad2c600b6183598cead21e875670a159,MEM7001518,GRP1038,OakStreet-East,484-58-7886,Jessica,Rodriguez,1949-09-13,M,+19555929810,2753 Main Blvd,,Houston,TX,77024,USA,"2753 Main Blvd, Houston, TX 77024, USA",PCP0053,Active,EHR,P01518,ING-PAT-20261005-01518,2026-10-05T11:13:54,2026-10-05T11:15:54,2022-03-26T11:15:54,2026-10-05T11:15:54,2026-10-05T09:46:54,86b73585780b4e144d17caba3bf3667cbcaef67a20b7701ae793e94c177c66c3,CURRENT,True
101519,P01519,a6a795fb2704593f023d2ce271afac16fc0f6f2859423a7e2b4fabc841d221fb,MEM7001519,GRP1039,OakStreet-Southwest,727-10-2564,Sarah,Clark,1954-03-08,M,+18104803135,951 Washington St,,Houston,TX,77002,USA,"951 Washington St, Houston, TX 77002, USA",PCP0093,Active,EHR,P01519,ING-PAT-20261005-01519,2026-10-05T11:13:57,2026-10-05T11:15:57,2025-12-03T11:15:57,2026-10-05T11:15:57,2026-10-05T10:54:57,df6047c2c62abe2a62c478c2900e330d4d949a1d518a637b4be7d04fd65b3f57,CURRENT,True
101520,P01520,8f3b40cd748cc75eeac7e81f490956992365a476ab9671a42397d30e248af392,MEM7001520,GRP1000,OakStreet-Central,821-97-3299,Lisa,Lewis,1998-05-15,M,+15162039043,6536 Washington Blvd,Apt 464,Chicago,IL,60601,USA,"6536 Washington Blvd Apt 464, Chicago, IL 60601, USA",PCP0084,Active,EHR,P01520,ING-PAT-20261005-01520,2026-10-05T11:14:00,2026-10-05T11:16:00,2025-08-10T11:16:00,2026-10-05T11:16:00,2026-10-05T07:56:00,df51d83d4022e4c73fe4b4e013989917b897735f1ab690abfb9f909157d6398e,CURRENT,True
101521,P01521,96266d02ec4a4e2b5f56bc55d53b778ecf505366cfe00e7397f2fb80bf343a75,MEM7001521,GRP1001,OakStreet-South,321-53-0171,Mary,Johnson,1936-09-13,F,+15697744839,5192 Main Rd,,Atlanta,GA,30303,USA,"5192 Main Rd, Atlanta, GA 30303, USA",PCP0004,Active,EHR,P01521,ING-PAT-20261005-01521,2026-10-05T11:14:03,2026-10-05T11:16:03,2023-08-12T11:16:03,2026-10-05T11:16:03,2026-10-05T09:02:03,6b661d73d80c4667082a36c0022a05abfab0ae0db6273878741272dd907d1b44,CURRENT,True
101522,P01522,6b10c439a3be1a83922652f18e42b3bfa52bbf06f243fa5c9c52544e2db88468,MEM7001522,GRP1002,OakStreet-East,881-84-3538,Susan,Moore,1982-07-19,F,+19135731099,495 Oak Rd,,Orlando,FL,32801,USA,"495 Oak Rd, Orlando, FL 32801, USA",PCP0018,Active,EHR,P01522,ING-PAT-20261005-01522,2026-10-05T11:14:06,2026-10-05T11:16:06,2025-11-09T11:16:06,2026-10-05T11:16:06,2026-10-05T09:06:06,b69012e29382940fb8edfe58df841863317bc3550c61c11f881fe6edb2597df3,CURRENT,True
101523,P01523,6bd0acbe3490f8e60e53e6d4a75329875409360d7c66d9aad68c7b850bc77e82,MEM7001523,GRP1003,OakStreet-Southwest,218-68-1562,Lisa,Williams,1967-07-04,F,+14327102225,7734 Washington St,,Phoenix,AZ,85004,USA,"7734 Washington St, Phoenix, AZ 85004, USA",PCP0097,Active,EHR,P01523,ING-PAT-20261005-01523,2026-10-05T11:14:09,2026-10-05T11:16:09,2023-04-04T11:16:09,2026-10-05T11:16:09,2026-10-05T08:33:09,37e93d0efc5a69032231ac48523c6ac1d8b8a9b520352d48dadf22218617b824,CURRENT,True
101524,P01524,601def0c64754464a04962f3be824aabf20e54b8c6184a5a90a65740d41df07b,MEM7001524,GRP1004,OakStreet-Central,691-85-3508,Matthew,Williams,2004-08-02,M,+18585854870,1227 Pine Blvd,Apt 196,Chicago,IL,60601,USA,"1227 Pine Blvd Apt 196, Chicago, IL 60601, USA",PCP0034,Active,EHR,P01524,ING-PAT-20261005-01524,2026-10-05T11:14:12,2026-10-05T11:16:12,2024-08-20T11:16:12,2026-10-05T11:16:12,2026-10-05T10:55:12,696a7d828c3accf6f3a16d204fd92ee299b8eda3a4ec56e6c036315ce1d994b3,CURRENT,True
101525,P01525,ed0cfd4eecdd43d3128fcb5d08a5760cbdf591216d24539b5893d0e2cffa792b,MEM7001525,GRP1005,OakStreet-South,618-55-1519,Robert,Lee,1990-03-11,F,+14459888659,8426 Market St,,Phoenix,AZ,85004,USA,"8426 Market St, Phoenix, AZ 85004, USA",PCP0118,Active,EHR,P01525,ING-PAT-20261005-01525,2026-10-05T11:14:15,2026-10-05T11:16:15,2024-09-27T11:16:15,2026-10-05T11:16:15,2026-10-05T09:27:15,36db607c9c513bcce6a7228cb1528807a1c2b1647187411a3fd825ab4d3c9651,CURRENT,True
101526,P01526,5f2ecd70c25f5a38a6ebf4dba61d1b885046cd9a691cf7809fa8da596077a83e,MEM7001526,GRP1006,OakStreet-East,805-81-8116,Mary,Rodriguez,2004-07-13,M,+17294132918,3272 Pine Ave,,Houston,TX,77005,USA,"3272 Pine Ave, Houston, TX 77005, USA",PCP0044,Active,EHR,P01526,ING-PAT-20261005-01526,2026-10-05T11:14:18,2026-10-05T11:16:18,2024-10-19T11:16:18,2026-10-05T11:16:18,2026-10-05T09:35:18,12fc10f632e26babfe578dea450eca8895692e800b159bd80ff5fd7047b2409f,CURRENT,True
101527,P01527,59651d0b9cc135b2346c05a7445060d442c0ab319133fcadf68b72eae106ceda,MEM7001527,GRP1007,OakStreet-Southwest,898-89-0347,Jennifer,Martin,1986-12-08,M,+12363711169,9045 Main Rd,,Houston,TX,77024,USA,"9045 Main Rd, Houston, TX 77024, USA",PCP0042,Active,EHR,P01527,ING-PAT-20261005-01527,2026-10-05T11:14:21,2026-10-05T11:16:21,2022-12-18T11:16:21,2026-10-05T11:16:21,2026-10-05T11:01:21,73b2294e11f8ede037b949ca791554a1e13cda9b46da792bcf11a7fe15cdc21d,CURRENT,True
101528,P01528,84a1f7e49c24a5cb24045bd87491b664b5755325b14920b0b4a479083031350c,MEM7001528,GRP1008,OakStreet-Central,415-94-6391,Patricia,Johnson,1936-10-25,F,+19733175204,3833 Washington Rd,Apt 39,Orlando,FL,32801,USA,"3833 Washington Rd Apt 39, Orlando, FL 32801, USA",PCP0006,Active,EHR,P01528,ING-PAT-20261005-01528,2026-10-05T11:14:24,2026-10-05T11:16:24,2022-03-03T11:16:24,2026-10-05T11:16:24,2026-10-05T08:00:24,6b3df43d81ecf76504df299dc595ed37f9678cb8dbf07a54e332430630fe234a,CURRENT,True
101529,P01529,8c7331db37913dd84bf713c6103e5307e5ac6c9126caa2d5e563b255a101b6d2,MEM7001529,GRP1009,OakStreet-South,869-79-5570,Joseph,Martinez,1979-08-12,M,+18697042408,2304 Oak St,,Orlando,FL,32801,USA,"2304 Oak St, Orlando, FL 32801, USA",PCP0058,Active,EHR,P01529,ING-PAT-20261005-01529,2026-10-05T11:14:27,2026-10-05T11:16:27,2023-02-09T11:16:27,2026-10-05T11:16:27,2026-10-05T07:51:27,95a5a3206521a7de4672bd2cc4b320c2817fd7a35bdaf433901461b8794e42b3,CURRENT,True
101530,P01530,27849e8750368261e0b2a0bef540fb53dfa5409b877c5adb69fbce6bcc2be473,MEM7001530,GRP1010,OakStreet-East,848-97-0956,Thomas,Harris,1969-11-25,M,+17579258937,6182 Pine Rd,,Houston,TX,77002,USA,"6182 Pine Rd, Houston, TX 77002, USA",PCP0064,Active,EHR,P01530,ING-PAT-20261005-01530,2026-10-05T11:14:30,2026-10-05T11:16:30,2023-03-04T11:16:30,2026-10-05T11:16:30,2026-10-05T09:04:30,4c0eabe1831f751019ea16797bda50af09cec9417d018bd1b0d383fb13a6dec0,CURRENT,True
101531,P01531,fc2cdacf2a0503777d2d97f95e5679b9d5eb113e088fd0a4bbb68dd18c1b73b3,MEM7001531,GRP1011,OakStreet-Southwest,324-49-6885,Jennifer,Clark,1986-09-10,F,+13274581693,6312 Washington Blvd,,Atlanta,GA,30303,USA,"6312 Washington Blvd, Atlanta, GA 30303, USA",PCP0114,Active,EHR,P01531,ING-PAT-20261005-01531,2026-10-05T11:14:33,2026-10-05T11:16:33,2021-11-29T11:16:33,2026-10-05T11:16:33,2026-10-05T10:50:33,28fe05b58898f079c11c7cc972c098214a67794633fb86b7e06dbb0c2c82fbb5,CURRENT,True
101532,P01532,3210020480d0c51affe4bdb7a54aa20fcbaa901720050674f2fb15a8cd27e0b1,MEM7001532,GRP1012,OakStreet-Central,879-96-5493,Margaret,Anderson,1952-11-24,M,+16052333526,7974 Lake Blvd,,Chicago,IL,60601,USA,"7974 Lake Blvd, Chicago, IL 60601, USA",PCP0023,Active,EHR,P01532,ING-PAT-20261005-01532,2026-10-05T11:14:36,2026-10-05T11:16:36,2024-05-30T11:16:36,2026-10-05T11:16:36,2026-10-05T09:05:36,df08725d4a83925a4905707567c870dbe40606e1a9156165541aa3c66b4303de,CURRENT,True
101533,P01533,e330d0e683a0108c29f38d70ef8b46e7e0bf6fedab2f0666d19a51124060f295,MEM7001533,GRP1013,OakStreet-South,655-57-9740,Michael,Rodriguez,1985-05-26,M,+13515588743,6813 Oak Blvd,Apt 677,Houston,TX,77005,USA,"6813 Oak Blvd Apt 677, Houston, TX 77005, USA",PCP0039,Active,EHR,P01533,ING-PAT-20261005-01533,2026-10-05T11:14:39,2026-10-05T11:16:39,2025-03-27T11:16:39,2026-10-05T11:16:39,2026-10-05T07:17:39,394c3c96bd60eb875b2cba9ea1440cf6e07a54eddc5ec4e2adbb6586621f3483,CURRENT,True
101534,P01534,219b50dd55b4cffccc2c6404a7ffa85e177e52da30102c6b736bef8b5e9c5625,MEM7001534,GRP1014,OakStreet-East,447-12-5943,Thomas,Wilson,1966-11-07,M,+16658019246,4565 Washington Blvd,,Houston,TX,77005,USA,"4565 Washington Blvd, Houston, TX 77005, USA",PCP0017,Active,EHR,P01534,ING-PAT-20261005-01534,2026-10-05T11:14:42,2026-10-05T11:16:42,2023-09-30T11:16:42,2026-10-05T11:16:42,2026-10-05T08:05:42,d42dd363a13c031771bf1bc2c29c17a044d7e305005b47934fcaa274f2e09da3,CURRENT,True
101535,P01535,b48cf9bc0d7bf3ca4ffbca0e7a7a73b40859040879da72b2327de64cb0b486d4,MEM7001535,GRP1015,OakStreet-Southwest,585-12-1446,Thomas,Williams,1982-03-13,M,+12665881981,957 Washington St,,Dallas,TX,75201,USA,"957 Washington St, Dallas, TX 75201, USA",PCP0011,Active,EHR,P01535,ING-PAT-20261005-01535,2026-10-05T11:14:45,2026-10-05T11:16:45,2023-02-13T11:16:45,2026-10-05T11:16:45,2026-10-05T08:39:45,3ce7353d07d98bc3dab2ca1bc2cc992ac8767a733fe720dba9a509d9998535ce,CURRENT,True
101536,P01536,e71d368d33fc05a222326b9e10f4bdb6f90c14dd867fd1d31e7771d7fd722ad9,MEM7001536,GRP1016,OakStreet-Central,528-73-7599,Margaret,Sanchez,1984-12-27,F,+19846869360,9046 Market Rd,,Atlanta,GA,30303,USA,"9046 Market Rd, Atlanta, GA 30303, USA",PCP0078,Active,EHR,P01536,ING-PAT-20261005-01536,2026-10-05T11:14:48,2026-10-05T11:16:48,2023-02-01T11:16:48,2026-10-05T11:16:48,2026-10-05T09:39:48,0f2aebd6a4f1dcc266681e93f5396a6664166f9cd80df39a7ae6d6014b95a3fd,CURRENT,True
101537,P01537,dfe1dd30cefe96927ae7bf44e0ab24fb7a3b2ca0aadb06b977f1500524223f9c,MEM7001537,GRP1017,OakStreet-South,457-36-7618,Nancy,Rodriguez,1972-02-02,F,+15714028699,9559 Lake Rd,,Orlando,FL,32801,USA,"9559 Lake Rd, Orlando, FL 32801, USA",PCP0082,Active,EHR,P01537,ING-PAT-20261005-01537,2026-10-05T11:14:51,2026-10-05T11:16:51,2023-09-01T11:16:51,2026-10-05T11:16:51,2026-10-05T07:32:51,d3a5a6a0898a18bcac4ef4c8573766b092b401fa70290974eaf61f0caf9903e8,CURRENT,True
101538,P01538,2193542bc80e609e584963c3b334368fd34014376b5fe7d5ea62489aa31986fb,MEM7001538,GRP1018,OakStreet-East,519-54-5710,Mary,Moore,1960-09-06,F,+16076626111,1599 Market St,,Dallas,TX,75201,USA,"1599 Market St, Dallas, TX 75201, USA",PCP0116,Inactive,EHR,P01538,ING-PAT-20261005-01538,2026-10-05T11:14:54,2026-10-05T11:16:54,2022-01-23T11:16:54,2026-10-05T11:16:54,2026-10-05T09:47:54,2e23650a105aff96872a350ec50d3fff32c532307f4a7c3c5bed89acf24562d0,CURRENT,True
101539,P01539,831524479733334af6b5d9e00057517031a6e5aa009d96cf46c2f7c8bf242d80,MEM7001539,GRP1019,OakStreet-Southwest,553-94-2360,John,Williams,1998-04-18,F,+12285494606,5950 Washington St,,Chicago,IL,60601,USA,"5950 Washington St, Chicago, IL 60601, USA",PCP0062,Active,EHR,P01539,ING-PAT-20261005-01539,2026-10-05T11:14:57,2026-10-05T11:16:57,2024-05-14T11:16:57,2026-10-05T11:16:57,2026-10-05T10:50:57,91c3ce4b5b47735d2d5492ed773359d36b2b41a8df9a1e2e3eb66472cbef9a11,CURRENT,True
101540,P01540,2d2a7182b75b37f9f42a548f7f65eb5e32fc06458e948503f5b730c75e746488,MEM7001540,GRP1020,OakStreet-Central,888-95-5176,Karen,Martin,1991-12-27,F,+19216196588,2166 Market Ave,,Orlando,FL,32801,USA,"2166 Market Ave, Orlando, FL 32801, USA",PCP0098,Active,EHR,P01540,ING-PAT-20261005-01540,2026-10-05T11:15:00,2026-10-05T11:17:00,2021-12-27T11:17:00,2026-10-05T11:17:00,2026-10-05T08:47:00,f20f35bff8282b99a9b97f6f9c263d9aac676404cde7be495af0ca110f84f28b,CURRENT,True
101541,P01541,a439774764804851a10651aabcc0952339dbfb1012da7506619c32a0daf098ac,MEM7001541,GRP1021,OakStreet-South,235-23-3061,Lisa,Martinez,1962-09-08,F,+12056946818,7946 Washington Blvd,,San Antonio,TX,78205,USA,"7946 Washington Blvd, San Antonio, TX 78205, USA",PCP0037,Active,EHR,P01541,ING-PAT-20261005-01541,2026-10-05T11:15:03,2026-10-05T11:17:03,2023-01-17T11:17:03,2026-10-05T11:17:03,2026-10-05T07:57:03,1aae742e3e4f16466a0ac875b2b72d4ca64450de7ea118049b527fac74150f87,CURRENT,True
101542,P01542,45252cd008ca3c084f02a44acdf715243f9dc7fc0211ebbb43744e9519630d56,MEM7001542,GRP1022,OakStreet-East,687-91-5128,Richard,Anderson,1971-02-07,M,+17567225154,7625 Market St,,Dallas,TX,75201,USA,"7625 Market St, Dallas, TX 75201, USA",PCP0073,Active,EHR,P01542,ING-PAT-20261005-01542,2026-10-05T11:15:06,2026-10-05T11:17:06,2023-05-17T11:17:06,2026-10-05T11:17:06,2026-10-05T08:48:06,6c66f67a54dffaed618995e7b4f02bafc885ba81c46d26853cad233b43db2dd1,CURRENT,True
101543,P01543,1f964ac3e682e96c4fadfe84c5a6a706cb68dd86faca68433d0179155248ef78,MEM7001543,GRP1023,OakStreet-Southwest,701-23-2958,Joseph,Lewis,1945-05-15,F,+17866886211,5289 Pine Rd,,Houston,TX,77024,USA,"5289 Pine Rd, Houston, TX 77024, USA",PCP0042,Active,EHR,P01543,ING-PAT-20261005-01543,2026-10-05T11:15:09,2026-10-05T11:17:09,2021-12-27T11:17:09,2026-10-05T11:17:09,2026-10-05T07:40:09,95194462fda3ea043bdc5c0ad858840dee55df8ddc1a78cf2504bc8227782c13,CURRENT,True
101544,P01544,f8b14c05b6d7c0c9ea1ceabc02ddb7032b982f424e95a421415e7858554ddb12,MEM7001544,GRP1024,OakStreet-Central,385-78-9469,Daniel,Lee,2002-05-16,M,+18638498704,6040 Lake Ave,,Orlando,FL,32801,USA,"6040 Lake Ave, Orlando, FL 32801, USA",PCP0022,Active,EHR,P01544,ING-PAT-20261005-01544,2026-10-05T11:15:12,2026-10-05T11:17:12,2022-08-16T11:17:12,2026-10-05T11:17:12,2026-10-05T07:35:12,8fd0af6d4b58440446afcf19c3b330bf5a1c5e6eda64a71dbbeeb8a73796836b,CURRENT,True
101545,P01545,92e6dbea49a790d7bc09c1164df096c39b1784048015f87203c57d78af8bacfb,MEM7001545,GRP1025,OakStreet-South,207-75-4315,Mary,Harris,1944-05-05,M,+15016512621,6962 Park Rd,,Chicago,IL,60601,USA,"6962 Park Rd, Chicago, IL 60601, USA",PCP0086,Active,EHR,P01545,ING-PAT-20261005-01545,2026-10-05T11:15:15,2026-10-05T11:17:15,2021-12-12T11:17:15,2026-10-05T11:17:15,2026-10-05T08:32:15,50d01a827c8e0960e45d398ecbdbd1f97532797f8e2c04883cac62434571430a,CURRENT,True
101546,P01546,0aeafd088cca37672be3f194acc50af6316187a57bf5bfa87b0229cf53b8f518,MEM7001546,GRP1026,OakStreet-East,743-41-6684,Betty,Harris,1978-06-13,F,+18457875824,6623 Market Ave,,Houston,TX,77002,USA,"6623 Market Ave, Houston, TX 77002, USA",PCP0053,Active,EHR,P01546,ING-PAT-20261005-01546,2026-10-05T11:15:18,2026-10-05T11:17:18,2025-04-24T11:17:18,2026-10-05T11:17:18,2026-10-05T07:31:18,1c412ce9f6f850a4c3369b908a0e5a2d52e8c782dc0711f1a418ae9c69c4acee,CURRENT,True
101547,P01547,cc6a07a8e7d48988ae15b96d1adf30175065ec2076afbf8d4798922b78f8270b,MEM7001547,GRP1027,OakStreet-Southwest,542-75-1836,David,Martinez,1965-12-04,M,+13278096036,8031 Pine St,,Atlanta,GA,30303,USA,"8031 Pine St, Atlanta, GA 30303, USA",PCP0104,Active,EHR,P01547,ING-PAT-20261005-01547,2026-10-05T11:15:21,2026-10-05T11:17:21,2024-12-27T11:17:21,2026-10-05T11:17:21,2026-10-05T07:43:21,791b5180ea377fa87dac5cc2fbc265ff1a9663a39338fe1cf397748749b0a983,CURRENT,True
101548,P01548,ecfc3187f78412651b0beb439dcba6baa0d4397892f7905f5e51508826d5ccd7,MEM7001548,GRP1028,OakStreet-Central,515-88-8471,Steven,Lewis,1975-04-02,M,+19029672022,9940 Oak Rd,,Phoenix,AZ,85004,USA,"9940 Oak Rd, Phoenix, AZ 85004, USA",PCP0064,Active,EHR,P01548,ING-PAT-20261005-01548,2026-10-05T11:15:24,2026-10-05T11:17:24,2024-01-01T11:17:24,2026-10-05T11:17:24,2026-10-05T07:41:24,20a874aca0100a4cdd80ad9b7152dd5e57bc53bc7ad7edfacc6f9ff240f3363c,CURRENT,True
101549,P01549,6e46ec8906305cfe327a01def9fe49c68486f0af0ad93dc953d2d24512ead97c,MEM7001549,GRP1029,OakStreet-South,444-34-2043,Thomas,White,1980-04-21,M,+15819768721,4886 Park Blvd,,Houston,TX,77005,USA,"4886 Park Blvd, Houston, TX 77005, USA",PCP0041,Active,EHR,P01549,ING-PAT-20261005-01549,2026-10-05T11:15:27,2026-10-05T11:17:27,2024-05-22T11:17:27,2026-10-05T11:17:27,2026-10-05T08:28:27,7b79d91c5b0915fa3bbcf0d38d5b4f95772feeef1d448669185d2b0e8698aed5,CURRENT,True
101550,P01550,0116e62036905e7ee82f426b914da48c180567e2fc8925a2c2893bc105debaa5,MEM7001550,GRP1030,OakStreet-East,876-22-7427,Mark,Moore,1946-02-12,F,+18383399449,5813 Park Rd,,Chicago,IL,60601,USA,"5813 Park Rd, Chicago, IL 60601, USA",PCP0084,Active,EHR,P01550,ING-PAT-20261005-01550,2026-10-05T11:15:30,2026-10-05T11:17:30,2022-03-30T11:17:30,2026-10-05T11:17:30,2026-10-05T10:31:30,7256ca52beeb02c0c981a6dd2d57fe67253785a02273d5af06a779290693eb73,CURRENT,True
101551,P01551,89db1c26738ee6901e6cb754c450224f88b6a2dc8499c46854f879e3f902a859,MEM7001551,GRP1031,OakStreet-Southwest,536-18-3488,William,Wilson,1979-12-23,M,+17339389158,5999 Lake Blvd,,Houston,TX,77024,USA,"5999 Lake Blvd, Houston, TX 77024, USA",PCP0044,Active,EHR,P01551,ING-PAT-20261005-01551,2026-10-05T11:15:33,2026-10-05T11:17:33,2022-09-21T11:17:33,2026-10-05T11:17:33,2026-10-05T08:15:33,d54280d10034839333cdd595982ee989c472fce190376c92d508db75bfc239c1,CURRENT,True
101552,P01552,6180255045ad334785338628111fa1153e6c14ded384430ab6129537c79e2806,MEM7001552,GRP1032,OakStreet-Central,275-49-3820,Thomas,Hernandez,1972-09-02,F,+14735445648,220 Oak Blvd,,Chicago,IL,60601,USA,"220 Oak Blvd, Chicago, IL 60601, USA",PCP0107,Active,EHR,P01552,ING-PAT-20261005-01552,2026-10-05T11:15:36,2026-10-05T11:17:36,2022-11-05T11:17:36,2026-10-05T11:17:36,2026-10-05T08:09:36,3359c39ddc14460aa0c91d33cd260525dd623862eb7e0dc691d59cb438f391cd,CURRENT,True
101553,P01553,621e3ea1bf6a58143f2a1140de0493f0cfe356500e983d0a002aa8a3e9c10f23,MEM7001553,GRP1033,OakStreet-South,167-94-8481,Mary,Taylor,1988-11-27,F,+16157169068,1899 Park Blvd,,Atlanta,GA,30303,USA,"1899 Park Blvd, Atlanta, GA 30303, USA",PCP0037,Active,EHR,P01553,ING-PAT-20261005-01553,2026-10-05T11:15:39,2026-10-05T11:17:39,2024-07-08T11:17:39,2026-10-05T11:17:39,2026-10-05T09:35:39,8f4fc77319ca8bb65afa5f4f6f2213c6e2fa8a76f19b05509c77ef12eb08d220,CURRENT,True
101554,P01554,789421c04a4be46c6ee9e83846442bc023e301e5de0db2d9054c6ba12b580167,MEM7001554,GRP1034,OakStreet-East,689-99-4141,Steven,Garcia,1999-10-20,M,+17617272083,861 Main Blvd,,San Antonio,TX,78205,USA,"861 Main Blvd, San Antonio, TX 78205, USA",PCP0055,Active,EHR,P01554,ING-PAT-20261005-01554,2026-10-05T11:15:42,2026-10-05T11:17:42,2022-08-26T11:17:42,2026-10-05T11:17:42,2026-10-05T08:39:42,95a2816ed0beb6d5738d6afaab0253c7e886aef7b71b1b76b607f652011e652b,CURRENT,True
101555,P01555,acf33285f14dcd9a6bcb145a4b488835b8c806112311d187632ae91c776f3953,MEM7001555,GRP1035,OakStreet-Southwest,184-38-2933,Margaret,Davis,2002-06-27,F,+12258968413,3664 Lake Ave,,Houston,TX,77024,USA,"3664 Lake Ave, Houston, TX 77024, USA",PCP0010,Inactive,EHR,P01555,ING-PAT-20261005-01555,2026-10-05T11:15:45,2026-10-05T11:17:45,2023-10-27T11:17:45,2026-10-05T11:17:45,2026-10-05T11:09:45,557c09cf573e0878b1cf5cf54ef8dadf0934a7577d5c2edc5449677cbdc10686,CURRENT,True
101556,P01556,f5e0290b21ab77905160a1c1cd40d14b3d6bf2771eb45dfd144a4b2013e1214d,MEM7001556,GRP1036,OakStreet-Central,524-51-5920,Matthew,Jackson,1981-07-06,M,+19445179479,1544 Market Blvd,,Orlando,FL,32801,USA,"1544 Market Blvd, Orlando, FL 32801, USA",PCP0051,Active,EHR,P01556,ING-PAT-20261005-01556,2026-10-05T11:15:48,2026-10-05T11:17:48,2023-04-22T11:17:48,2026-10-05T11:17:48,2026-10-05T11:07:48,96df2fd8dcb77eb4de4a5aed732e648c0ced7055b26e35f5d1253be1a86135ae,CURRENT,True
101557,P01557,05bd01af360d16324a04f197d33728dd0c2d01455f387802a9fc098f598454a1,MEM7001557,GRP1037,OakStreet-South,204-92-7360,Richard,White,1996-06-13,F,+12399786921,9991 Main Rd,,Austin,TX,78701,USA,"9991 Main Rd, Austin, TX 78701, USA",PCP0110,Active,EHR,P01557,ING-PAT-20261005-01557,2026-10-05T11:15:51,2026-10-05T11:17:51,2024-08-11T11:17:51,2026-10-05T11:17:51,2026-10-05T07:25:51,1e35e4594a006025899341fd707d76fee19b87470e5ec8080cf20e1a8b62158c,CURRENT,True
101558,P01558,5b014a19c5adef55019c81063bd43ed8ee6e60acd64abdd1807653f4d438d04c,MEM7001558,GRP1038,OakStreet-East,608-34-2108,Matthew,Sanchez,1997-02-28,F,+17514331234,6822 Oak Rd,,Austin,TX,78701,USA,"6822 Oak Rd, Austin, TX 78701, USA",PCP0077,Active,EHR,P01558,ING-PAT-20261005-01558,2026-10-05T11:15:54,2026-10-05T11:17:54,2024-09-18T11:17:54,2026-10-05T11:17:54,2026-10-05T08:08:54,a65c1c4657ef4ae77be6ff0e3e925e2f81789fbcadbfbd80c7e06ec0d5bfdb08,CURRENT,True
101559,P01559,44e9819c178a4feb75938b85bc2d050a0e204ff543dfa5d51043debfc96aed9a,MEM7001559,GRP1039,OakStreet-Southwest,550-95-4766,Nancy,Hernandez,1956-04-26,M,+19477525765,520 Oak Rd,,Phoenix,AZ,85004,USA,"520 Oak Rd, Phoenix, AZ 85004, USA",PCP0104,Active,EHR,P01559,ING-PAT-20261005-01559,2026-10-05T11:15:57,2026-10-05T11:17:57,2022-03-22T11:17:57,2026-10-05T11:17:57,2026-10-05T10:19:57,3be1faeae637443a576ad2aca60b971c63d4e86eb7d399134a32f4a2912c4527,CURRENT,True
101560,P01560,d8c4e4e8460bf53e0c65cafe1b82cf8cfd64860076e7d6f2e2d24b68d0e112cb,MEM7001560,GRP1000,OakStreet-Central,855-47-1198,David,Robinson,1947-03-24,F,+17176511706,8652 Main St,,Houston,TX,77024,USA,"8652 Main St, Houston, TX 77024, USA",PCP0116,Active,EHR,P01560,ING-PAT-20261005-01560,2026-10-05T11:16:00,2026-10-05T11:18:00,2025-03-17T11:18:00,2026-10-05T11:18:00,2026-10-05T10:56:00,c26fb8f53361a9117e6247b4d5ef68db7bef0b5fb32b31bd433f96bb531d06ce,CURRENT,True
101561,P01561,c38d2ae4e28e6747ac2498d61abc8db0407de32af738c460797dab91e62d1807,MEM7001561,GRP1001,OakStreet-South,786-16-7095,Robert,Rodriguez,2004-11-07,F,+17355332224,724 Oak St,,San Antonio,TX,78205,USA,"724 Oak St, San Antonio, TX 78205, USA",PCP0013,Active,EHR,P01561,ING-PAT-20261005-01561,2026-10-05T11:16:03,2026-10-05T11:18:03,2024-01-29T11:18:03,2026-10-05T11:18:03,2026-10-05T09:37:03,a61db4d127178b9b2af66f3a544da14fdb475985888b355776cf5b3bba824546,CURRENT,True
101562,P01562,e6365dc18882048ea8dc1e6fee03302916016214a220af3681da9deda14bbb14,MEM7001562,GRP1002,OakStreet-East,251-52-0011,Thomas,Walker,1994-12-14,M,+12086264896,9974 Washington Blvd,,Austin,TX,78701,USA,"9974 Washington Blvd, Austin, TX 78701, USA",PCP0085,Active,EHR,P01562,ING-PAT-20261005-01562,2026-10-05T11:16:06,2026-10-05T11:18:06,2023-05-05T11:18:06,2026-10-05T11:18:06,2026-10-05T08:02:06,66ced673c7835acd7a3367253efccb7db9de46adffbb0fef5ec2d6f75ce74496,CURRENT,True
101563,P01563,56d2714da73a6594b3303ac434123a85ef7d1a7d7889d842354fc219dabc9241,MEM7001563,GRP1003,OakStreet-Southwest,382-86-2216,Ashley,Moore,1946-07-09,F,+12495121406,2157 Washington St,,Houston,TX,77005,USA,"2157 Washington St, Houston, TX 77005, USA",PCP0019,Active,EHR,P01563,ING-PAT-20261005-01563,2026-10-05T11:16:09,2026-10-05T11:18:09,2022-06-22T11:18:09,2026-10-05T11:18:09,2026-10-05T09:13:09,fe5846cdcccf2cd4e1f637f6de2dfe7289e03fa83f5c3250a9b95eaf6a9c86e1,CURRENT,True
101564,P01564,9587374be365a55f63ae381ff16474e42bac2b99550e7c59425f2f749407bf81,MEM7001564,GRP1004,OakStreet-Central,774-82-1197,William,White,1965-11-17,F,+14822004635,9326 Oak Blvd,,Dallas,TX,75201,USA,"9326 Oak Blvd, Dallas, TX 75201, USA",PCP0061,Active,EHR,P01564,ING-PAT-20261005-01564,2026-10-05T11:16:12,2026-10-05T11:18:12,2025-06-17T11:18:12,2026-10-05T11:18:12,2026-10-05T10:16:12,5a7cbba2aa7b4d55d1e8cba59ff024b272e2c25a6c9ef13f9d0e19895a5e20c9,CURRENT,True
101565,P01565,1956da60a53e72eb20073485c3b25a43b30bc74dccd95b89d1ed683f7505e50b,MEM7001565,GRP1005,OakStreet-South,291-75-3317,Matthew,Taylor,1960-08-02,M,+13862716623,194 Park Rd,,Chicago,IL,60601,USA,"194 Park Rd, Chicago, IL 60601, USA",PCP0058,Active,EHR,P01565,ING-PAT-20261005-01565,2026-10-05T11:16:15,2026-10-05T11:18:15,2023-05-06T11:18:15,2026-10-05T11:18:15,2026-10-05T07:20:15,3e2b554e2c970f5343dd20f8bc7d604334cf7ee037e06f6f85534e1bb44c19d7,CURRENT,True
101566,P01566,2b91c6597c22072b8b6cd61561e96aebfa47bd971544b3fcfda930029c822b0f,MEM7001566,GRP1006,OakStreet-East,677-13-6691,James,Jones,1945-05-04,F,+16252689840,4289 Market Ave,,San Antonio,TX,78205,USA,"4289 Market Ave, San Antonio, TX 78205, USA",PCP0074,Active,EHR,P01566,ING-PAT-20261005-01566,2026-10-05T11:16:18,2026-10-05T11:18:18,2025-11-29T11:18:18,2026-10-05T11:18:18,2026-10-05T09:17:18,d86f64d1929d0df56d98ee59c4f6247efcd5eb87ba23e5638582207f36bb6c6f,CURRENT,True
101567,P01567,49028a00b95860025d2a97d56fc0f9bd61feefd1a697315a8c45aa519dfcea45,MEM7001567,GRP1007,OakStreet-Southwest,595-82-1311,Joseph,Gonzalez,1963-10-15,F,+18352512791,9742 Lake Rd,,Houston,TX,77005,USA,"9742 Lake Rd, Houston, TX 77005, USA",PCP0049,Active,EHR,P01567,ING-PAT-20261005-01567,2026-10-05T11:16:21,2026-10-05T11:18:21,2023-11-13T11:18:21,2026-10-05T11:18:21,2026-10-05T10:15:21,bd3c366cdc5e3bd76ea241cd61c74f27f1b2f3382c4da686b1c282315ae90070,CURRENT,True
101568,P01568,5e7c7da2b57f2f54a403cd6d05003aa360f6d005618039d2476c9a1ff471eb8c,MEM7001568,GRP1008,OakStreet-Central,178-96-0545,Betty,Jackson,1979-05-19,F,+17726888253,729 Market St,,San Antonio,TX,78205,USA,"729 Market St, San Antonio, TX 78205, USA",PCP0026,Inactive,EHR,P01568,ING-PAT-20261005-01568,2026-10-05T11:16:24,2026-10-05T11:18:24,2022-04-29T11:18:24,2026-10-05T11:18:24,2026-10-05T08:53:24,5c6512963375149d05def2582d1878f748e49bb20e83829e7eaca356d25a90ba,CURRENT,True
101569,P01569,66fc6dc59d8f9e991211c9f07a4a56ba2e1a62200f31fff2d2ec56d76c7cb195,MEM7001569,GRP1009,OakStreet-South,733-76-5708,Betty,Anderson,1999-11-01,F,+18967636433,4412 Park Ave,Apt 911,San Antonio,TX,78205,USA,"4412 Park Ave Apt 911, San Antonio, TX 78205, USA",PCP0051,Active,EHR,P01569,ING-PAT-20261005-01569,2026-10-05T11:16:27,2026-10-05T11:18:27,2022-03-22T11:18:27,2026-10-05T11:18:27,2026-10-05T08:43:27,b2c3aff12e597e2afd1f6067fdab27d8c807d37a3c0a54f872b2c8d1bdb4db30,CURRENT,True
101570,P01570,c767cada3d302cc3b54117e393c883f1e44fb09b482a196efc4a3ac607e0c2c1,MEM7001570,GRP1010,OakStreet-East,370-44-0492,Charles,Robinson,1960-12-02,M,+12402685006,5116 Oak St,,San Antonio,TX,78205,USA,"5116 Oak St, San Antonio, TX 78205, USA",PCP0045,Active,EHR,P01570,ING-PAT-20261005-01570,2026-10-05T11:16:30,2026-10-05T11:18:30,2023-10-27T11:18:30,2026-10-05T11:18:30,2026-10-05T10:48:30,c53edb73f538e9851e26d43f61f96e191c31db60c4d3bb4543ebd55a7ec6ab8e,CURRENT,True
101571,P01571,166834d1ee844c652235b3ba6e9201ffcf786c6166ad2641672a3298a901fd92,MEM7001571,GRP1011,OakStreet-Southwest,138-16-3974,Richard,Perez,1980-06-06,M,+17164005247,838 Oak Rd,,Houston,TX,77024,USA,"838 Oak Rd, Houston, TX 77024, USA",PCP0056,Active,EHR,P01571,ING-PAT-20261005-01571,2026-10-05T11:16:33,2026-10-05T11:18:33,2023-11-03T11:18:33,2026-10-05T11:18:33,2026-10-05T10:14:33,501c7addeb887930c9fd1604bbf7a44e8c8cbbb9acd6d458704806dc45be74d6,CURRENT,True
101572,P01572,2f9c62826a84eff3162e7e7cbcb4c808b7f2fb55fa53d71e906fbf6d74fbcf0d,MEM7001572,GRP1012,OakStreet-Central,519-67-3709,Daniel,Miller,1951-08-11,F,+19349132176,5362 Main Blvd,,Chicago,IL,60601,USA,"5362 Main Blvd, Chicago, IL 60601, USA",PCP0037,Active,EHR,P01572,ING-PAT-20261005-01572,2026-10-05T11:16:36,2026-10-05T11:18:36,2023-03-04T11:18:36,2026-10-05T11:18:36,2026-10-05T10:55:36,1112ed5c58231a5f258e2f2eb7c7398f2ba85c5a35e399c9ece2a2b71f0b05aa,CURRENT,True
101573,P01573,389e56b15d68064dad5e66104f86c8140de68308ad77f8ca7354351a1d3b4532,MEM7001573,GRP1013,OakStreet-South,533-57-4408,Richard,Moore,1952-08-28,M,+19547336724,2030 Oak Rd,,Chicago,IL,60601,USA,"2030 Oak Rd, Chicago, IL 60601, USA",PCP0051,Active,EHR,P01573,ING-PAT-20261005-01573,2026-10-05T11:16:39,2026-10-05T11:18:39,2024-02-27T11:18:39,2026-10-05T11:18:39,2026-10-05T10:57:39,d58f2ea9a2a1e52726d3713fa4529af26dbb907d6c46b7fe809e8d78025f6cd5,CURRENT,True
101574,P01574,39e9826670ffee1abd3805529f1d8e63c18a904a18b17bd78ea8b6e080f4c7cb,MEM7001574,GRP1014,OakStreet-East,284-81-3160,Thomas,Anderson,1982-05-23,M,+16995057123,4022 Pine Ave,Apt 262,Austin,TX,78701,USA,"4022 Pine Ave Apt 262, Austin, TX 78701, USA",PCP0106,Active,EHR,P01574,ING-PAT-20261005-01574,2026-10-05T11:16:42,2026-10-05T11:18:42,2023-06-16T11:18:42,2026-10-05T11:18:42,2026-10-05T07:18:42,9d757c2200e0512f5beb0ca3cf6a6a5aae4d15abd2126bff0e0f5ab2bbbe44bf,CURRENT,True
101575,P01575,2c772199221c78ee5ead253fb8a4b18372c2ec1757098592930553a0b0ef0271,MEM7001575,GRP1015,OakStreet-Southwest,628-66-8560,Betty,Garcia,1984-11-12,M,+16339216653,1545 Park Rd,Apt 10,Phoenix,AZ,85004,USA,"1545 Park Rd Apt 10, Phoenix, AZ 85004, USA",PCP0029,Active,EHR,P01575,ING-PAT-20261005-01575,2026-10-05T11:16:45,2026-10-05T11:18:45,2023-10-29T11:18:45,2026-10-05T11:18:45,2026-10-05T09:29:45,dab2c24dd6758fb25433335951f7e9ec9516fed9a7247b1972e6313014ef2127,CURRENT,True
101576,P01576,bca6ff5ceaac53308cf80339ea0403660210a98ec10ba6a3bfadaad0d8a3d1bd,MEM7001576,GRP1016,OakStreet-Central,126-39-2824,Elizabeth,Jones,1967-09-24,M,+19795234876,8277 Pine Blvd,,Houston,TX,77002,USA,"8277 Pine Blvd, Houston, TX 77002, USA",PCP0115,Active,EHR,P01576,ING-PAT-20261005-01576,2026-10-05T11:16:48,2026-10-05T11:18:48,2024-09-16T11:18:48,2026-10-05T11:18:48,2026-10-05T08:59:48,be256614860aec9b89d02976e80cdcb3a5e46e1af89eaa7712a4194e143329c5,CURRENT,True
101577,P01577,105649d90bef772e86393664ef6bb91ea4480aba2973bebe871ece65073671c2,MEM7001577,GRP1017,OakStreet-South,793-24-1229,Barbara,Lewis,1970-04-10,M,+13962483445,4782 Market St,,San Antonio,TX,78205,USA,"4782 Market St, San Antonio, TX 78205, USA",PCP0086,Active,EHR,P01577,ING-PAT-20261005-01577,2026-10-05T11:16:51,2026-10-05T11:18:51,2023-10-29T11:18:51,2026-10-05T11:18:51,2026-10-05T10:54:51,735e05729612600cb7e44e4ce6335c310ebbbe2fdf55387ab3c030b13b247844,CURRENT,True
101578,P01578,711bad8e2ed7a624c0572c65c132732d44d13915309b390c7d2ccd924179ef11,MEM7001578,GRP1018,OakStreet-East,149-56-6821,James,Martin,1992-04-24,F,+19776564131,7165 Market Ave,,San Antonio,TX,78205,USA,"7165 Market Ave, San Antonio, TX 78205, USA",PCP0054,Active,EHR,P01578,ING-PAT-20261005-01578,2026-10-05T11:16:54,2026-10-05T11:18:54,2021-11-14T11:18:54,2026-10-05T11:18:54,2026-10-05T11:14:54,6628c82836fbf2bdfbca068fdb8026ab289a3ec8a1861c2a58e1b3adb82a21f3,CURRENT,True
101579,P01579,8a799433906f332ddfde53882e39d6a17cadd69fd6286d5ed567cd91dcf798c4,MEM7001579,GRP1019,OakStreet-Southwest,252-93-1343,Steven,Smith,1989-07-25,F,+13392357048,9946 Market Rd,,Atlanta,GA,30303,USA,"9946 Market Rd, Atlanta, GA 30303, USA",PCP0120,Active,EHR,P01579,ING-PAT-20261005-01579,2026-10-05T11:16:57,2026-10-05T11:18:57,2024-01-11T11:18:57,2026-10-05T11:18:57,2026-10-05T10:15:57,d4afa2f53b146cd1bb7019b09783473bf5017a59836a4624fcd775af91a078ac,CURRENT,True
101580,P01580,0c79801701b3273cc7ab4a1a94f95c091e6db19b73ab4d53e15e4c44cd1a4e9d,MEM7001580,GRP1020,OakStreet-Central,757-44-1262,William,Gonzalez,1989-04-21,F,+18016417423,6021 Lake Rd,,San Antonio,TX,78205,USA,"6021 Lake Rd, San Antonio, TX 78205, USA",PCP0053,Active,EHR,P01580,ING-PAT-20261005-01580,2026-10-05T11:17:00,2026-10-05T11:19:00,2024-05-10T11:19:00,2026-10-05T11:19:00,2026-10-05T10:15:00,d7b6a230c8e18ebac792a3d1d3ac5e0bcd641059c21666e9d43e73e82726e453,CURRENT,True
101581,P01581,bcd10722cb50f569a3fd6c12277795c09c2588926c403d730920e09820a7c929,MEM7001581,GRP1021,OakStreet-South,342-89-1294,Mary,Clark,1988-05-09,F,+15786629117,8177 Main St,,Houston,TX,77002,USA,"8177 Main St, Houston, TX 77002, USA",PCP0040,Active,EHR,P01581,ING-PAT-20261005-01581,2026-10-05T11:17:03,2026-10-05T11:19:03,2025-03-18T11:19:03,2026-10-05T11:19:03,2026-10-05T11:01:03,57464ea62d6e05b47107b5f0c650629cc5c72fdd26a03759537e801419882fc0,CURRENT,True
101582,P01582,02f64815562990226c97e07a537f225fd08adbd121b9b514bc17abe2ec73c695,MEM7001582,GRP1022,OakStreet-East,331-39-5489,Daniel,Wilson,1963-05-07,F,+18585215874,571 Oak Ave,,Houston,TX,77005,USA,"571 Oak Ave, Houston, TX 77005, USA",PCP0087,Active,EHR,P01582,ING-PAT-20261005-01582,2026-10-05T11:17:06,2026-10-05T11:19:06,2024-04-20T11:19:06,2026-10-05T11:19:06,2026-10-05T08:05:06,01d4ab8a38d32e3c1cfdec2d506c42a27774529e104fca10814b783d241c9d10,CURRENT,True
101583,P01583,e09a75d3dbac898cd3d1dde598a1b4d2d366957a6b4bee3ef767ced76f28592d,MEM7001583,GRP1023,OakStreet-Southwest,213-75-1830,Susan,Moore,1952-05-14,F,+16686646590,2821 Main Ave,,Atlanta,GA,30303,USA,"2821 Main Ave, Atlanta, GA 30303, USA",PCP0022,Inactive,EHR,P01583,ING-PAT-20261005-01583,2026-10-05T11:17:09,2026-10-05T11:19:09,2025-12-05T11:19:09,2026-10-05T11:19:09,2026-10-05T08:49:09,2900145d48f1e248042ea3462fc801352f4dc7f7f0e67ec47c483078540a4cef,CURRENT,True
101584,P01584,171f59a41b0d486c396433c41ee695af7462b92a6c8d55267ab12c218de60c6b,MEM7001584,GRP1024,OakStreet-Central,200-10-3470,Margaret,Thompson,1972-08-21,F,+17313341264,6526 Oak St,,Dallas,TX,75201,USA,"6526 Oak St, Dallas, TX 75201, USA",PCP0054,Active,EHR,P01584,ING-PAT-20261005-01584,2026-10-05T11:17:12,2026-10-05T11:19:12,2023-02-13T11:19:12,2026-10-05T11:19:12,2026-10-05T08:58:12,3601f5299e5df547ad57c11cbcdd76aca88297b421a6c39928b5ab0e1757ad69,CURRENT,True
101585,P01585,d3d1501c4b7ae35d5eb56dbd6f463f8f5d76982a6f632c8283b3837d465a6a44,MEM7001585,GRP1025,OakStreet-South,320-77-2381,Mark,Rodriguez,1950-01-05,F,+15843237089,6812 Oak St,Apt 377,Houston,TX,77005,USA,"6812 Oak St Apt 377, Houston, TX 77005, USA",PCP0085,Active,EHR,P01585,ING-PAT-20261005-01585,2026-10-05T11:17:15,2026-10-05T11:19:15,2024-12-20T11:19:15,2026-10-05T11:19:15,2026-10-05T10:18:15,e6d4b064a2b0867e58e1c4dbd43d5b264b33cf477b7c9d522621c365027b51eb,CURRENT,True
101586,P01586,2e72c8fffd0e381923e62ca41e7370c861661f20b9f407b84c9059e3a7cc02a1,MEM7001586,GRP1026,OakStreet-East,762-13-5843,Michael,Perez,1954-02-08,F,+17194864969,3061 Oak Ave,Apt 434,Houston,TX,77002,USA,"3061 Oak Ave Apt 434, Houston, TX 77002, USA",PCP0098,Active,EHR,P01586,ING-PAT-20261005-01586,2026-10-05T11:17:18,2026-10-05T11:19:18,2023-11-01T11:19:18,2026-10-05T11:19:18,2026-10-05T07:25:18,4fa100973d10945a12b6c3161614045a3f1cc0855baccda9cfba2c7e22c6cc30,CURRENT,True
101587,P01587,df53725710386b65986024adedb2feeaf736ca83250f30a27f18cfa465e30d25,MEM7001587,GRP1027,OakStreet-Southwest,311-92-3187,Anthony,Lopez,1984-06-19,F,+12562916036,1631 Washington Blvd,Apt 258,Chicago,IL,60601,USA,"1631 Washington Blvd Apt 258, Chicago, IL 60601, USA",PCP0113,Active,EHR,P01587,ING-PAT-20261005-01587,2026-10-05T11:17:21,2026-10-05T11:19:21,2024-07-19T11:19:21,2026-10-05T11:19:21,2026-10-05T10:38:21,6a8bab5e5079bb3db391bb5b4bad597ab3f3d5c1235236336ec246e0e8972a06,CURRENT,True
101588,P01588,5f280ece0a630526157d65ae55b496753582afdb1607e63661a53fd1fa4ae37a,MEM7001588,GRP1028,OakStreet-Central,451-50-6508,Sarah,Jones,1958-10-01,M,+15613371321,4138 Pine Blvd,Apt 701,Phoenix,AZ,85004,USA,"4138 Pine Blvd Apt 701, Phoenix, AZ 85004, USA",PCP0093,Active,EHR,P01588,ING-PAT-20261005-01588,2026-10-05T11:17:24,2026-10-05T11:19:24,2022-02-02T11:19:24,2026-10-05T11:19:24,2026-10-05T07:57:24,980dff0e4dd80b9244cf6367683a2c79bf8ac4993353a97aab0a3374b52337fd,CURRENT,True
101589,P01589,bc8c891a8e210418cfa847bb36a46845efa3f6e60a461fb8b00723393d1c0685,MEM7001589,GRP1029,OakStreet-South,240-70-0583,Michael,Williams,2003-10-19,F,+12923259371,5349 Lake Ave,,Chicago,IL,60601,USA,"5349 Lake Ave, Chicago, IL 60601, USA",PCP0054,Active,EHR,P01589,ING-PAT-20261005-01589,2026-10-05T11:17:27,2026-10-05T11:19:27,2025-01-31T11:19:27,2026-10-05T11:19:27,2026-10-05T07:20:27,650a97e2899af47486aecdf18703fc271718198189f15d66d73fc7d01c089bc3,CURRENT,True
101590,P01590,5879b62404d171524fdfc65f777c8ba0a80dc84dbbb42535f9f0bb89d144ee14,MEM7001590,GRP1030,OakStreet-East,590-85-3647,Steven,Jones,1973-06-09,M,+14612579309,8124 Pine St,Apt 637,Orlando,FL,32801,USA,"8124 Pine St Apt 637, Orlando, FL 32801, USA",PCP0100,Active,EHR,P01590,ING-PAT-20261005-01590,2026-10-05T11:17:30,2026-10-05T11:19:30,2022-04-17T11:19:30,2026-10-05T11:19:30,2026-10-05T09:29:30,a3692a566918283bb9b453d78383e86507f80f0331b74ba9a7355209c3ddbb36,CURRENT,True
101591,P01591,1adbfaab6e35a1691dab2af1dea674e246339cc93d2c0d241f7a0a4d51ca4414,MEM7001591,GRP1031,OakStreet-Southwest,197-92-8611,Anthony,Martinez,1975-03-24,M,+13549783458,1318 Lake Ave,,Houston,TX,77024,USA,"1318 Lake Ave, Houston, TX 77024, USA",PCP0093,Active,EHR,P01591,ING-PAT-20261005-01591,2026-10-05T11:17:33,2026-10-05T11:19:33,2022-03-29T11:19:33,2026-10-05T11:19:33,2026-10-05T07:40:33,3c017699fdc4ed752c6a3a7bc8db22a096c68a978d933e0b08d0c9b8c3df6f99,CURRENT,True
101592,P01592,8b2b1d37f440a620ccf25152d922632254d399ea76171af2122749b634e5775f,MEM7001592,GRP1032,OakStreet-Central,188-53-1985,Linda,Gonzalez,1942-05-16,M,+15903389529,8982 Pine Ave,,Atlanta,GA,30303,USA,"8982 Pine Ave, Atlanta, GA 30303, USA",PCP0007,Active,EHR,P01592,ING-PAT-20261005-01592,2026-10-05T11:17:36,2026-10-05T11:19:36,2025-05-14T11:19:36,2026-10-05T11:19:36,2026-10-05T08:27:36,61ebd46e4e622e328fe795cf3f99cf46895d076e23a88620d4a23dd04cbb8b61,CURRENT,True
101593,P01593,6aa00d6de77b07d48cafbdd8365f398c8adbaf28e083186c2612de09946d5730,MEM7001593,GRP1033,OakStreet-South,415-68-1679,Richard,Harris,1983-09-28,M,+15209113195,7533 Oak Rd,,Houston,TX,77002,USA,"7533 Oak Rd, Houston, TX 77002, USA",PCP0006,Active,EHR,P01593,ING-PAT-20261005-01593,2026-10-05T11:17:39,2026-10-05T11:19:39,2025-03-16T11:19:39,2026-10-05T11:19:39,2026-10-05T09:37:39,054c8f250044021b4944f0c357c4b58606f2f880b522ccf13ea047f81e85ee65,CURRENT,True
101594,P01594,03ba4fd88d3f9a9ac5d9d08c5cde2753cd567d3f6b6ef9a61badb5ea7ba82e79,MEM7001594,GRP1034,OakStreet-East,282-95-8933,David,Hernandez,1974-12-05,F,+17135618645,3078 Oak Blvd,,Houston,TX,77024,USA,"3078 Oak Blvd, Houston, TX 77024, USA",PCP0079,Active,EHR,P01594,ING-PAT-20261005-01594,2026-10-05T11:17:42,2026-10-05T11:19:42,2023-12-19T11:19:42,2026-10-05T11:19:42,2026-10-05T10:53:42,d4bda85022896a9856fa62e10883121f296f47ad4722c09a3b28f828d7c9a389,CURRENT,True
101595,P01595,200cf90d330d5a4f1fceeb7b878893091b840b9273721911c7da467508e7a87b,MEM7001595,GRP1035,OakStreet-Southwest,618-56-0300,Daniel,Sanchez,1950-12-05,M,+16973496610,6754 Park Ave,,Houston,TX,77024,USA,"6754 Park Ave, Houston, TX 77024, USA",PCP0057,Active,EHR,P01595,ING-PAT-20261005-01595,2026-10-05T11:17:45,2026-10-05T11:19:45,2023-06-06T11:19:45,2026-10-05T11:19:45,2026-10-05T09:49:45,caafb9f5b3d796eed6f6be260f0c05a672d8e729438f6c8c1bedbc4b6e160d70,CURRENT,True
101596,P01596,5eb4dde3a429d7b2d54dc7f66921f669d7ee154af3478eceb8ac91ebf959482e,MEM7001596,GRP1036,OakStreet-Central,245-72-3853,Jennifer,Davis,1996-06-22,F,+19828167492,8307 Washington Rd,Apt 669,Austin,TX,78701,USA,"8307 Washington Rd Apt 669, Austin, TX 78701, USA",PCP0115,Active,EHR,P01596,ING-PAT-20261005-01596,2026-10-05T11:17:48,2026-10-05T11:19:48,2022-10-19T11:19:48,2026-10-05T11:19:48,2026-10-05T10:45:48,8bca0d5aa754411946ead827207c94d68f1e1788585e924573c416aec60adb34,CURRENT,True
101597,P01597,62d2e9de7667dc4ba3e6b77049e715e932a57e6ef3956e6c134fa9745693fc68,MEM7001597,GRP1037,OakStreet-South,264-45-6990,Ashley,Thompson,1970-11-20,F,+13406931899,731 Lake Blvd,,Houston,TX,77002,USA,"731 Lake Blvd, Houston, TX 77002, USA",PCP0098,Active,EHR,P01597,ING-PAT-20261005-01597,2026-10-05T11:17:51,2026-10-05T11:19:51,2021-11-11T11:19:51,2026-10-05T11:19:51,2026-10-05T10:30:51,2a00dc8e75f76403b333627fe882e571929175e2b6925aac723f3fa49f45466e,CURRENT,True
101598,P01598,cf6f824aa450a6a041da316692f977dad1eaaddd858a2d8b740ba1f717f08483,MEM7001598,GRP1038,OakStreet-East,894-79-1826,John,Jackson,1952-03-02,F,+18337751528,7840 Pine St,,Houston,TX,77002,USA,"7840 Pine St, Houston, TX 77002, USA",PCP0033,Active,EHR,P01598,ING-PAT-20261005-01598,2026-10-05T11:17:54,2026-10-05T11:19:54,2024-11-03T11:19:54,2026-10-05T11:19:54,2026-10-05T10:53:54,f709659cc1a6df206ca8356cd124601dc30ee60cde9e81a074e92885c9378c17,CURRENT,True
101599,P01599,d7444c1dd660cb8ecb38fbb38fe02054b9d6d359e3774132b682ff84064dfaf0,MEM7001599,GRP1039,OakStreet-Southwest,826-98-0643,Karen,Lee,1964-03-28,M,+12239294569,8085 Pine Rd,,Phoenix,AZ,85004,USA,"8085 Pine Rd, Phoenix, AZ 85004, USA",PCP0083,Active,EHR,P01599,ING-PAT-20261005-01599,2026-10-05T11:17:57,2026-10-05T11:19:57,2024-12-30T11:19:57,2026-10-05T11:19:57,2026-10-05T08:30:57,5c2e1310ee98b0c677fb6df6177e0de99c50f7c4a151ba5322431b124cd8e329,CURRENT,True
101600,P01600,a27399cb5fbb48771b23a960eba584641ebef6402f568f695320127b8c2caef0,MEM7001600,GRP1000,OakStreet-Central,538-96-6988,Thomas,Moore,1942-07-01,F,+18307676862,7649 Washington Blvd,Apt 246,Houston,TX,77002,USA,"7649 Washington Blvd Apt 246, Houston, TX 77002, USA",PCP0117,Active,EHR,P01600,ING-PAT-20261005-01600,2026-10-05T11:18:00,2026-10-05T11:20:00,2023-05-17T11:20:00,2026-10-05T11:20:00,2026-10-05T09:35:00,79b5b28365374647f4f7e34f64769ce50fc09f5e31aa054ac6cb69a23f49d594,CURRENT,True
101601,P01601,c4858dfb6b163b0cf621c67e1a9c8ee820a490e9a1f3a621c53738f108e9cf3d,MEM7001601,GRP1001,OakStreet-South,640-92-2462,Karen,Thompson,1949-10-21,M,+14588931409,3938 Oak St,Apt 748,San Antonio,TX,78205,USA,"3938 Oak St Apt 748, San Antonio, TX 78205, USA",PCP0053,Active,EHR,P01601,ING-PAT-20261005-01601,2026-10-05T11:18:03,2026-10-05T11:20:03,2025-04-15T11:20:03,2026-10-05T11:20:03,2026-10-05T09:01:03,e90c255689243dcd6542af1aa204b3955c92469dd1a21ce22428c0524be88862,CURRENT,True
101602,P01602,48eeea04e52bcd1bf62af180a89e51463c40b20acb4092a5d008c27f5e320121,MEM7001602,GRP1002,OakStreet-East,687-37-2729,Betty,Walker,1951-11-08,F,+18876942770,9706 Lake Rd,,San Antonio,TX,78205,USA,"9706 Lake Rd, San Antonio, TX 78205, USA",PCP0109,Active,EHR,P01602,ING-PAT-20261005-01602,2026-10-05T11:18:06,2026-10-05T11:20:06,2021-11-21T11:20:06,2026-10-05T11:20:06,2026-10-05T10:19:06,bd812a791039c5191b76b8c2a798f6ffd5bc8b6ec15fba22716da955cbdd679b,CURRENT,True
101603,P01603,d12109ab51f5d12740ff237ade6913968ac0c38537e6c52fe7ef61b7db41ac66,MEM7001603,GRP1003,OakStreet-Southwest,556-71-4667,Robert,Wilson,1953-03-28,M,+15692556116,7529 Market Ave,,Dallas,TX,75201,USA,"7529 Market Ave, Dallas, TX 75201, USA",PCP0119,Active,EHR,P01603,ING-PAT-20261005-01603,2026-10-05T11:18:09,2026-10-05T11:20:09,2025-11-02T11:20:09,2026-10-05T11:20:09,2026-10-05T11:12:09,a866f1c081ab5aa8d5890c390436bbd24e373dfd24a90bb18a9c892c9ccc7529,CURRENT,True
101604,P01604,a77b28624bfe741fe7066cd46b09ec2a1e94cd444332bd096886e5130e8d7a17,MEM7001604,GRP1004,OakStreet-Central,848-45-6810,Ashley,Lee,1937-07-28,M,+17326684406,4632 Park St,,Phoenix,AZ,85004,USA,"4632 Park St, Phoenix, AZ 85004, USA",PCP0028,Active,EHR,P01604,ING-PAT-20261005-01604,2026-10-05T11:18:12,2026-10-05T11:20:12,2023-09-21T11:20:12,2026-10-05T11:20:12,2026-10-05T07:28:12,94c2571d24074655946aeecc9aef139c8a917c2db1e083a2d32cb84350f43ba7,CURRENT,True
101605,P01605,44171a7c8403b3d0c9213f1a510b7f7ea98e35fa08b48bc3db4121d349aad2f5,MEM7001605,GRP1005,OakStreet-South,250-74-1434,Susan,Smith,1957-12-16,F,+14117073647,997 Market Blvd,,Orlando,FL,32801,USA,"997 Market Blvd, Orlando, FL 32801, USA",PCP0089,Active,EHR,P01605,ING-PAT-20261005-01605,2026-10-05T11:18:15,2026-10-05T11:20:15,2024-11-23T11:20:15,2026-10-05T11:20:15,2026-10-05T08:14:15,a21e289ce8fa621ddef509e9a3443f1d46736571dd7bd5327cdc3eda65f2163d,CURRENT,True
101606,P01606,e5f3c1c3550dfadc4d9d56c156387ab1d31e01881a96d54be84dc6dfe4ec4e88,MEM7001606,GRP1006,OakStreet-East,235-62-3623,Anthony,Hernandez,1964-05-11,F,+18302291650,2621 Pine St,Apt 384,Orlando,FL,32801,USA,"2621 Pine St Apt 384, Orlando, FL 32801, USA",PCP0028,Active,EHR,P01606,ING-PAT-20261005-01606,2026-10-05T11:18:18,2026-10-05T11:20:18,2022-01-20T11:20:18,2026-10-05T11:20:18,2026-10-05T08:16:18,f70baca897be85a2538d6f93d7766a5e8197c817c047611435cafe9e23edb34b,CURRENT,True
101607,P01607,944863587e3e1513281bcde68116c7cbcca018b52de33e274bb3ff54999eec8f,MEM7001607,GRP1007,OakStreet-Southwest,577-17-9205,Anthony,Smith,1951-05-07,M,+17805695606,7354 Main Blvd,,Dallas,TX,75201,USA,"7354 Main Blvd, Dallas, TX 75201, USA",PCP0043,Active,EHR,P01607,ING-PAT-20261005-01607,2026-10-05T11:18:21,2026-10-05T11:20:21,2023-11-20T11:20:21,2026-10-05T11:20:21,2026-10-05T07:40:21,09fcbc62aca7dc8bb73ecd0b9458cea1f77aeb649b247a847658a35b1eb6afaf,CURRENT,True
101608,P01608,f5abf94a1726f463018d1d76e3a09db3c6411dbf22be5adf2dbd3ad11093bcc8,MEM7001608,GRP1008,OakStreet-Central,180-62-1409,Nancy,Clark,1936-06-10,M,+15258057182,4520 Oak Ave,,Orlando,FL,32801,USA,"4520 Oak Ave, Orlando, FL 32801, USA",PCP0114,Active,EHR,P01608,ING-PAT-20261005-01608,2026-10-05T11:18:24,2026-10-05T11:20:24,2025-11-30T11:20:24,2026-10-05T11:20:24,2026-10-05T07:33:24,d133fca8ba3adbd8fc808aadb9f0ac681f4aa7230e89052551864e9fe60894c2,CURRENT,True
101609,P01609,fa9a61513e8707c918966202c4b431493c8ee772284cea9d3f1cef31c6de75cd,MEM7001609,GRP1009,OakStreet-South,827-57-1581,Elizabeth,Clark,1952-02-18,M,+16272576988,1599 Washington St,,Houston,TX,77024,USA,"1599 Washington St, Houston, TX 77024, USA",PCP0115,Active,EHR,P01609,ING-PAT-20261005-01609,2026-10-05T11:18:27,2026-10-05T11:20:27,2022-01-27T11:20:27,2026-10-05T11:20:27,2026-10-05T09:59:27,4ad6f93612b030c0762eb9540aaa10db581d6f8c62535589c3d2858e5e0fe1a9,CURRENT,True
101610,P01610,fb98ed1e3874e655862d21c233aae892230c20393a8883e0690b180fbbf265c7,MEM7001610,GRP1010,OakStreet-East,430-62-4356,Lisa,Sanchez,1969-08-06,F,+18756344824,4770 Pine Ave,,Houston,TX,77024,USA,"4770 Pine Ave, Houston, TX 77024, USA",PCP0054,Active,EHR,P01610,ING-PAT-20261005-01610,2026-10-05T11:18:30,2026-10-05T11:20:30,2022-03-28T11:20:30,2026-10-05T11:20:30,2026-10-05T09:47:30,423d9abe4f2b50dcee98680470b992697d5b2c7d3d6a0f7bd7b77b13bba02917,CURRENT,True
101611,P01611,be68449f4d7dccf93c31fb7421dcd14d028583a5aeee223b2ff9cc013947d8df,MEM7001611,GRP1011,OakStreet-Southwest,861-20-2325,James,Sanchez,1982-01-05,M,+15585737980,2806 Lake Rd,,Houston,TX,77024,USA,"2806 Lake Rd, Houston, TX 77024, USA",PCP0086,Active,EHR,P01611,ING-PAT-20261005-01611,2026-10-05T11:18:33,2026-10-05T11:20:33,2022-04-11T11:20:33,2026-10-05T11:20:33,2026-10-05T08:14:33,cb89d54169b08eb5597c8ce76c14656ecbd917fe80cdee5a5363809a1fade316,CURRENT,True
101612,P01612,94c08a1be91bc2674d3c8d49057e817ade94c88a2f7f4497f0fe6b0f505ec316,MEM7001612,GRP1012,OakStreet-Central,219-94-9179,Daniel,Williams,1975-03-14,F,+18392378804,3417 Lake Rd,,Houston,TX,77005,USA,"3417 Lake Rd, Houston, TX 77005, USA",PCP0085,Active,EHR,P01612,ING-PAT-20261005-01612,2026-10-05T11:18:36,2026-10-05T11:20:36,2024-05-06T11:20:36,2026-10-05T11:20:36,2026-10-05T09:27:36,4cb0993d99da87041118f59dbb651f6698d3c8c4c833c983b339101a5bd0f284,CURRENT,True
101613,P01613,f33bd8600d2f835f3de3f0fd72d1fd0db83ebb4200ee5b72d9c8bc2b61268db6,MEM7001613,GRP1013,OakStreet-South,264-79-2516,Michael,Wilson,1944-06-09,F,+16027191329,278 Oak Ave,,Houston,TX,77005,USA,"278 Oak Ave, Houston, TX 77005, USA",PCP0003,Active,EHR,P01613,ING-PAT-20261005-01613,2026-10-05T11:18:39,2026-10-05T11:20:39,2024-11-02T11:20:39,2026-10-05T11:20:39,2026-10-05T11:05:39,ddc12620fb5339fa5321f14a717c3cf9b2032a9da2143a4f3a87f7e9337852de,CURRENT,True
101614,P01614,9f8deb773607868848a22ce212d738188984ea23834cc927bef0d0beebf90d69,MEM7001614,GRP1014,OakStreet-East,686-17-4547,Anthony,Ramirez,1964-04-17,F,+15695923957,5084 Pine Blvd,,Atlanta,GA,30303,USA,"5084 Pine Blvd, Atlanta, GA 30303, USA",PCP0015,Active,EHR,P01614,ING-PAT-20261005-01614,2026-10-05T11:18:42,2026-10-05T11:20:42,2023-02-23T11:20:42,2026-10-05T11:20:42,2026-10-05T10:02:42,66a7fde21ebf89a85f2c4f3acf3344c17d8754ed7667aa381619250b49fc2df0,CURRENT,True
101615,P01615,d916d22fe4b6951969419e45c479a1da23a6e25113cfb28931b75c8870b262e9,MEM7001615,GRP1015,OakStreet-Southwest,399-81-8940,Barbara,Miller,1956-12-13,F,+15089365974,4608 Park St,,San Antonio,TX,78205,USA,"4608 Park St, San Antonio, TX 78205, USA",PCP0024,Active,EHR,P01615,ING-PAT-20261005-01615,2026-10-05T11:18:45,2026-10-05T11:20:45,2025-06-17T11:20:45,2026-10-05T11:20:45,2026-10-05T08:46:45,5dea0c0b578bcebda4f1762167540dc30484af29f1606fe408418de8a4b2362b,CURRENT,True
101616,P01616,10efce5673e84ab1e3198fa0cf8e34b5aae11c8716ceb634b7ad8ff43e4fb234,MEM7001616,GRP1016,OakStreet-Central,399-12-6408,Matthew,Sanchez,1953-09-27,M,+13746438363,8791 Main Blvd,Apt 850,Dallas,TX,75201,USA,"8791 Main Blvd Apt 850, Dallas, TX 75201, USA",PCP0066,Active,EHR,P01616,ING-PAT-20261005-01616,2026-10-05T11:18:48,2026-10-05T11:20:48,2024-07-08T11:20:48,2026-10-05T11:20:48,2026-10-05T09:51:48,165439f4d8932baa40d20cc9291b6d1151065df9d627e04e7990f5d46f5ac2e7,CURRENT,True
101617,P01617,4a338fbd206fa479d7fb9a8a99f0d4df914cbc5b87429bcfc7450879573c6331,MEM7001617,GRP1017,OakStreet-South,558-45-5258,Susan,Harris,2003-01-15,M,+13206406645,2131 Market Rd,,Chicago,IL,60601,USA,"2131 Market Rd, Chicago, IL 60601, USA",PCP0112,Active,EHR,P01617,ING-PAT-20261005-01617,2026-10-05T11:18:51,2026-10-05T11:20:51,2025-06-15T11:20:51,2026-10-05T11:20:51,2026-10-05T07:58:51,590cc40540821be49c37f47f8104d0ef252fd9bb9119baad953db433c10a386f,CURRENT,True
101618,P01618,cce6163ff6dc2b086de837e6e8361016915f39cd494f5af2342b0368207ef3b6,MEM7001618,GRP1018,OakStreet-East,123-73-7845,Lisa,Thompson,1940-12-27,F,+14648498921,7610 Pine Rd,,Austin,TX,78701,USA,"7610 Pine Rd, Austin, TX 78701, USA",PCP0059,Active,EHR,P01618,ING-PAT-20261005-01618,2026-10-05T11:18:54,2026-10-05T11:20:54,2023-02-25T11:20:54,2026-10-05T11:20:54,2026-10-05T10:13:54,7217fee7860fcd1ef74e74643db59c64653fe3f70371a7d2dabf007ac4219792,CURRENT,True
101619,P01619,340aceea87e409210e62e2359dea8608a3b27045349bed492adf45b8baa4e9ef,MEM7001619,GRP1019,OakStreet-Southwest,163-83-4825,Daniel,Robinson,1971-10-05,F,+19142931786,3468 Pine Ave,,San Antonio,TX,78205,USA,"3468 Pine Ave, San Antonio, TX 78205, USA",PCP0021,Active,EHR,P01619,ING-PAT-20261005-01619,2026-10-05T11:18:57,2026-10-05T11:20:57,2022-11-10T11:20:57,2026-10-05T11:20:57,2026-10-05T09:24:57,c8207afb5572c29b42d1dfcc05b5bd379b4f68588ec379b8171c88e5f2f0da19,CURRENT,True
101620,P01620,dcf2edbd31442b1a8ae1229d93d54fc7b6e35698bbb50f2b0994f9afe4b8b2d9,MEM7001620,GRP1020,OakStreet-Central,663-90-0667,Karen,Martinez,1957-08-06,M,+12229063897,7987 Lake Blvd,,Orlando,FL,32801,USA,"7987 Lake Blvd, Orlando, FL 32801, USA",PCP0082,Active,EHR,P01620,ING-PAT-20261005-01620,2026-10-05T11:19:00,2026-10-05T11:21:00,2022-12-17T11:21:00,2026-10-05T11:21:00,2026-10-05T07:46:00,bdb88b073e82f20a7631d7b3529c632745aea04a1123cb714afec6cea51c125f,CURRENT,True
101621,P01621,1025e5a37017ab0393f0a7fa7500e93da9b68caece7efc7cf1f9ba476189e466,MEM7001621,GRP1021,OakStreet-South,618-19-3673,Jessica,Gonzalez,1986-05-17,M,+14475769664,5509 Park Rd,,Phoenix,AZ,85004,USA,"5509 Park Rd, Phoenix, AZ 85004, USA",PCP0059,Active,EHR,P01621,ING-PAT-20261005-01621,2026-10-05T11:19:03,2026-10-05T11:21:03,2023-04-11T11:21:03,2026-10-05T11:21:03,2026-10-05T07:56:03,989f307d97dd9bdf033f5387e0761c81af7723c56f372e9eba743039cbdc9f2d,CURRENT,True
101622,P01622,3950e6a700d98005ae77a10f73c88804ac7d1bc05edb50f32ddabbe7d077b574,MEM7001622,GRP1022,OakStreet-East,596-52-6214,William,White,2000-06-03,M,+16609699361,2960 Market St,,Houston,TX,77024,USA,"2960 Market St, Houston, TX 77024, USA",PCP0025,Active,EHR,P01622,ING-PAT-20261005-01622,2026-10-05T11:19:06,2026-10-05T11:21:06,2023-05-23T11:21:06,2026-10-05T11:21:06,2026-10-05T08:14:06,24b3797d5f9f2d78aa3d9dfa5ed943041d690a4ec7b2ec44f7c3ac98ab4af7cf,CURRENT,True
101623,P01623,1839e265ad4641ec5b1d3bee426216e01ae233b438a3bee9f19231a30d53759f,MEM7001623,GRP1023,OakStreet-Southwest,193-96-9483,Richard,Smith,1953-11-06,M,+13072272307,6005 Oak Blvd,Apt 748,Dallas,TX,75201,USA,"6005 Oak Blvd Apt 748, Dallas, TX 75201, USA",PCP0042,Active,EHR,P01623,ING-PAT-20261005-01623,2026-10-05T11:19:09,2026-10-05T11:21:09,2023-09-21T11:21:09,2026-10-05T11:21:09,2026-10-05T09:00:09,864e47e76b7e9dddfec40e057734d641865e1b9af2f9e2e6c2b0ef70ebdb01c1,CURRENT,True
101624,P01624,245fd94fa7ee52c1a0a925c9b631fd87de96efbd1e4310b2de369deb6341aa9f,MEM7001624,GRP1024,OakStreet-Central,634-43-7176,Richard,Lee,1997-11-28,M,+15638678049,4681 Market Blvd,,Houston,TX,77024,USA,"4681 Market Blvd, Houston, TX 77024, USA",PCP0054,Active,EHR,P01624,ING-PAT-20261005-01624,2026-10-05T11:19:12,2026-10-05T11:21:12,2022-09-21T11:21:12,2026-10-05T11:21:12,2026-10-05T08:53:12,4f8df0be902a925546c696baf7859e7b7cdf6c246a3d0227b5ef8012f017b5a7,CURRENT,True
101625,P01625,d5b82ac099b6aff152665a1e09fa419ccd1c75efbd2fa568bad574e9f40125b7,MEM7001625,GRP1025,OakStreet-South,795-91-9951,James,Miller,1984-04-01,M,+12636941740,5830 Pine Blvd,,Chicago,IL,60601,USA,"5830 Pine Blvd, Chicago, IL 60601, USA",PCP0047,Active,EHR,P01625,ING-PAT-20261005-01625,2026-10-05T11:19:15,2026-10-05T11:21:15,2023-09-06T11:21:15,2026-10-05T11:21:15,2026-10-05T07:57:15,bdf3a541e0b2af8aec2ee9e64d52e85c155df5f4c84ebe9d8915f434dae6be77,CURRENT,True
101626,P01626,0248d13b0842c0dfd6adf934e0811a36c8741dbf7d4c6b909ac487eafae58f0d,MEM7001626,GRP1026,OakStreet-East,542-94-0930,Lisa,White,1950-06-11,M,+12192064606,8289 Lake Ave,,Dallas,TX,75201,USA,"8289 Lake Ave, Dallas, TX 75201, USA",PCP0014,Active,EHR,P01626,ING-PAT-20261005-01626,2026-10-05T11:19:18,2026-10-05T11:21:18,2025-07-15T11:21:18,2026-10-05T11:21:18,2026-10-05T09:42:18,f066d62992628b85c96b1ecc7d80151d68deb492e7a38fc14149ff2212b3d325,CURRENT,True
101627,P01627,15eb35aae6469f3dfc0ad1fac9d6c1b557d49296627dbef57778f04c4dada872,MEM7001627,GRP1027,OakStreet-Southwest,401-69-0448,John,Garcia,1957-06-23,F,+13652769407,1728 Market St,,Dallas,TX,75201,USA,"1728 Market St, Dallas, TX 75201, USA",PCP0106,Active,EHR,P01627,ING-PAT-20261005-01627,2026-10-05T11:19:21,2026-10-05T11:21:21,2022-05-10T11:21:21,2026-10-05T11:21:21,2026-10-05T10:50:21,382d8b0572d44ae8738d4f07b0440f3ba62be16d7576dabf72bd0800317f3a78,CURRENT,True
101628,P01628,d11749ee952908fd5e1db4822b0ec81e173dd59497044e0ec29e4601e51edbf7,MEM7001628,GRP1028,OakStreet-Central,813-56-2932,Steven,Miller,1992-08-19,M,+12923424481,8345 Lake Rd,,Phoenix,AZ,85004,USA,"8345 Lake Rd, Phoenix, AZ 85004, USA",PCP0032,Active,EHR,P01628,ING-PAT-20261005-01628,2026-10-05T11:19:24,2026-10-05T11:21:24,2025-08-29T11:21:24,2026-10-05T11:21:24,2026-10-05T10:31:24,5c228272267c3f03a08b4910448ccd9f7f5c8a74a93ae8b3233a458089590f7b,CURRENT,True
101629,P01629,c8045de2137943b414ebf363e040311193d226aee5085f42175084a4ead11c2f,MEM7001629,GRP1029,OakStreet-South,254-73-5326,Betty,Sanchez,1968-11-16,F,+13532482797,4446 Market St,,Orlando,FL,32801,USA,"4446 Market St, Orlando, FL 32801, USA",PCP0063,Active,EHR,P01629,ING-PAT-20261005-01629,2026-10-05T11:19:27,2026-10-05T11:21:27,2022-07-04T11:21:27,2026-10-05T11:21:27,2026-10-05T08:18:27,501965d545c7a133ef31172a35fb2852c916724b3fc412c210baf5eba607e223,CURRENT,True
101630,P01630,4d39f375f0dcde29e4c17bba439c9a455dc58305723d57c110da38f140e5fed4,MEM7001630,GRP1030,OakStreet-East,116-69-8017,Barbara,Robinson,1982-01-11,M,+16676479700,9298 Lake St,,Chicago,IL,60601,USA,"9298 Lake St, Chicago, IL 60601, USA",PCP0026,Inactive,EHR,P01630,ING-PAT-20261005-01630,2026-10-05T11:19:30,2026-10-05T11:21:30,2023-07-12T11:21:30,2026-10-05T11:21:30,2026-10-05T10:42:30,844cc6b3197a61a2beeb810e6325e4a99f95023e2ff1b17fedd98b59d0681a48,CURRENT,True
101631,P01631,cbc02dedd41523e85b4ad1f4d650dbc584e7e85f3601b939576e21ee0ec6587e,MEM7001631,GRP1031,OakStreet-Southwest,652-78-0250,Sarah,Miller,1968-12-22,M,+15582716907,1359 Oak Blvd,,San Antonio,TX,78205,USA,"1359 Oak Blvd, San Antonio, TX 78205, USA",PCP0103,Active,EHR,P01631,ING-PAT-20261005-01631,2026-10-05T11:19:33,2026-10-05T11:21:33,2021-11-26T11:21:33,2026-10-05T11:21:33,2026-10-05T08:11:33,228105bed705111e0223d06ad48a87e1ea8fce6fe35053c5213474b36f48bba6,CURRENT,True
101632,P01632,3f9d5d00bd69c1ae24db6666fc0b873ac63adfc6219c3237aa94474a8e2c4c65,MEM7001632,GRP1032,OakStreet-Central,580-91-2774,Jessica,Lewis,1966-02-03,M,+15702222989,1859 Oak Ave,,Houston,TX,77024,USA,"1859 Oak Ave, Houston, TX 77024, USA",PCP0021,Active,EHR,P01632,ING-PAT-20261005-01632,2026-10-05T11:19:36,2026-10-05T11:21:36,2025-01-09T11:21:36,2026-10-05T11:21:36,2026-10-05T11:10:36,9b08ce011c40fe57ca082ee44b1fcc50a4e54ddd4bf79035a24b4f33b82c8488,CURRENT,True
101633,P01633,e12d3f3aa9872bbf43639110ee1bcd6e258822f3454702efc87e0e5033de2c10,MEM7001633,GRP1033,OakStreet-South,625-89-1669,Mark,Miller,1966-11-11,M,+14479486142,5713 Main Rd,,Dallas,TX,75201,USA,"5713 Main Rd, Dallas, TX 75201, USA",PCP0097,Active,EHR,P01633,ING-PAT-20261005-01633,2026-10-05T11:19:39,2026-10-05T11:21:39,2025-02-07T11:21:39,2026-10-05T11:21:39,2026-10-05T09:54:39,f44ef342c5ff75c4eeaf7ad370b16d67ad90f412f947fa545371a7d8aea0d71f,CURRENT,True
101634,P01634,c721c118e98a49209fd84003f85cc61089fe364fa2c908a661c7f3824d4db020,MEM7001634,GRP1034,OakStreet-East,225-94-7130,Steven,Robinson,1945-06-27,M,+17215963553,5151 Park Rd,,Austin,TX,78701,USA,"5151 Park Rd, Austin, TX 78701, USA",PCP0019,Active,EHR,P01634,ING-PAT-20261005-01634,2026-10-05T11:19:42,2026-10-05T11:21:42,2023-10-06T11:21:42,2026-10-05T11:21:42,2026-10-05T08:57:42,d2eef77d73334aed2e624425028515bf4938c0db3f5f813a2a64c1133a14f7ff,CURRENT,True
101635,P01635,66d5d84f302aa0a59c0860e727c8f1b395cd615a9d4dcd74a49ef6480257c551,MEM7001635,GRP1035,OakStreet-Southwest,821-36-9857,Thomas,Garcia,1940-05-09,M,+15845934162,3324 Market Rd,Apt 5,Houston,TX,77002,USA,"3324 Market Rd Apt 5, Houston, TX 77002, USA",PCP0097,Inactive,EHR,P01635,ING-PAT-20261005-01635,2026-10-05T11:19:45,2026-10-05T11:21:45,2023-04-04T11:21:45,2026-10-05T11:21:45,2026-10-05T08:14:45,84080f2a6f690d9986f6870606aef5b7a07aee4d758a70a8ce62b0dd9f4aeefd,CURRENT,True
101636,P01636,99825a825a838e65ba2c1e27a3a760c88cc9f4ebd68cba0cf00bc3c3dfda6e20,MEM7001636,GRP1036,OakStreet-Central,101-55-1563,Michael,Taylor,1962-08-07,M,+15249398503,6943 Main Ave,Apt 826,Houston,TX,77024,USA,"6943 Main Ave Apt 826, Houston, TX 77024, USA",PCP0070,Active,EHR,P01636,ING-PAT-20261005-01636,2026-10-05T11:19:48,2026-10-05T11:21:48,2023-03-04T11:21:48,2026-10-05T11:21:48,2026-10-05T11:05:48,1da4bc1b9485857b058a4643caaeb744d0e98f7fb3e6d9c05294fe35ab6791c7,CURRENT,True
101637,P01637,1c5254d9c2f2db2a2d7e0cae781744b9c612572d601cb17352060b2c120fce29,MEM7001637,GRP1037,OakStreet-South,342-38-4942,Joseph,Lee,1997-07-01,M,+15736231138,7180 Park Ave,,Orlando,FL,32801,USA,"7180 Park Ave, Orlando, FL 32801, USA",PCP0051,Active,EHR,P01637,ING-PAT-20261005-01637,2026-10-05T11:19:51,2026-10-05T11:21:51,2024-11-29T11:21:51,2026-10-05T11:21:51,2026-10-05T08:27:51,76d838e694d7fc5443886b6912c1c02fde8f188503cf1115d733767a4b3e1045,CURRENT,True
101638,P01638,39dba7959e934df048308e17fce718b4778cbf9d727b236b462c776c83b7ed26,MEM7001638,GRP1038,OakStreet-East,263-42-6369,Jennifer,Williams,2000-11-12,M,+13119628839,7312 Washington St,,Houston,TX,77024,USA,"7312 Washington St, Houston, TX 77024, USA",PCP0007,Active,EHR,P01638,ING-PAT-20261005-01638,2026-10-05T11:19:54,2026-10-05T11:21:54,2022-03-01T11:21:54,2026-10-05T11:21:54,2026-10-05T09:21:54,abe0b0f590244006894c8c296fd53ef809d736eba6c8f8f37b5bdc24b1d9fd99,CURRENT,True
101639,P01639,1fec9c2a09c4b09f2c804b9d7f3d8dc5b9e8f69a59597bd6204e30d22d47a234,MEM7001639,GRP1039,OakStreet-Southwest,205-30-8632,Joseph,Wilson,1949-02-25,M,+17238679203,508 Oak Blvd,Apt 181,Houston,TX,77002,USA,"508 Oak Blvd Apt 181, Houston, TX 77002, USA",PCP0073,Active,EHR,P01639,ING-PAT-20261005-01639,2026-10-05T11:19:57,2026-10-05T11:21:57,2023-02-28T11:21:57,2026-10-05T11:21:57,2026-10-05T07:56:57,6625fc558ea202867ee8278ef8fd56c17585d94e246de96897ffb1c39bade739,CURRENT,True
101640,P01640,8bce959582a307fa52b1c1cd8772554a3ee499fdbc3a4e8203f5d31959270c28,MEM7001640,GRP1000,OakStreet-Central,141-84-2157,Anthony,White,1951-10-03,M,+18306414826,6039 Pine Ave,,Atlanta,GA,30303,USA,"6039 Pine Ave, Atlanta, GA 30303, USA",PCP0060,Active,EHR,P01640,ING-PAT-20261005-01640,2026-10-05T11:20:00,2026-10-05T11:22:00,2023-05-26T11:22:00,2026-10-05T11:22:00,2026-10-05T10:38:00,6a4e4623029f2b90059461db10abbe5bf2358bae0be4b9c3bb427bc9cf4d6f5f,CURRENT,True
101641,P01641,b23c098f632260dac5e154382156cdb7afd4e244b982bbb956e35a6ecc04db39,MEM7001641,GRP1001,OakStreet-South,799-39-4296,Betty,Martin,1956-12-10,M,+13283836759,9166 Market Ave,,Austin,TX,78701,USA,"9166 Market Ave, Austin, TX 78701, USA",PCP0043,Inactive,EHR,P01641,ING-PAT-20261005-01641,2026-10-05T11:20:03,2026-10-05T11:22:03,2025-11-10T11:22:03,2026-10-05T11:22:03,2026-10-05T09:59:03,f69fbd93cc3d4a136fa46490a1f4d011d05098864580ba3cd96b3200f2e86747,CURRENT,True
101642,P01642,d273d56c24b405e17a6c58be60dcc3b75382cecb16a9389c2aa5b579de044299,MEM7001642,GRP1002,OakStreet-East,547-59-5272,Steven,Martinez,1987-01-05,M,+12556336195,7181 Washington Ave,,Atlanta,GA,30303,USA,"7181 Washington Ave, Atlanta, GA 30303, USA",PCP0030,Active,EHR,P01642,ING-PAT-20261005-01642,2026-10-05T11:20:06,2026-10-05T11:22:06,2022-05-05T11:22:06,2026-10-05T11:22:06,2026-10-05T09:49:06,b598855ae0a0a0f8afb82e6d8f5153e9ac88dc061f5ae7f9a2955933ed75866e,CURRENT,True
101643,P01643,82adae07017d50cd17fab821df9d92ba1fc7671d37b43e4fb3bd3ea814cc1ba3,MEM7001643,GRP1003,OakStreet-Southwest,109-50-1392,Matthew,Martinez,1967-09-19,M,+18339635354,5725 Washington Blvd,,Dallas,TX,75201,USA,"5725 Washington Blvd, Dallas, TX 75201, USA",PCP0085,Inactive,EHR,P01643,ING-PAT-20261005-01643,2026-10-05T11:20:09,2026-10-05T11:22:09,2025-09-28T11:22:09,2026-10-05T11:22:09,2026-10-05T10:41:09,680e8ebb84f374e240735faf487731e170983dc0ba437a1e9148540c642b7573,CURRENT,True
101644,P01644,661dbc4086c3096878f13974d99203f67442041ac7caccf9333af3eb6aedf76d,MEM7001644,GRP1004,OakStreet-Central,821-11-2737,Margaret,White,2004-06-23,M,+12923776197,8965 Park Ave,,Chicago,IL,60601,USA,"8965 Park Ave, Chicago, IL 60601, USA",PCP0103,Active,EHR,P01644,ING-PAT-20261005-01644,2026-10-05T11:20:12,2026-10-05T11:22:12,2022-10-07T11:22:12,2026-10-05T11:22:12,2026-10-05T08:37:12,94ecef384e4ece262aa3b1dfde688602cbaea832c6c67bdc9cde41d625994bfc,CURRENT,True
101645,P01645,ad6a4972700957204ab282859ba0e34a6290955901099cbb3d15e132942fc74b,MEM7001645,GRP1005,OakStreet-South,726-11-0775,Barbara,Robinson,1945-09-11,M,+15492159481,5056 Pine Blvd,,Chicago,IL,60601,USA,"5056 Pine Blvd, Chicago, IL 60601, USA",PCP0023,Active,EHR,P01645,ING-PAT-20261005-01645,2026-10-05T11:20:15,2026-10-05T11:22:15,2024-08-20T11:22:15,2026-10-05T11:22:15,2026-10-05T10:26:15,e883758c1fdc4145653b801efe0bdc42e68dce459c5dd15b70c2e9bff7ac7060,CURRENT,True
101646,P01646,f1a19ba4dc1f05102960e35f78ae30f836e766ac0dece11c3163b592e0df4647,MEM7001646,GRP1006,OakStreet-East,837-16-0390,David,Williams,1993-08-06,M,+12497008143,2418 Market St,,Chicago,IL,60601,USA,"2418 Market St, Chicago, IL 60601, USA",PCP0095,Active,EHR,P01646,ING-PAT-20261005-01646,2026-10-05T11:20:18,2026-10-05T11:22:18,2025-04-19T11:22:18,2026-10-05T11:22:18,2026-10-05T10:52:18,951db80e862a8b04a1d88eeed90e211ad878e3ceba7f402aa55f1959df93d4ab,CURRENT,True
101647,P01647,2083fbaba422efc9fb741b74ce254aeb1fe22e015662d928915f3b78641c5ddd,MEM7001647,GRP1007,OakStreet-Southwest,132-51-0358,Daniel,Martinez,1952-08-22,F,+15614044740,8743 Oak Ave,,San Antonio,TX,78205,USA,"8743 Oak Ave, San Antonio, TX 78205, USA",PCP0083,Active,EHR,P01647,ING-PAT-20261005-01647,2026-10-05T11:20:21,2026-10-05T11:22:21,2023-10-01T11:22:21,2026-10-05T11:22:21,2026-10-05T11:07:21,29d698a2fb8c655101209d92dcf232372b044b4b84f3a71db2dd6b5f8712cbf4,CURRENT,True
101648,P01648,2dfa7b21078fe2b5131428822889ae5806876004ec55a02bf9cddee0e4f68e4e,MEM7001648,GRP1008,OakStreet-Central,145-58-6152,Nancy,Clark,1995-11-28,M,+18136871018,7669 Oak St,Apt 560,Chicago,IL,60601,USA,"7669 Oak St Apt 560, Chicago, IL 60601, USA",PCP0030,Active,EHR,P01648,ING-PAT-20261005-01648,2026-10-05T11:20:24,2026-10-05T11:22:24,2025-10-28T11:22:24,2026-10-05T11:22:24,2026-10-05T09:03:24,3e14cb3c7ed041d8b59f2c37cbf00c2af829dce4c4e880881fb34c562170f2e6,CURRENT,True
101649,P01649,92d111f34f166773c868851db6e4b2d663ff2833898c6aec35da00cc1c4f7d7b,MEM7001649,GRP1009,OakStreet-South,466-95-2787,Nancy,Lopez,1989-05-23,M,+14166679605,1235 Pine Ave,,San Antonio,TX,78205,USA,"1235 Pine Ave, San Antonio, TX 78205, USA",PCP0113,Active,EHR,P01649,ING-PAT-20261005-01649,2026-10-05T11:20:27,2026-10-05T11:22:27,2022-11-03T11:22:27,2026-10-05T11:22:27,2026-10-05T09:48:27,93654f83f38d56eeac0c55d845d8c254800ff39dc517fa1b55a82bbe3d19bb84,CURRENT,True
101650,P01650,99cf4eeb4725c0818cef605accc9f9827180038030a6e06a20f14d0a0f620339,MEM7001650,GRP1010,OakStreet-East,465-81-0380,Michael,Williams,1997-07-15,F,+19489396381,4187 Washington Blvd,,San Antonio,TX,78205,USA,"4187 Washington Blvd, San Antonio, TX 78205, USA",PCP0027,Active,EHR,P01650,ING-PAT-20261005-01650,2026-10-05T11:20:30,2026-10-05T11:22:30,2023-07-06T11:22:30,2026-10-05T11:22:30,2026-10-05T07:59:30,7a43a35d2e54d744876df73ecd2727b95f1e0c4887f5cc4d65b2aac0f2b9d469,CURRENT,True
101651,P01651,bc70f1e1cc7823e1077b466e2438af61bf92d2e99a23d29e0101813a1cc93b58,MEM7001651,GRP1011,OakStreet-Southwest,754-89-4372,Thomas,Miller,1971-07-24,F,+18636915913,9693 Park Rd,,Houston,TX,77024,USA,"9693 Park Rd, Houston, TX 77024, USA",PCP0043,Active,EHR,P01651,ING-PAT-20261005-01651,2026-10-05T11:20:33,2026-10-05T11:22:33,2022-10-06T11:22:33,2026-10-05T11:22:33,2026-10-05T10:25:33,89e012bfdbefeec63b3675b6d5ec959a0d254c75b08d20156926b415fc88bd3d,CURRENT,True
101652,P01652,e77125a4c26d7c98dcd02b060f8114f5828dba5d40baa59da30374f156e29217,MEM7001652,GRP1012,OakStreet-Central,139-90-1894,Margaret,Jackson,1997-12-22,M,+19412035665,6635 Oak Ave,,Houston,TX,77024,USA,"6635 Oak Ave, Houston, TX 77024, USA",PCP0039,Active,EHR,P01652,ING-PAT-20261005-01652,2026-10-05T11:20:36,2026-10-05T11:22:36,2023-03-25T11:22:36,2026-10-05T11:22:36,2026-10-05T07:35:36,6c9768f20de26ae514646f1ba9971aab59991c0901d3226c355183c2cff47804,CURRENT,True
101653,P01653,76ea19da74faf18aa654becb083bae08ac0d40c22c4eff2dd5a62da38d1a6f49,MEM7001653,GRP1013,OakStreet-South,386-40-6114,Matthew,Lopez,1943-09-06,F,+18428676318,2325 Oak St,,Dallas,TX,75201,USA,"2325 Oak St, Dallas, TX 75201, USA",PCP0049,Active,EHR,P01653,ING-PAT-20261005-01653,2026-10-05T11:20:39,2026-10-05T11:22:39,2025-07-21T11:22:39,2026-10-05T11:22:39,2026-10-05T09:54:39,dd6b98f320fbbe59e8b5e28db618b55912ea757da3b61f219475303d55740127,CURRENT,True
101654,P01654,318491218aa2248b981d987cbb1704582cfc36ee6756ee40647135c837731897,MEM7001654,GRP1014,OakStreet-East,146-36-9902,John,Anderson,1955-05-01,F,+13332157212,5109 Market Blvd,,Atlanta,GA,30303,USA,"5109 Market Blvd, Atlanta, GA 30303, USA",PCP0077,Active,EHR,P01654,ING-PAT-20261005-01654,2026-10-05T11:20:42,2026-10-05T11:22:42,2022-05-24T11:22:42,2026-10-05T11:22:42,2026-10-05T09:42:42,65f9eae3f0937e7a1a77019b9c60dc19092c6e2c001f5bb32e110605433b31bf,CURRENT,True
101655,P01655,8c4b428d7ca15cf78c4a635fda2b5458f93eafc81da373e2ba021b4ca540ca11,MEM7001655,GRP1015,OakStreet-Southwest,875-99-2108,Sarah,Martinez,1961-09-13,M,+17343493589,8971 Pine Ave,,Atlanta,GA,30303,USA,"8971 Pine Ave, Atlanta, GA 30303, USA",PCP0043,Active,EHR,P01655,ING-PAT-20261005-01655,2026-10-05T11:20:45,2026-10-05T11:22:45,2024-03-06T11:22:45,2026-10-05T11:22:45,2026-10-05T09:56:45,4e40e4bb6d6af0ada2d9ac44f2fff2c2eb8676d4e79f4ce568a34ba769ebf4c2,CURRENT,True
101656,P01656,ec668ff7a565a2cb1ba090c915616f92a4bd976be16e49c118a61ca1e7949d07,MEM7001656,GRP1016,OakStreet-Central,393-61-6714,Joseph,Moore,1941-10-18,M,+12812987436,7102 Lake Ave,,Houston,TX,77024,USA,"7102 Lake Ave, Houston, TX 77024, USA",PCP0025,Active,EHR,P01656,ING-PAT-20261005-01656,2026-10-05T11:20:48,2026-10-05T11:22:48,2022-12-15T11:22:48,2026-10-05T11:22:48,2026-10-05T08:51:48,ebd0feac4fca69564a4032b51c9bd7a44b1624d51dca9c30812f1ac61701401c,CURRENT,True
101657,P01657,fff8907f300df4759f80c4fd19e3261730b70b6783ba31967c62bc1b72e0e308,MEM7001657,GRP1017,OakStreet-South,759-37-9684,Daniel,White,1949-12-27,M,+15978323061,528 Lake St,,Phoenix,AZ,85004,USA,"528 Lake St, Phoenix, AZ 85004, USA",PCP0115,Active,EHR,P01657,ING-PAT-20261005-01657,2026-10-05T11:20:51,2026-10-05T11:22:51,2022-06-30T11:22:51,2026-10-05T11:22:51,2026-10-05T11:12:51,68b309081dc9dec1c2ec71280f935d31aa4a49974e69888b0c4b8b4699c32433,CURRENT,True
101658,P01658,c84730d8b2100db8ddc8e17332534564f716d71756d3101c99b294b72a3b8d1c,MEM7001658,GRP1018,OakStreet-East,852-76-8638,Nancy,Smith,1967-05-21,F,+18536957272,2830 Washington Ave,,Orlando,FL,32801,USA,"2830 Washington Ave, Orlando, FL 32801, USA",PCP0095,Active,EHR,P01658,ING-PAT-20261005-01658,2026-10-05T11:20:54,2026-10-05T11:22:54,2024-05-10T11:22:54,2026-10-05T11:22:54,2026-10-05T10:28:54,a0723a2e55e525f495ac2a869e35bf0b20e679d185e29d6d4a1cd350e7eb5a60,CURRENT,True
101659,P01659,1b29edf53537974100530dedde029abb59144d001f97aea60a7fd378ad59bdbb,MEM7001659,GRP1019,OakStreet-Southwest,409-94-9785,Joseph,Garcia,1951-06-22,M,+16159709917,3295 Pine Blvd,,Chicago,IL,60601,USA,"3295 Pine Blvd, Chicago, IL 60601, USA",PCP0029,Active,EHR,P01659,ING-PAT-20261005-01659,2026-10-05T11:20:57,2026-10-05T11:22:57,2024-04-20T11:22:57,2026-10-05T11:22:57,2026-10-05T08:02:57,5aab746cea3ab71d87d1cc47aff1bbe703d5700305e926fd1b607e7832385771,CURRENT,True
101660,P01660,a0ff5a933f25cf894f884fe3f75af55861982a83c4eea347700df11173943600,MEM7001660,GRP1020,OakStreet-Central,363-94-2225,Michael,Gonzalez,1979-05-16,M,+13895102447,9998 Main St,,Houston,TX,77002,USA,"9998 Main St, Houston, TX 77002, USA",PCP0114,Active,EHR,P01660,ING-PAT-20261005-01660,2026-10-05T11:21:00,2026-10-05T11:23:00,2025-06-23T11:23:00,2026-10-05T11:23:00,2026-10-05T09:44:00,23aa4ae9a311c6c160218217b6b10418472c232cca5f29937ecb4eafb14c6d1b,CURRENT,True
101661,P01661,40836ab967021024d2853bcc792557cc52748d980e93bbb547932bb727b73b1c,MEM7001661,GRP1021,OakStreet-South,384-18-4240,Elizabeth,Jones,2000-10-06,M,+16227108493,605 Washington Rd,,Orlando,FL,32801,USA,"605 Washington Rd, Orlando, FL 32801, USA",PCP0003,Inactive,EHR,P01661,ING-PAT-20261005-01661,2026-10-05T11:21:03,2026-10-05T11:23:03,2023-11-21T11:23:03,2026-10-05T11:23:03,2026-10-05T09:46:03,f06ed68882a0061147a5611652d4b6027f830481217b67b9e94e2ce7ffaf6d5e,CURRENT,True
101662,P01662,bfa153d67bdfd455b09ccc88446c49783127460f90fcfc04332977bf3fac4ac6,MEM7001662,GRP1022,OakStreet-East,287-49-2361,Ashley,Davis,1940-09-15,M,+12053055041,4555 Park St,,Atlanta,GA,30303,USA,"4555 Park St, Atlanta, GA 30303, USA",PCP0041,Active,EHR,P01662,ING-PAT-20261005-01662,2026-10-05T11:21:06,2026-10-05T11:23:06,2024-07-02T11:23:06,2026-10-05T11:23:06,2026-10-05T08:22:06,db2e5c01bdaa3c722b3e4bc5fac7598d9966c1c8d5db25d96baef40cdbd65b53,CURRENT,True
101663,P01663,cd4da10f4fde1e96a06ef629d14e8dab98faa3d9be4bcaa4aeb6842fa5a51184,MEM7001663,GRP1023,OakStreet-Southwest,859-14-2776,Margaret,Martinez,1996-08-20,F,+15416723909,8142 Washington Blvd,Apt 802,Houston,TX,77002,USA,"8142 Washington Blvd Apt 802, Houston, TX 77002, USA",PCP0058,Active,EHR,P01663,ING-PAT-20261005-01663,2026-10-05T11:21:09,2026-10-05T11:23:09,2024-01-12T11:23:09,2026-10-05T11:23:09,2026-10-05T08:42:09,3b3b4705f533c2653d0a8de3a1c35fd9faf018d502529e1c57dc3b29126f6ecd,CURRENT,True
101664,P01664,147b0643c433984153e4de828078e44a69ff6d347978942dbe84619763f96ed9,MEM7001664,GRP1024,OakStreet-Central,235-92-4063,Jessica,Sanchez,1949-09-17,F,+17905193976,5520 Park Ave,,Dallas,TX,75201,USA,"5520 Park Ave, Dallas, TX 75201, USA",PCP0056,Active,EHR,P01664,ING-PAT-20261005-01664,2026-10-05T11:21:12,2026-10-05T11:23:12,2024-05-30T11:23:12,2026-10-05T11:23:12,2026-10-05T07:38:12,7a31caf33e2354dd20e5f0cfac5d46db50b761ee799194d56dfdf2980cfe2f91,CURRENT,True
101665,P01665,b7a004034e4b59c224c8f1e8fa518e1f2d5e860608fda3755e3c82721f6ced23,MEM7001665,GRP1025,OakStreet-South,395-13-8838,Robert,Sanchez,1949-10-14,M,+19706157602,5300 Park Blvd,,San Antonio,TX,78205,USA,"5300 Park Blvd, San Antonio, TX 78205, USA",PCP0060,Active,EHR,P01665,ING-PAT-20261005-01665,2026-10-05T11:21:15,2026-10-05T11:23:15,2023-07-24T11:23:15,2026-10-05T11:23:15,2026-10-05T08:52:15,9bb307b5dd85b5a00cf9f337c6fc22255ea38246bc7ba4db4ca499a6e725444d,CURRENT,True
101666,P01666,37045c890aa7639863bd6bb01bdf75c1d5b9e364b12860940148724bb68995af,MEM7001666,GRP1026,OakStreet-East,737-21-3428,Jennifer,Rodriguez,1960-04-08,M,+18603949760,8895 Oak Ave,,Atlanta,GA,30303,USA,"8895 Oak Ave, Atlanta, GA 30303, USA",PCP0102,Active,EHR,P01666,ING-PAT-20261005-01666,2026-10-05T11:21:18,2026-10-05T11:23:18,2022-04-01T11:23:18,2026-10-05T11:23:18,2026-10-05T08:40:18,65a710622bd248022a5aedbaf0308081990e720fa18e0148a512a10d21d81df3,CURRENT,True
101667,P01667,e9e55579dca58d4674b66a2fbf1ff09fad2390ab8d078398f2dd5c00c7286534,MEM7001667,GRP1027,OakStreet-Southwest,697-67-5751,David,Lee,1989-02-12,M,+13399633388,2764 Pine Ave,Apt 129,Atlanta,GA,30303,USA,"2764 Pine Ave Apt 129, Atlanta, GA 30303, USA",PCP0076,Active,EHR,P01667,ING-PAT-20261005-01667,2026-10-05T11:21:21,2026-10-05T11:23:21,2024-08-31T11:23:21,2026-10-05T11:23:21,2026-10-05T07:35:21,073a3f39d31ee3941187ee75e864db3f80726710d9c146f9cc92e6e1f3a999d2,CURRENT,True
101668,P01668,f0f56c3b28776b85a9e61a9617206cc58ba3a7d6afee7f9f8fabb201bc0b396b,MEM7001668,GRP1028,OakStreet-Central,833-13-1852,Barbara,Walker,1978-08-14,F,+17596193732,7934 Lake Ave,,Orlando,FL,32801,USA,"7934 Lake Ave, Orlando, FL 32801, USA",PCP0039,Active,EHR,P01668,ING-PAT-20261005-01668,2026-10-05T11:21:24,2026-10-05T11:23:24,2022-07-24T11:23:24,2026-10-05T11:23:24,2026-10-05T08:11:24,10e79894ef2983c09b95ddcb8a3fbff12f058fae757cb87ece77b5915739e625,CURRENT,True
101669,P01669,2678e0469ae549c38cb0f03d1ed3457d1ce7a0aa38ca32e844d03584a2c868cb,MEM7001669,GRP1029,OakStreet-South,360-27-5439,David,Jones,1960-06-07,F,+13526238745,8150 Lake Ave,,Houston,TX,77002,USA,"8150 Lake Ave, Houston, TX 77002, USA",PCP0076,Active,EHR,P01669,ING-PAT-20261005-01669,2026-10-05T11:21:27,2026-10-05T11:23:27,2022-02-07T11:23:27,2026-10-05T11:23:27,2026-10-05T10:56:27,9d016ff65cc173e378201d952fe1b3d57ad6047e363742af9d4cdf57fdace7bd,CURRENT,True
101670,P01670,cbf4a5480c05c708e6a83139bf62cd3cf184f84a8efb8d2cc85b5c1a3336c7f4,MEM7001670,GRP1030,OakStreet-East,578-36-2614,James,Ramirez,1990-06-10,M,+17262815972,2519 Oak Blvd,,Orlando,FL,32801,USA,"2519 Oak Blvd, Orlando, FL 32801, USA",PCP0070,Active,EHR,P01670,ING-PAT-20261005-01670,2026-10-05T11:21:30,2026-10-05T11:23:30,2024-06-07T11:23:30,2026-10-05T11:23:30,2026-10-05T09:56:30,2851e3dc60ab1402bad4578495c24f08115a28fc1df123b32da09fd8852bd8ff,CURRENT,True
101671,P01671,f49e7901d314c2a6126ff9504907186d0fd8e445da69b7d0a777de81ed8575cb,MEM7001671,GRP1031,OakStreet-Southwest,726-43-9682,Jennifer,Lee,1980-09-11,M,+19647495559,636 Market Ave,,Phoenix,AZ,85004,USA,"636 Market Ave, Phoenix, AZ 85004, USA",PCP0117,Active,EHR,P01671,ING-PAT-20261005-01671,2026-10-05T11:21:33,2026-10-05T11:23:33,2025-04-25T11:23:33,2026-10-05T11:23:33,2026-10-05T07:58:33,437b9b5ed98c410b9a7a532aa60d6218d44dccf6be7d2b2685a9dc675bb2291a,CURRENT,True
101672,P01672,bfaee98a0f67b7a5c1c7b034854b4cfa08dabd50fb2ef696ccfedc6eccd367da,MEM7001672,GRP1032,OakStreet-Central,672-53-3735,Joseph,Robinson,1949-02-01,M,+13637775902,228 Market Ave,,Orlando,FL,32801,USA,"228 Market Ave, Orlando, FL 32801, USA",PCP0012,Active,EHR,P01672,ING-PAT-20261005-01672,2026-10-05T11:21:36,2026-10-05T11:23:36,2025-08-03T11:23:36,2026-10-05T11:23:36,2026-10-05T11:17:36,749ec50f2558e4fc9eb5d30e94693b1caf69cce7c3a1c525e1a5675719175d6a,CURRENT,True
101673,P01673,37c3e3d412026a772189c8c3f62c5874ffdd6bdd30e4d88706548f9cf65f1b32,MEM7001673,GRP1033,OakStreet-South,138-70-5744,Richard,Ramirez,1940-03-03,F,+14253924430,7421 Washington Blvd,,Houston,TX,77005,USA,"7421 Washington Blvd, Houston, TX 77005, USA",PCP0082,Active,EHR,P01673,ING-PAT-20261005-01673,2026-10-05T11:21:39,2026-10-05T11:23:39,2025-10-15T11:23:39,2026-10-05T11:23:39,2026-10-05T10:19:39,11d9e87eb70c6c99af71068faddbc5d5dd46d535035759817188c21168237786,CURRENT,True
101674,P01674,752a530a995385fec45d4ad594a466be220577cfbc84f9123cb1cf2a2376abf4,MEM7001674,GRP1034,OakStreet-East,883-81-0623,Karen,Rodriguez,1977-08-13,M,+15352991682,1159 Main Ave,,Houston,TX,77002,USA,"1159 Main Ave, Houston, TX 77002, USA",PCP0004,Active,EHR,P01674,ING-PAT-20261005-01674,2026-10-05T11:21:42,2026-10-05T11:23:42,2025-11-05T11:23:42,2026-10-05T11:23:42,2026-10-05T08:59:42,a19026c44fb82542cffd47db7d5e51a8ffd40c8865c790860047941f13da66b4,CURRENT,True
101675,P01675,03be76e0f18d09fb099a93487075d9588295c767d92eb80eaee9bbb8589ac10d,MEM7001675,GRP1035,OakStreet-Southwest,709-71-3415,Ashley,Sanchez,1967-09-11,F,+15452843996,4009 Washington Rd,,San Antonio,TX,78205,USA,"4009 Washington Rd, San Antonio, TX 78205, USA",PCP0117,Active,EHR,P01675,ING-PAT-20261005-01675,2026-10-05T11:21:45,2026-10-05T11:23:45,2023-03-13T11:23:45,2026-10-05T11:23:45,2026-10-05T10:12:45,01bae51d8abe893c4b062806e01fbd42281373375f524d03ef5feb230cfacc3a,CURRENT,True
101676,P01676,d600bb28977e692e0c7b3b02e8277e59e524a0e1f6561a5f5161fcd1764fba53,MEM7001676,GRP1036,OakStreet-Central,472-17-7227,Susan,Jones,1936-10-06,M,+14772174563,4282 Park Ave,Apt 55,Houston,TX,77002,USA,"4282 Park Ave Apt 55, Houston, TX 77002, USA",PCP0106,Active,EHR,P01676,ING-PAT-20261005-01676,2026-10-05T11:21:48,2026-10-05T11:23:48,2022-10-31T11:23:48,2026-10-05T11:23:48,2026-10-05T07:40:48,bc89b2b03f72a74413061f41fc7fe2fa74beb755646ca60e3e62c037b6f50b0a,CURRENT,True
101677,P01677,5684919d5d55aa52f5745a19f3a9c0518d956064bed7a20e36925d82c58a30fd,MEM7001677,GRP1037,OakStreet-South,164-30-9299,John,Walker,1939-01-16,F,+19034272720,4079 Main Blvd,,Houston,TX,77024,USA,"4079 Main Blvd, Houston, TX 77024, USA",PCP0006,Active,EHR,P01677,ING-PAT-20261005-01677,2026-10-05T11:21:51,2026-10-05T11:23:51,2024-06-19T11:23:51,2026-10-05T11:23:51,2026-10-05T08:17:51,e4a5c574ac95e201a87a5dfc8a7839a256f619445acbde1cfadf002c451b0cb2,CURRENT,True
101678,P01678,55efc7c1981d357b24dba6438ece252699001e1b065443235ebbb1bbf8429b9a,MEM7001678,GRP1038,OakStreet-East,548-43-9516,Matthew,Moore,1981-07-06,F,+17413312432,9276 Washington Ave,,Orlando,FL,32801,USA,"9276 Washington Ave, Orlando, FL 32801, USA",PCP0007,Active,EHR,P01678,ING-PAT-20261005-01678,2026-10-05T11:21:54,2026-10-05T11:23:54,2023-01-26T11:23:54,2026-10-05T11:23:54,2026-10-05T08:52:54,f581f1a50d13f7b5269e2b2e031af6bc5a9fe27bcc351727763d36832c040688,CURRENT,True
101679,P01679,70ec31dc20ab9fb3d7193c6efd90254fca0bafa5d6ad7e2d4647cb55254721ee,MEM7001679,GRP1039,OakStreet-Southwest,346-96-3339,Mark,Lopez,1992-03-25,F,+17235021274,3033 Pine Ave,Apt 66,Austin,TX,78701,USA,"3033 Pine Ave Apt 66, Austin, TX 78701, USA",PCP0071,Active,EHR,P01679,ING-PAT-20261005-01679,2026-10-05T11:21:57,2026-10-05T11:23:57,2025-08-09T11:23:57,2026-10-05T11:23:57,2026-10-05T08:27:57,f0e0a7843bb8090016bff8ceebe3fa19f588d266bc8a8bbe7d7758a5ee51c725,CURRENT,True
101680,P01680,c99ed5cebb4328c5dc87e5181a3d63e5df3159cbb69aa13aa945e21a8ed30430,MEM7001680,GRP1000,OakStreet-Central,503-78-5800,William,Williams,1996-11-05,F,+16017584903,568 Main Ave,,Austin,TX,78701,USA,"568 Main Ave, Austin, TX 78701, USA",PCP0117,Active,EHR,P01680,ING-PAT-20261005-01680,2026-10-05T11:22:00,2026-10-05T11:24:00,2022-06-07T11:24:00,2026-10-05T11:24:00,2026-10-05T10:25:00,7fb0877d833541dcd29df2e67db592fc2e0e817e9dd55fb1ba5efa79adc12f3c,CURRENT,True
101681,P01681,d3d14a4193d813ee83f94d3301ae4b07ff5a2c18790b2346683d815313c62319,MEM7001681,GRP1001,OakStreet-South,536-36-2295,Margaret,Lopez,1955-05-15,F,+16402661518,8072 Main Rd,,Atlanta,GA,30303,USA,"8072 Main Rd, Atlanta, GA 30303, USA",PCP0003,Active,EHR,P01681,ING-PAT-20261005-01681,2026-10-05T11:22:03,2026-10-05T11:24:03,2023-07-14T11:24:03,2026-10-05T11:24:03,2026-10-05T10:12:03,d380914497d0a91ba9219bd89a411074ed0ed1f9c8999600b42064daec16dc30,CURRENT,True
101682,P01682,df57aaf82e81e1b14bbe9707fc5d73a6c0fc5e481774cc7c9430e70f9d2b0687,MEM7001682,GRP1002,OakStreet-East,286-61-7753,Mark,Jackson,1990-11-08,F,+17006705641,8778 Washington Ave,,Phoenix,AZ,85004,USA,"8778 Washington Ave, Phoenix, AZ 85004, USA",PCP0118,Active,EHR,P01682,ING-PAT-20261005-01682,2026-10-05T11:22:06,2026-10-05T11:24:06,2024-03-28T11:24:06,2026-10-05T11:24:06,2026-10-05T09:29:06,358e14b255407c70ca278f57d430b1afa690f1a25c1aca5cc8240ea996871eb2,CURRENT,True
101683,P01683,7a1b9208bb4b6a675d434df4e9174ac4c05a38aa78042123fd8f1d53c9178678,MEM7001683,GRP1003,OakStreet-Southwest,254-77-2047,Mary,Jackson,1935-10-08,M,+19767133883,5617 Pine Rd,Apt 80,Atlanta,GA,30303,USA,"5617 Pine Rd Apt 80, Atlanta, GA 30303, USA",PCP0015,Active,EHR,P01683,ING-PAT-20261005-01683,2026-10-05T11:22:09,2026-10-05T11:24:09,2022-12-10T11:24:09,2026-10-05T11:24:09,2026-10-05T10:22:09,f87a01c37fd0f01d6527e4c7d45a0387ae423c0f3cc6c41ab5eb6550d438e277,CURRENT,True
101684,P01684,584587315ef8f253b3a0912b1accee60b1367888fc15fc014a0bc9aad6b78810,MEM7001684,GRP1004,OakStreet-Central,504-22-5751,Karen,Lee,1950-06-02,F,+19843963718,3421 Washington St,,Atlanta,GA,30303,USA,"3421 Washington St, Atlanta, GA 30303, USA",PCP0035,Active,EHR,P01684,ING-PAT-20261005-01684,2026-10-05T11:22:12,2026-10-05T11:24:12,2023-01-06T11:24:12,2026-10-05T11:24:12,2026-10-05T09:53:12,117844766573cdd22ada7601717fd87574581c38f5410f910e2e130bf1a8494d,CURRENT,True
101685,P01685,a230e7b00ac453282cb377d0cea8ec5e3c852273b873fcb9c66a51e8c3f82595,MEM7001685,GRP1005,OakStreet-South,255-23-7986,Mark,Moore,1938-01-21,F,+12204639629,8349 Park Ave,,Dallas,TX,75201,USA,"8349 Park Ave, Dallas, TX 75201, USA",PCP0100,Active,EHR,P01685,ING-PAT-20261005-01685,2026-10-05T11:22:15,2026-10-05T11:24:15,2024-01-04T11:24:15,2026-10-05T11:24:15,2026-10-05T11:10:15,97af633d6c305920558653d412af525814dcc349a40970ac3ac7b6ad3c0af2d4,CURRENT,True
101686,P01686,2ccfd37770b595efe12f6eb34f1b360894780872612e827f34ff2ae35067bcc5,MEM7001686,GRP1006,OakStreet-East,167-54-8126,Susan,Lopez,1981-10-19,M,+14383337576,4852 Main Ave,,Houston,TX,77002,USA,"4852 Main Ave, Houston, TX 77002, USA",PCP0035,Active,EHR,P01686,ING-PAT-20261005-01686,2026-10-05T11:22:18,2026-10-05T11:24:18,2025-10-09T11:24:18,2026-10-05T11:24:18,2026-10-05T08:21:18,b4547bc7506e2a54f8d83f032b1490e0fb9386b2fd99f4605bd07dea3c36accb,CURRENT,True
101687,P01687,3123fd1ed1520c4cfa1a7946d3413291e566a3f55ff6771770d11c7e084b7deb,MEM7001687,GRP1007,OakStreet-Southwest,552-20-3955,Mary,Taylor,1935-04-02,M,+19146816378,6793 Main Ave,Apt 1,Houston,TX,77005,USA,"6793 Main Ave Apt 1, Houston, TX 77005, USA",PCP0113,Active,EHR,P01687,ING-PAT-20261005-01687,2026-10-05T11:22:21,2026-10-05T11:24:21,2023-07-04T11:24:21,2026-10-05T11:24:21,2026-10-05T10:20:21,5242adbfb005ca1c560d16c83c4afaafb24718422edd5c8a23c54ed29547f1a0,CURRENT,True
101688,P01688,2982c123e76dcaa4cc4992891db32535cdc7dbee8b9e74461fa50d8a1372d0b8,MEM7001688,GRP1008,OakStreet-Central,240-38-9957,Barbara,Harris,1979-02-15,M,+14628128355,5150 Washington St,,Houston,TX,77002,USA,"5150 Washington St, Houston, TX 77002, USA",PCP0091,Active,EHR,P01688,ING-PAT-20261005-01688,2026-10-05T11:22:24,2026-10-05T11:24:24,2022-02-06T11:24:24,2026-10-05T11:24:24,2026-10-05T10:58:24,6c75f6769b57f961e809dd44eda5fefce27174bf0ceca097a3a77aa42abef4f4,CURRENT,True
101689,P01689,dbd159a974e0468a2218e43661c8af840a00979981f3fff4b81bee7695d1556b,MEM7001689,GRP1009,OakStreet-South,186-51-1585,Nancy,Thompson,1943-05-22,M,+14144377562,9961 Main Rd,,San Antonio,TX,78205,USA,"9961 Main Rd, San Antonio, TX 78205, USA",PCP0036,Inactive,EHR,P01689,ING-PAT-20261005-01689,2026-10-05T11:22:27,2026-10-05T11:24:27,2023-09-09T11:24:27,2026-10-05T11:24:27,2026-10-05T10:38:27,4ea6430596992e9c7b778f4956921630468479794d1b88f7f58796d54d288419,CURRENT,True
101690,P01690,e1c159db5f0e96e9d0b81879f90bd74b428aab0a2e76f7fee5cc74e8be497664,MEM7001690,GRP1010,OakStreet-East,535-54-9118,Robert,White,1939-02-18,M,+17073307739,9726 Park Blvd,,Houston,TX,77002,USA,"9726 Park Blvd, Houston, TX 77002, USA",PCP0105,Active,EHR,P01690,ING-PAT-20261005-01690,2026-10-05T11:22:30,2026-10-05T11:24:30,2021-11-21T11:24:30,2026-10-05T11:24:30,2026-10-05T08:55:30,bc322fd8f17a69266e91d86c364b414d295a9b06346ab614937dae13c4bbc818,CURRENT,True
101691,P01691,7527ca68d907c4b57e29e41ac8744ef7af9317aabb938afbd86499fe9ccb53cc,MEM7001691,GRP1011,OakStreet-Southwest,393-54-7324,John,Smith,1964-05-03,M,+19344439634,6159 Main Rd,,Houston,TX,77024,USA,"6159 Main Rd, Houston, TX 77024, USA",PCP0043,Active,EHR,P01691,ING-PAT-20261005-01691,2026-10-05T11:22:33,2026-10-05T11:24:33,2023-03-09T11:24:33,2026-10-05T11:24:33,2026-10-05T07:46:33,8251c948a7a418045dd60cb92a2a0abdab9ebf3cdb584f4e990f034361bd6c44,CURRENT,True
101692,P01692,c6ce8e13849f8b576412a9af009adadb7e36915a564614fa3089602db9bb794f,MEM7001692,GRP1012,OakStreet-Central,194-54-4354,Linda,Clark,1961-01-10,F,+17985215190,5271 Pine Rd,,Chicago,IL,60601,USA,"5271 Pine Rd, Chicago, IL 60601, USA",PCP0035,Active,EHR,P01692,ING-PAT-20261005-01692,2026-10-05T11:22:36,2026-10-05T11:24:36,2025-11-06T11:24:36,2026-10-05T11:24:36,2026-10-05T10:07:36,609fc550ed79ee5d8ce257b8ec209fd9449dda7e2c3b1fcb364cf3e91f1f3352,CURRENT,True
101693,P01693,280340720fe282fc397d44dfb571e2e8043b156bc3f1201bfae79d025f410d11,MEM7001693,GRP1013,OakStreet-South,794-63-3878,John,Lewis,1964-07-02,F,+15996381628,7587 Oak St,,Dallas,TX,75201,USA,"7587 Oak St, Dallas, TX 75201, USA",PCP0052,Active,EHR,P01693,ING-PAT-20261005-01693,2026-10-05T11:22:39,2026-10-05T11:24:39,2024-11-22T11:24:39,2026-10-05T11:24:39,2026-10-05T07:59:39,0048531ead2f79f55f64cbc56f5cf774abe1a7d925998bc99be93bec35ca4b24,CURRENT,True
101694,P01694,84524ae58b968ecd8f05a1718d81389a4eb3a46417d50d53a4d2c503d3681897,MEM7001694,GRP1014,OakStreet-East,593-24-1704,Steven,Clark,1995-08-21,M,+13632878750,3222 Oak Rd,,Chicago,IL,60601,USA,"3222 Oak Rd, Chicago, IL 60601, USA",PCP0054,Active,EHR,P01694,ING-PAT-20261005-01694,2026-10-05T11:22:42,2026-10-05T11:24:42,2023-04-28T11:24:42,2026-10-05T11:24:42,2026-10-05T10:02:42,0986ff6963007ed00747cf055b419e2762b3aeeec4c054e2ec284034ccc961a1,CURRENT,True
101695,P01695,b1439d988ac230e16f8283601b6fda59e6d144e7832f544c952fc70dd57db812,MEM7001695,GRP1015,OakStreet-Southwest,750-97-5387,Nancy,Sanchez,1977-05-08,M,+14568191092,4094 Park St,,Austin,TX,78701,USA,"4094 Park St, Austin, TX 78701, USA",PCP0098,Active,EHR,P01695,ING-PAT-20261005-01695,2026-10-05T11:22:45,2026-10-05T11:24:45,2025-04-12T11:24:45,2026-10-05T11:24:45,2026-10-05T09:57:45,4b47cba8d76feb0e5bc491714e6f5a3aa62692a587081cf18909957b5bbdf668,CURRENT,True
101696,P01696,d7f8c55fb2f1b458146b049b4a4e02333bea907627a1eaaee581a8b1be91e9f5,MEM7001696,GRP1016,OakStreet-Central,760-24-7041,Ashley,Williams,1935-11-26,M,+19377971647,928 Market Blvd,,Dallas,TX,75201,USA,"928 Market Blvd, Dallas, TX 75201, USA",PCP0119,Active,EHR,P01696,ING-PAT-20261005-01696,2026-10-05T11:22:48,2026-10-05T11:24:48,2023-11-18T11:24:48,2026-10-05T11:24:48,2026-10-05T09:51:48,165039d7ee5c28984040b9953a77dbee28b2b7c4a1ddc0022ba8a0ff40218b17,CURRENT,True
101697,P01697,5ae5f5f100deab431e607f27116ad5bc2f04fb308373dd9017938f766fd68364,MEM7001697,GRP1017,OakStreet-South,593-90-9180,Charles,Lewis,1999-06-13,F,+15467439288,8335 Main Blvd,Apt 484,Houston,TX,77024,USA,"8335 Main Blvd Apt 484, Houston, TX 77024, USA",PCP0120,Active,EHR,P01697,ING-PAT-20261005-01697,2026-10-05T11:22:51,2026-10-05T11:24:51,2024-01-15T11:24:51,2026-10-05T11:24:51,2026-10-05T11:14:51,0b43b10fd39364b9ac4f2c40cd25f7a37d366bc2ab4b5f982289ee232cbd58a2,CURRENT,True
101698,P01698,1690ad23ff3394453fff42176c8d48362ddd951917eea74fa4f6a8873c9e6186,MEM7001698,GRP1018,OakStreet-East,811-62-5696,Betty,Gonzalez,1977-06-16,F,+12675494886,7957 Oak Ave,Apt 848,Atlanta,GA,30303,USA,"7957 Oak Ave Apt 848, Atlanta, GA 30303, USA",PCP0023,Active,EHR,P01698,ING-PAT-20261005-01698,2026-10-05T11:22:54,2026-10-05T11:24:54,2024-10-29T11:24:54,2026-10-05T11:24:54,2026-10-05T10:54:54,8645d45e3880543e0a5bf080f4da5e92454a4f84f46b0a28420ce333e196b89a,CURRENT,True
101699,P01699,8ba532c4e05a6510768e2758c358cd606ce64119728c010ae49601a85bb7cf2c,MEM7001699,GRP1019,OakStreet-Southwest,445-59-9476,Joseph,Perez,2001-04-15,M,+12532833176,5616 Washington Rd,,Houston,TX,77002,USA,"5616 Washington Rd, Houston, TX 77002, USA",PCP0118,Active,EHR,P01699,ING-PAT-20261005-01699,2026-10-05T11:22:57,2026-10-05T11:24:57,2024-08-27T11:24:57,2026-10-05T11:24:57,2026-10-05T07:28:57,4ca61e18839e7bc49c8dde85758f0aa7e8a7e991ed5b3807deddb70d83eb1ba0,CURRENT,True
101700,P01700,1b78834e0a902ccf2e76ad1e8c363b120a3c0f7486078d06f7b676fcf0ad451f,MEM7001700,GRP1020,OakStreet-Central,360-55-4698,Susan,Rodriguez,1981-09-11,M,+17283476484,3376 Oak Rd,,Houston,TX,77005,USA,"3376 Oak Rd, Houston, TX 77005, USA",PCP0033,Active,EHR,P01700,ING-PAT-20261005-01700,2026-10-05T11:23:00,2026-10-05T11:25:00,2022-12-18T11:25:00,2026-10-05T11:25:00,2026-10-05T10:55:00,f1b21d1c0d184a1929902617353ffe480d6319fe350f10ac72188fdaa7d2dc71,CURRENT,True
101701,P01701,1d752f15bfd95610676e3b35bd99bc3f81e8087706887d58d38361024c21238a,MEM7001701,GRP1021,OakStreet-South,798-62-4487,Mary,Sanchez,1957-12-12,M,+19347182729,5581 Lake St,,Houston,TX,77002,USA,"5581 Lake St, Houston, TX 77002, USA",PCP0013,Active,EHR,P01701,ING-PAT-20261005-01701,2026-10-05T11:23:03,2026-10-05T11:25:03,2024-02-04T11:25:03,2026-10-05T11:25:03,2026-10-05T07:26:03,46da127d297af1e7a26f67c3acc3e50368ff32012e47f9c6380fa9e5ab791eac,CURRENT,True
101702,P01702,ad756f79f1683879bb2cff8356017414ff61e6d00fd9de596135c4b317211f1a,MEM7001702,GRP1022,OakStreet-East,594-11-5730,Mark,Williams,1945-03-22,M,+16432266926,1076 Washington St,,Houston,TX,77002,USA,"1076 Washington St, Houston, TX 77002, USA",PCP0069,Active,EHR,P01702,ING-PAT-20261005-01702,2026-10-05T11:23:06,2026-10-05T11:25:06,2022-12-06T11:25:06,2026-10-05T11:25:06,2026-10-05T11:00:06,6b354d919c7285bc666d154ba801746b3c73f6293d50500d19799ec7f908d6c5,CURRENT,True
101703,P01703,a61e125806c7a8b92a9a303a96b078275556b58100f3bcdae766298cfa3d19ea,MEM7001703,GRP1023,OakStreet-Southwest,252-17-7995,Linda,Williams,1939-04-11,M,+19135066818,5354 Market Rd,,Phoenix,AZ,85004,USA,"5354 Market Rd, Phoenix, AZ 85004, USA",PCP0054,Active,EHR,P01703,ING-PAT-20261005-01703,2026-10-05T11:23:09,2026-10-05T11:25:09,2023-11-28T11:25:09,2026-10-05T11:25:09,2026-10-05T10:19:09,8424309f4f559be9d7c3a2f652a9dc79b06162c9b364a1f8da78a300778d3556,CURRENT,True
101704,P01704,96a1581e214ae731562cb92075b7e8310e2bc0b8bebc5132c61f84f0476a97bc,MEM7001704,GRP1024,OakStreet-Central,784-49-9351,Jessica,Brown,1979-07-09,M,+15243641365,2741 Oak St,,Phoenix,AZ,85004,USA,"2741 Oak St, Phoenix, AZ 85004, USA",PCP0106,Active,EHR,P01704,ING-PAT-20261005-01704,2026-10-05T11:23:12,2026-10-05T11:25:12,2021-11-25T11:25:12,2026-10-05T11:25:12,2026-10-05T07:26:12,dae2d8c496dce1558ac7a077d7f9514b7a533c2b6f8540ddaf6c28edf064866e,CURRENT,True
101705,P01705,a1d6eab7648bf5cb7beef94de72b0b5a26e36e0bb0feafcfe9416ab1ebe6bb86,MEM7001705,GRP1025,OakStreet-South,633-26-6452,Betty,Johnson,1981-12-20,F,+19356688093,2637 Park Blvd,,Houston,TX,77005,USA,"2637 Park Blvd, Houston, TX 77005, USA",PCP0101,Active,EHR,P01705,ING-PAT-20261005-01705,2026-10-05T11:23:15,2026-10-05T11:25:15,2024-08-12T11:25:15,2026-10-05T11:25:15,2026-10-05T07:58:15,1bc7727ec63b4f360235a3a7394cedb53dba2208c5f010ce6ebdc6fd68afed27,CURRENT,True
101706,P01706,519f03411884871867fefae7a11c1a6aa6e9d35e9d9d4285c572b02349b2cf2d,MEM7001706,GRP1026,OakStreet-East,721-62-1324,Jessica,Thompson,1939-08-14,M,+16839813465,8108 Pine Blvd,,Dallas,TX,75201,USA,"8108 Pine Blvd, Dallas, TX 75201, USA",PCP0020,Active,EHR,P01706,ING-PAT-20261005-01706,2026-10-05T11:23:18,2026-10-05T11:25:18,2025-02-26T11:25:18,2026-10-05T11:25:18,2026-10-05T09:02:18,7ecd919addd4baaa790cdb5675ade98389e14d8ac6383ce68e88532c597d9e92,CURRENT,True
101707,P01707,f57420f19404464903cdb778e0806734d32c633141f59769a003e72a9cba3b24,MEM7001707,GRP1027,OakStreet-Southwest,602-46-8070,William,Robinson,2002-10-13,F,+13662734020,9692 Washington Ave,,Orlando,FL,32801,USA,"9692 Washington Ave, Orlando, FL 32801, USA",PCP0089,Active,EHR,P01707,ING-PAT-20261005-01707,2026-10-05T11:23:21,2026-10-05T11:25:21,2023-11-30T11:25:21,2026-10-05T11:25:21,2026-10-05T07:42:21,08425632a8bfc4e080c730c453777a11339e698fedd4c7f989e32460a1e9fd25,CURRENT,True
101708,P01708,59465a8f13b478975ec6b854e458d5257d0e19bf025c6b32c6ddf04968f6c86e,MEM7001708,GRP1028,OakStreet-Central,860-88-5665,William,Williams,1953-09-02,F,+13862888990,7788 Park Ave,,San Antonio,TX,78205,USA,"7788 Park Ave, San Antonio, TX 78205, USA",PCP0096,Active,EHR,P01708,ING-PAT-20261005-01708,2026-10-05T11:23:24,2026-10-05T11:25:24,2025-09-13T11:25:24,2026-10-05T11:25:24,2026-10-05T07:26:24,3f2721140ee76c248f0c03b06983bfbaf0c48f83fe37db1602e9cecf5b5078bf,CURRENT,True
101709,P01709,01af01558f9bb909243b0eb16fabab042d05dd4195976ddb884eb785a6c5f0ae,MEM7001709,GRP1029,OakStreet-South,528-99-0047,David,Jones,1956-09-27,F,+18115946294,2246 Park Ave,,Dallas,TX,75201,USA,"2246 Park Ave, Dallas, TX 75201, USA",PCP0003,Active,EHR,P01709,ING-PAT-20261005-01709,2026-10-05T11:23:27,2026-10-05T11:25:27,2022-12-08T11:25:27,2026-10-05T11:25:27,2026-10-05T07:57:27,8372dc4d94266eff029bcf39d75e78fa0d8f9e5accb6a100b02231a7a5236492,CURRENT,True
101710,P01710,333097ab167fe57cad2193a235ef80d8a9f9ced6b3e1e789f565ae7189bf6142,MEM7001710,GRP1030,OakStreet-East,268-99-0829,Betty,Davis,1946-02-20,M,+12472387962,7981 Washington St,,Houston,TX,77005,USA,"7981 Washington St, Houston, TX 77005, USA",PCP0023,Active,EHR,P01710,ING-PAT-20261005-01710,2026-10-05T11:23:30,2026-10-05T11:25:30,2024-05-11T11:25:30,2026-10-05T11:25:30,2026-10-05T09:40:30,57eeb5f29d98095e32774dacd04d8d863603de3eab6334868986eba4031475a9,CURRENT,True
101711,P01711,8ed4ee747265220f9a33479dfbedc7d07def22c0dcbb6a182d0ddc207b2e4000,MEM7001711,GRP1031,OakStreet-Southwest,625-49-4465,Michael,Walker,1959-11-15,M,+12412666191,3057 Pine Ave,,Austin,TX,78701,USA,"3057 Pine Ave, Austin, TX 78701, USA",PCP0019,Active,EHR,P01711,ING-PAT-20261005-01711,2026-10-05T11:23:33,2026-10-05T11:25:33,2025-05-02T11:25:33,2026-10-05T11:25:33,2026-10-05T08:03:33,9739abb16e33c260646de61efc90c06b7a45e76df666c98a6bdf7c04ac18e112,CURRENT,True
101712,P01712,23dc50d8db79d8eaf9555f10992631b755e1f380909b19f09658888bb1ba3780,MEM7001712,GRP1032,OakStreet-Central,844-93-1756,Thomas,Williams,1937-07-05,F,+13534185575,1767 Washington Rd,Apt 945,Houston,TX,77002,USA,"1767 Washington Rd Apt 945, Houston, TX 77002, USA",PCP0021,Active,EHR,P01712,ING-PAT-20261005-01712,2026-10-05T11:23:36,2026-10-05T11:25:36,2022-12-27T11:25:36,2026-10-05T11:25:36,2026-10-05T07:40:36,c5cdd106eac1ce73010d395a9669cec5bf76b558f92021ba957abe65609caf29,CURRENT,True
101713,P01713,110ba874ed2415eb5a62004a3ff6ed1d99f8ca034632de6adc991ff8fb4f1dd0,MEM7001713,GRP1033,OakStreet-South,318-77-6916,Margaret,Lopez,1975-02-03,F,+16985406495,2879 Main Ave,Apt 303,Atlanta,GA,30303,USA,"2879 Main Ave Apt 303, Atlanta, GA 30303, USA",PCP0036,Active,EHR,P01713,ING-PAT-20261005-01713,2026-10-05T11:23:39,2026-10-05T11:25:39,2025-10-27T11:25:39,2026-10-05T11:25:39,2026-10-05T09:13:39,e03391f14d51fd8bf5d278f787f4365d18226eb26050586236c014282323abe2,CURRENT,True
101714,P01714,82fd1ab825f5b2bbab964e11cad2fb157451a5573f3c8a8af0d15dd0a1eafdb1,MEM7001714,GRP1034,OakStreet-East,167-10-6147,Karen,Wilson,1958-04-19,M,+15264446634,8314 Park St,,Houston,TX,77002,USA,"8314 Park St, Houston, TX 77002, USA",PCP0001,Active,EHR,P01714,ING-PAT-20261005-01714,2026-10-05T11:23:42,2026-10-05T11:25:42,2022-05-31T11:25:42,2026-10-05T11:25:42,2026-10-05T10:04:42,c596399d3c72c749a1a73ae25a7a8bd63ecea5ce0d8ce57884887e8920f24b98,CURRENT,True
101715,P01715,7c18cb199695e43d53fe042d3501382b0720f3e2c9358ae3734007a6c0b459e3,MEM7001715,GRP1035,OakStreet-Southwest,158-86-7478,Matthew,Wilson,2004-05-03,M,+14264457488,7252 Washington Rd,Apt 618,Austin,TX,78701,USA,"7252 Washington Rd Apt 618, Austin, TX 78701, USA",PCP0052,Active,EHR,P01715,ING-PAT-20261005-01715,2026-10-05T11:23:45,2026-10-05T11:25:45,2025-08-15T11:25:45,2026-10-05T11:25:45,2026-10-05T07:27:45,920f7b3de581ad18086fbde05928068a729b803a6ca6024244f162b68d94fbe6,CURRENT,True
101716,P01716,ccdf15127ca074d596008c280f4bb51c43afabb04b3f437213d344dab1f9195b,MEM7001716,GRP1036,OakStreet-Central,561-38-2688,Barbara,Lee,1971-02-21,M,+19378122354,4627 Park Blvd,,Chicago,IL,60601,USA,"4627 Park Blvd, Chicago, IL 60601, USA",PCP0009,Active,EHR,P01716,ING-PAT-20261005-01716,2026-10-05T11:23:48,2026-10-05T11:25:48,2022-04-23T11:25:48,2026-10-05T11:25:48,2026-10-05T08:43:48,01ee87a144da39b5702ab97d5c50ba29fea8bd358abd0416dd5dd195a0bad1e1,CURRENT,True
101717,P01717,25366ffeb7f0b94444bf22cfcc7c5ff7fcd3f3da4c5be009751130eb7c4a471c,MEM7001717,GRP1037,OakStreet-South,752-18-3746,Joseph,Anderson,1979-03-10,M,+17553459417,869 Park Blvd,,Chicago,IL,60601,USA,"869 Park Blvd, Chicago, IL 60601, USA",PCP0069,Active,EHR,P01717,ING-PAT-20261005-01717,2026-10-05T11:23:51,2026-10-05T11:25:51,2025-09-29T11:25:51,2026-10-05T11:25:51,2026-10-05T07:49:51,18e4f5f6bdb26447b8e0c0c60d203cdb08ef66e748a50ffa793a11d32d5c4523,CURRENT,True
101718,P01718,10e590902a726acac8a22edf04b5fab084f9d1a09c7bae2f5112be6ea510b36c,MEM7001718,GRP1038,OakStreet-East,815-35-6611,William,Wilson,1942-08-15,F,+19703243860,8247 Pine Blvd,Apt 295,Orlando,FL,32801,USA,"8247 Pine Blvd Apt 295, Orlando, FL 32801, USA",PCP0007,Active,EHR,P01718,ING-PAT-20261005-01718,2026-10-05T11:23:54,2026-10-05T11:25:54,2024-06-30T11:25:54,2026-10-05T11:25:54,2026-10-05T09:15:54,39a44038cd37deadedcccbbb10e5689134b2d8b501bf49b27f6c07ab60f0f0e4,CURRENT,True
101719,P01719,b1e697af1b970e9572046db30736a02121fb05cff653bb241d53e4713316a778,MEM7001719,GRP1039,OakStreet-Southwest,531-94-1622,Steven,White,1964-07-15,M,+15749642366,3350 Main Blvd,,Houston,TX,77024,USA,"3350 Main Blvd, Houston, TX 77024, USA",PCP0019,Active,EHR,P01719,ING-PAT-20261005-01719,2026-10-05T11:23:57,2026-10-05T11:25:57,2023-08-13T11:25:57,2026-10-05T11:25:57,2026-10-05T10:50:57,fb1d9d15304a01da223dac45ea3198f01908354541562419bd590ef794bb7e0f,CURRENT,True
101720,P01720,8d8ed0944ff92247aac9c47ccff37251ce018e21293bd0f8fbe7f206e6696f20,MEM7001720,GRP1000,OakStreet-Central,333-27-2788,Steven,Rodriguez,1949-08-04,F,+17205226843,4012 Pine St,,Dallas,TX,75201,USA,"4012 Pine St, Dallas, TX 75201, USA",PCP0060,Active,EHR,P01720,ING-PAT-20261005-01720,2026-10-05T11:24:00,2026-10-05T11:26:00,2025-05-12T11:26:00,2026-10-05T11:26:00,2026-10-05T10:57:00,d8cbba0eb54bd379455fd7cdaf22ce4c3855e40c2f0ad148af3d75f6d8ea5601,CURRENT,True
101721,P01721,c3b48dfa2f5bfe6a5a52932a8229337ddb826c0765428d103be5535a37a7b40f,MEM7001721,GRP1001,OakStreet-South,285-59-8562,Robert,Harris,1941-05-20,F,+15728565604,1309 Lake Ave,,Dallas,TX,75201,USA,"1309 Lake Ave, Dallas, TX 75201, USA",PCP0111,Active,EHR,P01721,ING-PAT-20261005-01721,2026-10-05T11:24:03,2026-10-05T11:26:03,2024-02-26T11:26:03,2026-10-05T11:26:03,2026-10-05T10:53:03,6d768b384f267d7e8f5d76626ab35f86f3ae65206d9f8b95769261df20896059,CURRENT,True
101722,P01722,d89cfa60018728d5e990127d0683a852d953ed0ef4e27c52bf234d880908c60f,MEM7001722,GRP1002,OakStreet-East,364-95-5340,Margaret,Johnson,1990-10-25,F,+19679432367,2349 Market St,Apt 678,Chicago,IL,60601,USA,"2349 Market St Apt 678, Chicago, IL 60601, USA",PCP0012,Active,EHR,P01722,ING-PAT-20261005-01722,2026-10-05T11:24:06,2026-10-05T11:26:06,2025-01-16T11:26:06,2026-10-05T11:26:06,2026-10-05T08:22:06,52727f466bdf81d2c2201207e7ce5773ddf364362ab571981c18bc14d96b8de0,CURRENT,True
101723,P01723,c8575a639ac9ddb25f333e50b26d98b5c3510c69f1f76f4e63e8c24894f55cfe,MEM7001723,GRP1003,OakStreet-Southwest,367-93-6559,Elizabeth,Thompson,2003-04-17,F,+12012865352,1052 Pine St,,Phoenix,AZ,85004,USA,"1052 Pine St, Phoenix, AZ 85004, USA",PCP0061,Active,EHR,P01723,ING-PAT-20261005-01723,2026-10-05T11:24:09,2026-10-05T11:26:09,2023-03-24T11:26:09,2026-10-05T11:26:09,2026-10-05T07:39:09,ba613a102cd1b32abc183ced96c6ff213600491325bfa40d035abb6e353c4e81,CURRENT,True
101724,P01724,54047a0bccc56e8a95dd7b44530eeecea4acbf53ea517146a6b7908b62106a1e,MEM7001724,GRP1004,OakStreet-Central,204-26-9488,Daniel,Johnson,1953-02-09,F,+16256627121,5266 Pine Rd,,Orlando,FL,32801,USA,"5266 Pine Rd, Orlando, FL 32801, USA",PCP0007,Active,EHR,P01724,ING-PAT-20261005-01724,2026-10-05T11:24:12,2026-10-05T11:26:12,2024-01-29T11:26:12,2026-10-05T11:26:12,2026-10-05T07:36:12,75f5d3c92ee8c9fef7b7fcffe9e2ecaa7a61b84b6a0e90d10bfc0b9e00ac7c0a,CURRENT,True
101725,P01725,6c715a8164088f770fdc69785477affb1a1b91704098f7c4ee8fad4574237dd7,MEM7001725,GRP1005,OakStreet-South,813-65-6696,Lisa,Williams,1976-01-15,M,+16608651058,1761 Main Blvd,,Houston,TX,77005,USA,"1761 Main Blvd, Houston, TX 77005, USA",PCP0023,Active,EHR,P01725,ING-PAT-20261005-01725,2026-10-05T11:24:15,2026-10-05T11:26:15,2023-12-10T11:26:15,2026-10-05T11:26:15,2026-10-05T07:55:15,83421d82c3a6d8f8179cdac5c5cab81112608f56923d5d44fdb8fe0aa75b719f,CURRENT,True
101726,P01726,028918b3a5c1442d702d010e1ad16ef9385ae30f2b3eb093996d316aac1280c1,MEM7001726,GRP1006,OakStreet-East,458-45-5727,Betty,Gonzalez,2000-12-20,M,+19647367119,7604 Washington St,,Dallas,TX,75201,USA,"7604 Washington St, Dallas, TX 75201, USA",PCP0054,Active,EHR,P01726,ING-PAT-20261005-01726,2026-10-05T11:24:18,2026-10-05T11:26:18,2023-01-18T11:26:18,2026-10-05T11:26:18,2026-10-05T09:55:18,b2d874976271f8dd1a9c32597dc836683fb69fa0c72e1fa352bf24e7b7ce33b1,CURRENT,True
101727,P01727,74e73f094a9648958a9e648ddd0c660d40446a52cd9977805ada0a5cf31ec3af,MEM7001727,GRP1007,OakStreet-Southwest,352-14-8604,Charles,Jackson,1943-02-12,F,+14304898903,9454 Lake Blvd,,Atlanta,GA,30303,USA,"9454 Lake Blvd, Atlanta, GA 30303, USA",PCP0043,Active,EHR,P01727,ING-PAT-20261005-01727,2026-10-05T11:24:21,2026-10-05T11:26:21,2023-04-01T11:26:21,2026-10-05T11:26:21,2026-10-05T11:12:21,34090601afb3ad4ba5d8f3f562179cda1c60bc1ebbf8a2dad45b66a0a874e427,CURRENT,True
101728,P01728,b60428bb824cdb2d806ad27d170aa8e58ffdcf9b2bc193bdff9fd34edb8dfc94,MEM7001728,GRP1008,OakStreet-Central,580-50-2267,Lisa,Lopez,1955-11-05,M,+12018347802,9301 Washington St,,Houston,TX,77005,USA,"9301 Washington St, Houston, TX 77005, USA",PCP0051,Active,EHR,P01728,ING-PAT-20261005-01728,2026-10-05T11:24:24,2026-10-05T11:26:24,2024-04-11T11:26:24,2026-10-05T11:26:24,2026-10-05T10:17:24,fbc8f7aa6079c095c60f9df81de40d7e1b3d79763edb54e4403b4999d275810d,CURRENT,True
101729,P01729,0c61aeca73732d6fad18db96cf4ed7d0af2e9faaea06a35e38b37d0851deb5a1,MEM7001729,GRP1009,OakStreet-South,632-97-9272,Mark,White,1987-09-11,M,+12577959134,9557 Oak Blvd,Apt 551,San Antonio,TX,78205,USA,"9557 Oak Blvd Apt 551, San Antonio, TX 78205, USA",PCP0083,Active,EHR,P01729,ING-PAT-20261005-01729,2026-10-05T11:24:27,2026-10-05T11:26:27,2022-11-15T11:26:27,2026-10-05T11:26:27,2026-10-05T09:02:27,297ae7cd36357b2087fae93d6da534003fe699bf68247bb2549aba416102de1c,CURRENT,True
101730,P01730,f8cd843f1d0295f77e7067c5ac071fbebbfea5032e965910b73ac538d2417885,MEM7001730,GRP1010,OakStreet-East,677-15-2837,Karen,Johnson,1955-02-14,F,+12888547979,3601 Oak Ave,,Houston,TX,77024,USA,"3601 Oak Ave, Houston, TX 77024, USA",PCP0080,Active,EHR,P01730,ING-PAT-20261005-01730,2026-10-05T11:24:30,2026-10-05T11:26:30,2024-06-13T11:26:30,2026-10-05T11:26:30,2026-10-05T08:50:30,fdf8b89dab87c857952ec98f78a98fb63c5d9b1635d01c259acbc02c2ccd0ad9,CURRENT,True
101731,P01731,40106c36332e082750d94d2f916e91146495c6077e106ce073e6265d7a9f41c7,MEM7001731,GRP1011,OakStreet-Southwest,403-69-6161,Nancy,Johnson,1956-03-22,M,+15903257394,9479 Market Blvd,,Houston,TX,77005,USA,"9479 Market Blvd, Houston, TX 77005, USA",PCP0067,Active,EHR,P01731,ING-PAT-20261005-01731,2026-10-05T11:24:33,2026-10-05T11:26:33,2023-04-06T11:26:33,2026-10-05T11:26:33,2026-10-05T08:45:33,2a20a2bdb0f0fd19cc135d8c89779358ea413fd08c8457c179c4fc4fac8b9d35,CURRENT,True
101732,P01732,1cf83bbcdc6f8c71cda55a05ac9fbce7009620a1c64856011f3b0e40398b95e9,MEM7001732,GRP1012,OakStreet-Central,833-28-0821,Joseph,Jones,1987-08-21,F,+19396539716,876 Park Ave,,Houston,TX,77024,USA,"876 Park Ave, Houston, TX 77024, USA",PCP0074,Active,EHR,P01732,ING-PAT-20261005-01732,2026-10-05T11:24:36,2026-10-05T11:26:36,2021-11-23T11:26:36,2026-10-05T11:26:36,2026-10-05T10:54:36,85a19c969b83becb37df2735d995021aa82b58f887c284e64c598770d4b15672,CURRENT,True
101733,P01733,948644e083fc05ce5935b93a8c6b54f6b5144a3f727ae4894da7b656b20d51e6,MEM7001733,GRP1013,OakStreet-South,821-16-0484,Mary,White,1994-08-20,M,+15655502871,3879 Pine Blvd,,Atlanta,GA,30303,USA,"3879 Pine Blvd, Atlanta, GA 30303, USA",PCP0068,Active,EHR,P01733,ING-PAT-20261005-01733,2026-10-05T11:24:39,2026-10-05T11:26:39,2022-02-01T11:26:39,2026-10-05T11:26:39,2026-10-05T10:10:39,69b67234bcdc83f335ed05aac1713e798098b247f2257e1018785524df2c3e09,CURRENT,True
101734,P01734,fce3b4e3f054962fdd08cbc90de74c596c12b545521351d5ca36e615eef6af83,MEM7001734,GRP1014,OakStreet-East,866-15-7267,Joseph,Martinez,1994-07-26,F,+17088636508,164 Washington Blvd,,Orlando,FL,32801,USA,"164 Washington Blvd, Orlando, FL 32801, USA",PCP0111,Active,EHR,P01734,ING-PAT-20261005-01734,2026-10-05T11:24:42,2026-10-05T11:26:42,2022-11-08T11:26:42,2026-10-05T11:26:42,2026-10-05T07:39:42,d7cad06fc4f9825fb682610e7ff7c13939097bb92d0cf333a3badec3aeb559ba,CURRENT,True
101735,P01735,9ecae54ada6ba0466c9d659b0ce80fd15654d6b5e8d8c04685a31ef1a4f95101,MEM7001735,GRP1015,OakStreet-Southwest,578-19-3810,Mark,Jackson,1961-09-10,M,+16357942745,7341 Main Ave,,Houston,TX,77024,USA,"7341 Main Ave, Houston, TX 77024, USA",PCP0016,Active,EHR,P01735,ING-PAT-20261005-01735,2026-10-05T11:24:45,2026-10-05T11:26:45,2025-01-24T11:26:45,2026-10-05T11:26:45,2026-10-05T07:26:45,88521e0353808e889f657917ad456379fc4007d1bce0f575a161fd95af017c2b,CURRENT,True
101736,P01736,4678fa19f2c8cf8c5d849091842db5790eccb84249b897a3c03cd35140cdf376,MEM7001736,GRP1016,OakStreet-Central,296-60-3792,Lisa,Miller,1966-12-14,F,+14797617702,1839 Washington St,,Houston,TX,77002,USA,"1839 Washington St, Houston, TX 77002, USA",PCP0055,Active,EHR,P01736,ING-PAT-20261005-01736,2026-10-05T11:24:48,2026-10-05T11:26:48,2025-10-13T11:26:48,2026-10-05T11:26:48,2026-10-05T08:24:48,65bfefe5da94ab4fb568aead0b65bb6f9082a7ccf42825da6dcace314571f9fa,CURRENT,True
101737,P01737,d980d6ad53ccc1ad1bf6dda1ad4afecf522d8d48d2b7bb716a9d1550da965edc,MEM7001737,GRP1017,OakStreet-South,162-55-1789,Elizabeth,Anderson,1944-08-01,M,+12912806069,8443 Main Blvd,,Atlanta,GA,30303,USA,"8443 Main Blvd, Atlanta, GA 30303, USA",PCP0022,Active,EHR,P01737,ING-PAT-20261005-01737,2026-10-05T11:24:51,2026-10-05T11:26:51,2025-05-25T11:26:51,2026-10-05T11:26:51,2026-10-05T08:00:51,37fca3ff1d4d0980454983445c0252a35248e533ee622e9f2c43b125a762f5e4,CURRENT,True
101738,P01738,9eece67a50ca5c859de281221298b37331bcc4bd5bd55529a7094dec21abc2d0,MEM7001738,GRP1018,OakStreet-East,135-64-2123,Richard,Hernandez,1982-07-08,M,+18525447673,9466 Market Ave,,Phoenix,AZ,85004,USA,"9466 Market Ave, Phoenix, AZ 85004, USA",PCP0081,Active,EHR,P01738,ING-PAT-20261005-01738,2026-10-05T11:24:54,2026-10-05T11:26:54,2025-07-14T11:26:54,2026-10-05T11:26:54,2026-10-05T08:52:54,3f4b7c5d030a100b91194c3b9e083af2b053c5f89e9061368fac644e3b126b3d,CURRENT,True
101739,P01739,a36524d27fdd02d1cabddd2e16521d3635349f921fa468615df59794d6b7b213,MEM7001739,GRP1019,OakStreet-Southwest,373-34-5361,William,White,1962-10-24,M,+15047527558,3514 Pine Rd,,San Antonio,TX,78205,USA,"3514 Pine Rd, San Antonio, TX 78205, USA",PCP0076,Active,EHR,P01739,ING-PAT-20261005-01739,2026-10-05T11:24:57,2026-10-05T11:26:57,2023-03-08T11:26:57,2026-10-05T11:26:57,2026-10-05T08:05:57,676d0b184ac78639ff418af22bba919ee87ab75c85fdfa8c4fb72302bbfad90a,CURRENT,True
101740,P01740,70af58110820b662495043a85bcdf4f861cd9fc85d53faf39b32e0104ee2b88c,MEM7001740,GRP1020,OakStreet-Central,602-97-0870,David,Taylor,1943-10-24,F,+16018427506,3079 Oak Rd,Apt 363,Austin,TX,78701,USA,"3079 Oak Rd Apt 363, Austin, TX 78701, USA",PCP0041,Active,EHR,P01740,ING-PAT-20261005-01740,2026-10-05T11:25:00,2026-10-05T11:27:00,2024-07-12T11:27:00,2026-10-05T11:27:00,2026-10-05T10:37:00,94c149d78dd46815b78ce20290b7e2cf0181fac55718eea38846b4664a8a9710,CURRENT,True
101741,P01741,c9a56a1d66a2f428d5308f3f9d2e93d9205a74f7e6a31121dd0a6dfba403ccf0,MEM7001741,GRP1021,OakStreet-South,559-40-1091,Susan,Gonzalez,1981-08-24,F,+15548078451,9905 Park Rd,,Orlando,FL,32801,USA,"9905 Park Rd, Orlando, FL 32801, USA",PCP0047,Active,EHR,P01741,ING-PAT-20261005-01741,2026-10-05T11:25:03,2026-10-05T11:27:03,2024-08-18T11:27:03,2026-10-05T11:27:03,2026-10-05T11:06:03,d84d9b2e41e6ab93ece03f06b0d60b9fcea073839c2d06b8d462504152dec1dc,CURRENT,True
101742,P01742,84ddb78de8d01245c826771dcb7a3e72264088f10e822e76baea55f527d62deb,MEM7001742,GRP1022,OakStreet-East,869-50-7159,Barbara,Lee,1989-03-14,F,+19438389034,1267 Main St,,Atlanta,GA,30303,USA,"1267 Main St, Atlanta, GA 30303, USA",PCP0047,Active,EHR,P01742,ING-PAT-20261005-01742,2026-10-05T11:25:06,2026-10-05T11:27:06,2022-01-27T11:27:06,2026-10-05T11:27:06,2026-10-05T08:54:06,c8d0b6d45bd59bee048fb1106719ad09641fb3a41611cadca4749be905015eb8,CURRENT,True
101743,P01743,3b06ec37d60f7ca89a76703ea47af534f4adfe3d64095d4861baa34cf020f944,MEM7001743,GRP1023,OakStreet-Southwest,682-51-5725,David,Ramirez,1989-07-02,F,+15022447525,1328 Oak Ave,,Dallas,TX,75201,USA,"1328 Oak Ave, Dallas, TX 75201, USA",PCP0025,Active,EHR,P01743,ING-PAT-20261005-01743,2026-10-05T11:25:09,2026-10-05T11:27:09,2022-03-12T11:27:09,2026-10-05T11:27:09,2026-10-05T08:55:09,e82684074d92d8d4a9e802d43772f8141b0d9b6e8ea5ce43a5f666f530576b34,CURRENT,True
101744,P01744,5efaae196f190d2aa4053be3028dd8a6624a75b33adef6fa25ca478191e5c86d,MEM7001744,GRP1024,OakStreet-Central,156-15-8529,Karen,Miller,1999-05-27,M,+14642159007,5764 Pine St,,Houston,TX,77024,USA,"5764 Pine St, Houston, TX 77024, USA",PCP0090,Active,EHR,P01744,ING-PAT-20261005-01744,2026-10-05T11:25:12,2026-10-05T11:27:12,2023-03-17T11:27:12,2026-10-05T11:27:12,2026-10-05T11:00:12,1ae9d83a1fc6e5f127a2e1748e25c976c0702aafd290d4f3a41a12be3d44b4f8,CURRENT,True
101745,P01745,ab84616a951d152581291e1d0db16d2746b42397514e95d62f626a56aa9f5922,MEM7001745,GRP1025,OakStreet-South,208-84-4190,Mark,Smith,1954-02-13,F,+16245485020,7581 Park Rd,,Houston,TX,77005,USA,"7581 Park Rd, Houston, TX 77005, USA",PCP0045,Active,EHR,P01745,ING-PAT-20261005-01745,2026-10-05T11:25:15,2026-10-05T11:27:15,2022-10-01T11:27:15,2026-10-05T11:27:15,2026-10-05T08:55:15,6a6170cfd6cb96f8952ab6c3824172bd4d30c7fcab88aba0412a4c089929abda,CURRENT,True
101746,P01746,1993d5d77a8f7b4642947f2556fdbf39431eef5ba97dc601670d35019604cd31,MEM7001746,GRP1026,OakStreet-East,730-15-4538,William,Martin,1954-09-25,F,+19566804563,1468 Oak Blvd,,Dallas,TX,75201,USA,"1468 Oak Blvd, Dallas, TX 75201, USA",PCP0019,Active,EHR,P01746,ING-PAT-20261005-01746,2026-10-05T11:25:18,2026-10-05T11:27:18,2024-03-27T11:27:18,2026-10-05T11:27:18,2026-10-05T11:08:18,510ae55c57ca9282bc9d4230efe00eddf99aa087b7ea37fec2819dd1014744a4,CURRENT,True
101747,P01747,94d7940b6eac89bcd1ae3e94dd66fc9dfa5e59e74e4609dbbae2146e42fbd526,MEM7001747,GRP1027,OakStreet-Southwest,882-52-3535,John,Smith,1996-01-02,F,+14843352678,2460 Pine Ave,Apt 790,Houston,TX,77005,USA,"2460 Pine Ave Apt 790, Houston, TX 77005, USA",PCP0108,Active,EHR,P01747,ING-PAT-20261005-01747,2026-10-05T11:25:21,2026-10-05T11:27:21,2025-11-23T11:27:21,2026-10-05T11:27:21,2026-10-05T08:10:21,c6f3e0ccf104262f081f7177778d728eb251d14b1eee27887773d5646cf46114,CURRENT,True
101748,P01748,c517b8ea638352db8d127b49c193c4be8d6a99c4587d04f47cd4932ba4846661,MEM7001748,GRP1028,OakStreet-Central,331-64-5413,Lisa,White,1970-02-13,F,+13966076319,3911 Washington Rd,,Atlanta,GA,30303,USA,"3911 Washington Rd, Atlanta, GA 30303, USA",PCP0018,Active,EHR,P01748,ING-PAT-20261005-01748,2026-10-05T11:25:24,2026-10-05T11:27:24,2025-04-04T11:27:24,2026-10-05T11:27:24,2026-10-05T07:38:24,4b9d98382e1898e1bb715946a97d49de6d6ae2b4b790c3e36c498e73957f3ec5,CURRENT,True
101749,P01749,9e862810a2d58e6a20cc2cfb80ef1adf285fd035e7545dafa5a0104d92139da2,MEM7001749,GRP1029,OakStreet-South,119-27-6979,John,Miller,2004-12-17,M,+18534628639,5226 Main Blvd,,Houston,TX,77005,USA,"5226 Main Blvd, Houston, TX 77005, USA",PCP0035,Inactive,EHR,P01749,ING-PAT-20261005-01749,2026-10-05T11:25:27,2026-10-05T11:27:27,2022-09-22T11:27:27,2026-10-05T11:27:27,2026-10-05T09:09:27,981eb1f41c925d64e7de24dec9ab768bc53c66b3f1eab7be4a4ae6f0f7b80322,CURRENT,True
101750,P01750,7006d92afa797ba3280e424433bcccc3ae4ccf6745261e491ad9b6bbf9abc83f,MEM7001750,GRP1030,OakStreet-East,223-71-4145,Mary,Anderson,1984-05-04,M,+12976023162,9879 Pine St,,Houston,TX,77005,USA,"9879 Pine St, Houston, TX 77005, USA",PCP0071,Active,EHR,P01750,ING-PAT-20261005-01750,2026-10-05T11:25:30,2026-10-05T11:27:30,2022-02-04T11:27:30,2026-10-05T11:27:30,2026-10-05T10:31:30,e4def6088264917efd72363a3873af5b29769f2f1ef1c12bb4dc5136cfff59f3,CURRENT,True
101751,P01751,2734c13d60b234f79a1c96d2f35b5fd556fad7f2d1803dabf77754076e837411,MEM7001751,GRP1031,OakStreet-Southwest,658-86-2690,Betty,Harris,1959-08-21,F,+15492353738,8240 Main Ave,,Houston,TX,77024,USA,"8240 Main Ave, Houston, TX 77024, USA",PCP0030,Active,EHR,P01751,ING-PAT-20261005-01751,2026-10-05T11:25:33,2026-10-05T11:27:33,2023-08-19T11:27:33,2026-10-05T11:27:33,2026-10-05T07:37:33,56b129123c2b9a0dc391a3dc1b7001e8692740fad9872d11c2559a4349d85a69,CURRENT,True
101752,P01752,dbf04100c2859bb42cac98e9ac768bee4f8386ccba2793469f4867c246f4533a,MEM7001752,GRP1032,OakStreet-Central,515-60-8299,Elizabeth,Williams,1942-07-27,F,+15234162008,8060 Lake Rd,,Phoenix,AZ,85004,USA,"8060 Lake Rd, Phoenix, AZ 85004, USA",PCP0033,Active,EHR,P01752,ING-PAT-20261005-01752,2026-10-05T11:25:36,2026-10-05T11:27:36,2021-11-30T11:27:36,2026-10-05T11:27:36,2026-10-05T09:37:36,426a5a0764dd3cca26815038a5bbd35d93b35bae2e06bf085bb1dab37f21066f,CURRENT,True
101753,P01753,6aa3a97ace7c2aa7d290fb97ef2ac2231defba5fac6648adedcf5a2164ba82d5,MEM7001753,GRP1033,OakStreet-South,764-83-5128,Charles,Robinson,1944-10-14,M,+14087686830,2628 Park Ave,Apt 251,Dallas,TX,75201,USA,"2628 Park Ave Apt 251, Dallas, TX 75201, USA",PCP0096,Active,EHR,P01753,ING-PAT-20261005-01753,2026-10-05T11:25:39,2026-10-05T11:27:39,2023-06-11T11:27:39,2026-10-05T11:27:39,2026-10-05T08:40:39,b7fd08c2162a23d9bfb8d5bc9fc2f1739b07a00f0dbdb897be8b14bb7422bf1f,CURRENT,True
101754,P01754,9c7de2bbe7af55b2bba5ef5d465d82f1d87c6e75fb92978e44cb6d1a09fad4eb,MEM7001754,GRP1034,OakStreet-East,849-65-5455,Anthony,Garcia,1987-02-15,F,+18347664805,6065 Oak Blvd,,Austin,TX,78701,USA,"6065 Oak Blvd, Austin, TX 78701, USA",PCP0104,Active,EHR,P01754,ING-PAT-20261005-01754,2026-10-05T11:25:42,2026-10-05T11:27:42,2021-12-25T11:27:42,2026-10-05T11:27:42,2026-10-05T08:12:42,de0a115025a0d8854f96e85229f87822b4c8ddf38c2d9f6640dccba160496135,CURRENT,True
101755,P01755,248b665b81561ea455d9e8350783d3a1ded4d63ca07d18bee0efc38d9193d84d,MEM7001755,GRP1035,OakStreet-Southwest,625-13-0786,Michael,Robinson,1988-06-27,M,+14694978503,7021 Washington Rd,Apt 418,Orlando,FL,32801,USA,"7021 Washington Rd Apt 418, Orlando, FL 32801, USA",PCP0065,Active,EHR,P01755,ING-PAT-20261005-01755,2026-10-05T11:25:45,2026-10-05T11:27:45,2023-04-25T11:27:45,2026-10-05T11:27:45,2026-10-05T09:02:45,74b9c57b3f606d5b089f8f8ee4f68bf0438128fd9596461f3be6bbf768b5837b,CURRENT,True
101756,P01756,7f015e5db92b087144adf7be3e2355c608f817e172cb885f45d33bec7d5af744,MEM7001756,GRP1036,OakStreet-Central,757-57-6736,Richard,Clark,1939-05-13,F,+14493862559,4056 Main St,Apt 61,Houston,TX,77002,USA,"4056 Main St Apt 61, Houston, TX 77002, USA",PCP0074,Active,EHR,P01756,ING-PAT-20261005-01756,2026-10-05T11:25:48,2026-10-05T11:27:48,2022-08-24T11:27:48,2026-10-05T11:27:48,2026-10-05T07:33:48,1c312505154dd78afc4a990c578ac9504f9900b4d9a1d51dc82a000aa023f38a,CURRENT,True
101757,P01757,1f81ea162a82fa38503a6673784e52886e3a09d1a45354373f929c01d7c982f0,MEM7001757,GRP1037,OakStreet-South,777-96-7871,Margaret,Clark,1945-06-28,F,+18718465898,1200 Washington Rd,,Houston,TX,77002,USA,"1200 Washington Rd, Houston, TX 77002, USA",PCP0120,Active,EHR,P01757,ING-PAT-20261005-01757,2026-10-05T11:25:51,2026-10-05T11:27:51,2023-04-07T11:27:51,2026-10-05T11:27:51,2026-10-05T08:59:51,ec1f27c460fa21068c8c3bd75182b0686b18209f56a2628bd76930dcc42387c7,CURRENT,True
101758,P01758,400314a4602410f7dac32cc703c497f47a85a7cbefbce183b54fc6b760a1e430,MEM7001758,GRP1038,OakStreet-East,715-44-3501,Nancy,Smith,1972-04-24,M,+13552444985,2283 Park Blvd,,Phoenix,AZ,85004,USA,"2283 Park Blvd, Phoenix, AZ 85004, USA",PCP0031,Active,EHR,P01758,ING-PAT-20261005-01758,2026-10-05T11:25:54,2026-10-05T11:27:54,2021-11-22T11:27:54,2026-10-05T11:27:54,2026-10-05T10:42:54,20c619f9d8054a695b764bade34e3aa50f4c46eaa93d143aaab43e365e47d938,CURRENT,True
101759,P01759,91c19737c01a9b9d3f438d1829b6594f71a98fcfdecfc0de41cbf0494529d602,MEM7001759,GRP1039,OakStreet-Southwest,111-92-1457,Patricia,Thompson,1961-12-03,F,+19108702209,4349 Market Rd,,Austin,TX,78701,USA,"4349 Market Rd, Austin, TX 78701, USA",PCP0118,Active,EHR,P01759,ING-PAT-20261005-01759,2026-10-05T11:25:57,2026-10-05T11:27:57,2022-01-11T11:27:57,2026-10-05T11:27:57,2026-10-05T09:38:57,9b588890a55c678e302a71016e3f1c922ff29de49088f979f417ab0096833382,CURRENT,True
101760,P01760,fac682e1bcd3de738531e6bbba82be89b7e5c65b67d70c78b282e069370dea25,MEM7001760,GRP1000,OakStreet-Central,275-13-4716,Daniel,Jones,1972-03-01,M,+15377864962,7457 Market Rd,,Houston,TX,77024,USA,"7457 Market Rd, Houston, TX 77024, USA",PCP0087,Active,EHR,P01760,ING-PAT-20261005-01760,2026-10-05T11:26:00,2026-10-05T11:28:00,2022-07-29T11:28:00,2026-10-05T11:28:00,2026-10-05T10:27:00,c3b6769075b81c308529e954eff9518498176cc52054934cdb1e8db97f5ecbdf,CURRENT,True
101761,P01761,bda50a9d804a2c1a2de30cb36d165fecb62f1b0d1323d902065c580269e7032d,MEM7001761,GRP1001,OakStreet-South,270-72-3094,Betty,Davis,2002-11-09,M,+16588756875,8488 Washington St,,Phoenix,AZ,85004,USA,"8488 Washington St, Phoenix, AZ 85004, USA",PCP0022,Active,EHR,P01761,ING-PAT-20261005-01761,2026-10-05T11:26:03,2026-10-05T11:28:03,2022-07-03T11:28:03,2026-10-05T11:28:03,2026-10-05T09:32:03,c136c892973e148b5d0ccd056c2c4894b445b6f9411ea36c11194d8b152954fc,CURRENT,True
101762,P01762,faa013a374d6730ff1a49fdaea8eb7f9e4b790aa93326ccc25bf092eb6809ee0,MEM7001762,GRP1002,OakStreet-East,349-17-6474,Daniel,Harris,1992-10-28,M,+13263229876,1483 Pine Blvd,,Phoenix,AZ,85004,USA,"1483 Pine Blvd, Phoenix, AZ 85004, USA",PCP0053,Active,EHR,P01762,ING-PAT-20261005-01762,2026-10-05T11:26:06,2026-10-05T11:28:06,2022-08-10T11:28:06,2026-10-05T11:28:06,2026-10-05T08:55:06,0cc946a697918295cfd4c045b3364d8fde5037b2eb5c1c98f691253f554be354,CURRENT,True
101763,P01763,8c8fdcd4c938977ee6d0fff77fab467cf779d76138ce864f0ddef32c7561f564,MEM7001763,GRP1003,OakStreet-Southwest,206-98-5243,William,Clark,1989-09-05,M,+17349892993,106 Washington St,,Dallas,TX,75201,USA,"106 Washington St, Dallas, TX 75201, USA",PCP0120,Active,EHR,P01763,ING-PAT-20261005-01763,2026-10-05T11:26:09,2026-10-05T11:28:09,2025-03-04T11:28:09,2026-10-05T11:28:09,2026-10-05T08:22:09,c81093a0a25e8c04de88f7e59fc6d4efeac7f76bb4a247c6a8c528d6ccf47354,CURRENT,True
101764,P01764,c1bcf6813c10f55434707b321d0a75e7944f7cf63baf06e60f48a9444e68928b,MEM7001764,GRP1004,OakStreet-Central,315-96-0326,William,Wilson,1996-01-20,F,+15855425828,2698 Park St,Apt 998,San Antonio,TX,78205,USA,"2698 Park St Apt 998, San Antonio, TX 78205, USA",PCP0109,Active,EHR,P01764,ING-PAT-20261005-01764,2026-10-05T11:26:12,2026-10-05T11:28:12,2024-02-03T11:28:12,2026-10-05T11:28:12,2026-10-05T09:20:12,eb42a252e04ffba9cec93a75892e729b38120fb7c9872306bf4b2735083a84c7,CURRENT,True
101765,P01765,178dbf965e1369e8567c080269a9cfba8d6299422a9944dbd3de7d94881cbe11,MEM7001765,GRP1005,OakStreet-South,195-43-6955,Joseph,Smith,1941-10-10,F,+16407328627,5936 Park Rd,Apt 380,Dallas,TX,75201,USA,"5936 Park Rd Apt 380, Dallas, TX 75201, USA",PCP0069,Active,EHR,P01765,ING-PAT-20261005-01765,2026-10-05T11:26:15,2026-10-05T11:28:15,2023-06-21T11:28:15,2026-10-05T11:28:15,2026-10-05T10:45:15,d9766d510b027c7c8d8527e77e0732a990fa1bda8a50042f91b18c037964ce59,CURRENT,True
101766,P01766,450e716c0025f9a91f2affb06be50dfd1559280b249f872a8344970b29262c9c,MEM7001766,GRP1006,OakStreet-East,491-53-3966,Jennifer,Harris,1967-12-03,M,+14049121386,6087 Main Ave,Apt 776,Houston,TX,77024,USA,"6087 Main Ave Apt 776, Houston, TX 77024, USA",PCP0017,Active,EHR,P01766,ING-PAT-20261005-01766,2026-10-05T11:26:18,2026-10-05T11:28:18,2025-06-20T11:28:18,2026-10-05T11:28:18,2026-10-05T08:18:18,fa1c4268859ad827296cf38c1a7418ff81de60ad491ecf60f9ac5cb50ebf13af,CURRENT,True
101767,P01767,d8bea32e92f02ac36e1f2453ed4e3c7b9b32a961d9bdfe5cbf7eeeecd6c0cba5,MEM7001767,GRP1007,OakStreet-Southwest,659-87-0659,Daniel,Martin,1976-10-21,M,+19567152329,9742 Lake Blvd,,Houston,TX,77024,USA,"9742 Lake Blvd, Houston, TX 77024, USA",PCP0036,Active,EHR,P01767,ING-PAT-20261005-01767,2026-10-05T11:26:21,2026-10-05T11:28:21,2023-05-29T11:28:21,2026-10-05T11:28:21,2026-10-05T09:07:21,1e4e8968d63f3487da70f1deee55049bbcfe99766546bd38cbf69b457ecc5c00,CURRENT,True
101768,P01768,7dfaf340295e4fbb755fa5725a85cd0d9f2c46884b48e26988041c9446739ac1,MEM7001768,GRP1008,OakStreet-Central,643-93-3722,Thomas,Sanchez,1987-08-21,M,+13409828569,7565 Lake Blvd,,Houston,TX,77002,USA,"7565 Lake Blvd, Houston, TX 77002, USA",PCP0098,Active,EHR,P01768,ING-PAT-20261005-01768,2026-10-05T11:26:24,2026-10-05T11:28:24,2024-03-10T11:28:24,2026-10-05T11:28:24,2026-10-05T10:41:24,699994e15eeb1399276b22da53d1e0d6f18321aff71189a008576ff65fc8a0d1,CURRENT,True
101769,P01769,29ba90f7f029829b05eb2455ec88c4ad6a19bd3a6e008672860ef68f5e184f0d,MEM7001769,GRP1009,OakStreet-South,366-53-7577,Karen,Johnson,1999-03-23,M,+14073115576,2171 Market Rd,Apt 192,Houston,TX,77005,USA,"2171 Market Rd Apt 192, Houston, TX 77005, USA",PCP0058,Active,EHR,P01769,ING-PAT-20261005-01769,2026-10-05T11:26:27,2026-10-05T11:28:27,2024-07-14T11:28:27,2026-10-05T11:28:27,2026-10-05T08:55:27,8c118247aff4d34efd3cdca00d3e6cc1278433ae3524c8cebd7bcea91a88ff90,CURRENT,True
101770,P01770,cc3f07bb74db7c1c09c67eacb2f89e564988144f45c9175de416b626c70d02d0,MEM7001770,GRP1010,OakStreet-East,651-62-2680,Robert,White,1951-06-18,M,+15979401585,1995 Washington St,,Austin,TX,78701,USA,"1995 Washington St, Austin, TX 78701, USA",PCP0062,Active,EHR,P01770,ING-PAT-20261005-01770,2026-10-05T11:26:30,2026-10-05T11:28:30,2023-12-21T11:28:30,2026-10-05T11:28:30,2026-10-05T08:32:30,c7b419c057b0ce285128d4a2b08cfb2584e724445ac84e7b1d7fb9f4b67c4bcc,CURRENT,True
101771,P01771,ec2b17312bb4f2692c45a66db6f311f901e4223988dffc53e35ba031260b4339,MEM7001771,GRP1011,OakStreet-Southwest,156-72-9227,Ashley,Rodriguez,1977-09-20,M,+13005025517,1851 Market St,,Phoenix,AZ,85004,USA,"1851 Market St, Phoenix, AZ 85004, USA",PCP0059,Active,EHR,P01771,ING-PAT-20261005-01771,2026-10-05T11:26:33,2026-10-05T11:28:33,2023-05-20T11:28:33,2026-10-05T11:28:33,2026-10-05T08:30:33,17aa6acd2e473e6bb05a605882c6eeb49c5ca50e5c302b6cda83d664060ec025,CURRENT,True
101772,P01772,9abb4d6830e3b33ff0c84800dc2666aab9e52c2e8514de6e48029a06796a3cd4,MEM7001772,GRP1012,OakStreet-Central,644-98-9543,Daniel,Lewis,1961-04-19,F,+18305067381,3248 Park Blvd,,Austin,TX,78701,USA,"3248 Park Blvd, Austin, TX 78701, USA",PCP0029,Active,EHR,P01772,ING-PAT-20261005-01772,2026-10-05T11:26:36,2026-10-05T11:28:36,2021-11-24T11:28:36,2026-10-05T11:28:36,2026-10-05T09:40:36,cadee63e7881af81bb43eeaf5b90f7f6c7eceb15e78b8317261e25af190e8867,CURRENT,True
101773,P01773,a9fff803827aee30f1f00cce56eaf040a654e849e6d9f24dcf3e6209527298d3,MEM7001773,GRP1013,OakStreet-South,400-91-1556,Anthony,Taylor,1977-06-25,F,+15958375650,9019 Oak Ave,,Austin,TX,78701,USA,"9019 Oak Ave, Austin, TX 78701, USA",PCP0081,Active,EHR,P01773,ING-PAT-20261005-01773,2026-10-05T11:26:39,2026-10-05T11:28:39,2022-01-04T11:28:39,2026-10-05T11:28:39,2026-10-05T07:30:39,ebf02e12d43dc46660afd8d88ee3ca6ae249c400ad985724e7f908341f633e9e,CURRENT,True
101774,P01774,a78d4a30217e03453d682dd918d8d0cb028e0b46974532ffeb650da2a5b8f107,MEM7001774,GRP1014,OakStreet-East,260-20-5754,Mary,Davis,1961-12-06,M,+16263576860,8092 Pine Ave,,Chicago,IL,60601,USA,"8092 Pine Ave, Chicago, IL 60601, USA",PCP0086,Active,EHR,P01774,ING-PAT-20261005-01774,2026-10-05T11:26:42,2026-10-05T11:28:42,2022-05-13T11:28:42,2026-10-05T11:28:42,2026-10-05T09:56:42,93d6e9632d86c7348bcedea8d83bfb8b86e7d0db0b9c81227d6a9f8875de144f,CURRENT,True
101775,P01775,c08625ab05ecc87ad0d211ff95353e8e3b1c118a32b246df4c60c3d785013b0d,MEM7001775,GRP1015,OakStreet-Southwest,666-39-8024,Daniel,Ramirez,1983-07-19,M,+16043294024,9873 Oak Rd,,Houston,TX,77002,USA,"9873 Oak Rd, Houston, TX 77002, USA",PCP0053,Active,EHR,P01775,ING-PAT-20261005-01775,2026-10-05T11:26:45,2026-10-05T11:28:45,2025-03-14T11:28:45,2026-10-05T11:28:45,2026-10-05T10:41:45,9e9cc6986ad6db55b629e95367485dbd127e6e764e8555eccbafeb51f0fa871f,CURRENT,True
101776,P01776,31bb6654eac77df5d6aba85b4d6f9e3387c72ff79fc2f1947ba57cfc25cfe412,MEM7001776,GRP1016,OakStreet-Central,311-89-4632,James,Gonzalez,1997-11-01,M,+14788445888,2732 Oak St,,Phoenix,AZ,85004,USA,"2732 Oak St, Phoenix, AZ 85004, USA",PCP0056,Active,EHR,P01776,ING-PAT-20261005-01776,2026-10-05T11:26:48,2026-10-05T11:28:48,2024-10-16T11:28:48,2026-10-05T11:28:48,2026-10-05T09:27:48,a1242ef4138229924a6e688cb201073773a1c2f6f361f26088bc225f34522b8f,CURRENT,True
101777,P01777,665c7b2c73653b5039e5ba4af5a6c4414a8f033b92ea64a5282cd83f3942dd8b,MEM7001777,GRP1017,OakStreet-South,889-54-5446,Margaret,Ramirez,1940-09-23,M,+12018275255,8369 Lake Ave,Apt 501,Austin,TX,78701,USA,"8369 Lake Ave Apt 501, Austin, TX 78701, USA",PCP0040,Active,EHR,P01777,ING-PAT-20261005-01777,2026-10-05T11:26:51,2026-10-05T11:28:51,2025-10-15T11:28:51,2026-10-05T11:28:51,2026-10-05T09:13:51,f898ac0d8bf5fd690efdad0e9d8cf687168c750ff7260096715bd17995f49896,CURRENT,True
101778,P01778,6e7701646b11e9be9e877a536805e87b4c9799fa3c3e1f3ab7b944f3d3da9f6a,MEM7001778,GRP1018,OakStreet-East,319-46-5024,Sarah,Thompson,1956-10-15,F,+13276373869,7194 Washington St,,Atlanta,GA,30303,USA,"7194 Washington St, Atlanta, GA 30303, USA",PCP0017,Active,EHR,P01778,ING-PAT-20261005-01778,2026-10-05T11:26:54,2026-10-05T11:28:54,2025-09-25T11:28:54,2026-10-05T11:28:54,2026-10-05T08:31:54,a3c1a1a72260e2780c4187f758898733ae93f724f821dfdbe0c2c9f18df21332,CURRENT,True
101779,P01779,523fdadb95123869af0e689b0132b7a3b353d1bfe1ade2272a291fc5658b5488,MEM7001779,GRP1019,OakStreet-Southwest,416-19-5560,Charles,Brown,1936-07-23,M,+17725691883,9384 Main Ave,,Orlando,FL,32801,USA,"9384 Main Ave, Orlando, FL 32801, USA",PCP0086,Active,EHR,P01779,ING-PAT-20261005-01779,2026-10-05T11:26:57,2026-10-05T11:28:57,2025-09-11T11:28:57,2026-10-05T11:28:57,2026-10-05T10:09:57,006dcef48cd274824de771ac9ce7a1b01410f8ebee6e198d70eb3b04a90a011c,CURRENT,True
101780,P01780,3337d6efda62664f09ea06e3c3c57019470801311d1548648105e3a95700d4d4,MEM7001780,GRP1020,OakStreet-Central,430-97-4760,Susan,Taylor,1990-06-18,F,+13889242032,6939 Lake Ave,Apt 466,Houston,TX,77005,USA,"6939 Lake Ave Apt 466, Houston, TX 77005, USA",PCP0011,Active,EHR,P01780,ING-PAT-20261005-01780,2026-10-05T11:27:00,2026-10-05T11:29:00,2024-08-28T11:29:00,2026-10-05T11:29:00,2026-10-05T08:52:00,f89b5a12e651a84c7a8c8c03dd82695a43075f581dbedb36cdb462df3d546583,CURRENT,True
101781,P01781,91dd4d92b80088b7ff3c160f572d33477b5c2bf107d5019a3d4b9e78242f1787,MEM7001781,GRP1021,OakStreet-South,668-96-1898,Susan,Lewis,1945-03-13,M,+15944795787,6255 Washington Blvd,,San Antonio,TX,78205,USA,"6255 Washington Blvd, San Antonio, TX 78205, USA",PCP0102,Active,EHR,P01781,ING-PAT-20261005-01781,2026-10-05T11:27:03,2026-10-05T11:29:03,2021-12-27T11:29:03,2026-10-05T11:29:03,2026-10-05T08:53:03,1bdf3b5c36a6b75e9279d29b7c3b5d75d09d350694d62586ac64e2c94d5488b0,CURRENT,True
101782,P01782,36b9701b9d26a4d96894ded50371de87ae3875eb0fb361291b3f0071331e985b,MEM7001782,GRP1022,OakStreet-East,776-94-1667,Michael,Martinez,1961-05-11,M,+19327504649,4156 Lake Rd,Apt 969,Orlando,FL,32801,USA,"4156 Lake Rd Apt 969, Orlando, FL 32801, USA",PCP0005,Active,EHR,P01782,ING-PAT-20261005-01782,2026-10-05T11:27:06,2026-10-05T11:29:06,2023-06-23T11:29:06,2026-10-05T11:29:06,2026-10-05T07:50:06,e3816ad24b57538e8eb0f85a914a18ab1c412bdccacc02634d03029749339f80,CURRENT,True
101783,P01783,c6403c26e24809a12e4a2e9989a7112f148b3127313486048b1fd13b0131605d,MEM7001783,GRP1023,OakStreet-Southwest,127-84-9868,Richard,Walker,1990-12-21,F,+18695074806,6333 Lake Ave,,San Antonio,TX,78205,USA,"6333 Lake Ave, San Antonio, TX 78205, USA",PCP0098,Active,EHR,P01783,ING-PAT-20261005-01783,2026-10-05T11:27:09,2026-10-05T11:29:09,2025-05-02T11:29:09,2026-10-05T11:29:09,2026-10-05T10:33:09,dc161189ab75f539bf6f25cc1be96bf693ef7cbdd9460339fe8f8cb0ae45450c,CURRENT,True
101784,P01784,805904b84853c16204e2cdd7dc11a03cd8c74bf1f5ed88b28296287e291f6c88,MEM7001784,GRP1024,OakStreet-Central,580-31-4424,Barbara,Jackson,1945-10-05,F,+14583806168,3463 Main Rd,,Houston,TX,77002,USA,"3463 Main Rd, Houston, TX 77002, USA",PCP0016,Active,EHR,P01784,ING-PAT-20261005-01784,2026-10-05T11:27:12,2026-10-05T11:29:12,2024-01-29T11:29:12,2026-10-05T11:29:12,2026-10-05T08:01:12,e8db97638dc4329a71ede4963835e1a8261d61fe0a1a751d62cfb2aae2d54e0c,CURRENT,True
101785,P01785,5af85ddafc5fe4657d737c824a1ca2f80fcd9d84cf4f0a6d3e24234acbed401e,MEM7001785,GRP1025,OakStreet-South,617-36-9362,Charles,Johnson,1960-03-13,F,+13743213486,3548 Park Ave,,San Antonio,TX,78205,USA,"3548 Park Ave, San Antonio, TX 78205, USA",PCP0048,Active,EHR,P01785,ING-PAT-20261005-01785,2026-10-05T11:27:15,2026-10-05T11:29:15,2023-10-08T11:29:15,2026-10-05T11:29:15,2026-10-05T08:12:15,0833a9155333f2b65db3d65dd33a163e00fae794933d70364fc88a54a06cc824,CURRENT,True
101786,P01786,3f2506c4a7c3b9be4101b41ec909a50c1e5fcaa68453f255c5d2604f67c3f417,MEM7001786,GRP1026,OakStreet-East,277-19-0668,Sarah,White,1972-04-08,F,+12374682680,9394 Washington Blvd,,Houston,TX,77002,USA,"9394 Washington Blvd, Houston, TX 77002, USA",PCP0075,Active,EHR,P01786,ING-PAT-20261005-01786,2026-10-05T11:27:18,2026-10-05T11:29:18,2024-11-30T11:29:18,2026-10-05T11:29:18,2026-10-05T08:06:18,26cdbf193a6d348b3f2b11aae88d110860917d740f242351dd5032038645188d,CURRENT,True
101787,P01787,36235ddb495efd85667db476951971fe46c39543305e5e9c81d38a3e8dbc7f3c,MEM7001787,GRP1027,OakStreet-Southwest,482-20-4304,Mary,Clark,1986-01-23,M,+13576065910,8308 Main Rd,,Austin,TX,78701,USA,"8308 Main Rd, Austin, TX 78701, USA",PCP0067,Active,EHR,P01787,ING-PAT-20261005-01787,2026-10-05T11:27:21,2026-10-05T11:29:21,2022-07-29T11:29:21,2026-10-05T11:29:21,2026-10-05T08:42:21,6e4d0f607dbc2272db9aa885945651057e9009481f16d392c670eebf2f815f22,CURRENT,True
101788,P01788,6e3981834576dcb35d5a13a3b4b20172f58d6f236cfe99154d540b2a317f2812,MEM7001788,GRP1028,OakStreet-Central,625-99-7931,Steven,Jackson,1944-09-18,M,+16103207422,1311 Market Ave,,Orlando,FL,32801,USA,"1311 Market Ave, Orlando, FL 32801, USA",PCP0057,Active,EHR,P01788,ING-PAT-20261005-01788,2026-10-05T11:27:24,2026-10-05T11:29:24,2024-02-29T11:29:24,2026-10-05T11:29:24,2026-10-05T10:40:24,0fbd44f2cc99d1b998f598f0887d2b5b27ad468f5455e3bcda31d4a935e74f7f,CURRENT,True
101789,P01789,054ca5a7a19e1d521de2be11f3694613055fd89016f6b758579ec511242c10ae,MEM7001789,GRP1029,OakStreet-South,827-99-8308,John,Jones,1937-09-16,F,+16657134697,8645 Washington Ave,Apt 563,Dallas,TX,75201,USA,"8645 Washington Ave Apt 563, Dallas, TX 75201, USA",PCP0011,Active,EHR,P01789,ING-PAT-20261005-01789,2026-10-05T11:27:27,2026-10-05T11:29:27,2023-12-12T11:29:27,2026-10-05T11:29:27,2026-10-05T07:55:27,6d001cd829a8825c588d7ad1a666e1d4a5119b518b9b9e43b5b5c10aa2959705,CURRENT,True
101790,P01790,94b527cb8510308c4a4903f57e4c0cc9df475dbea08cb16b632a423c05ea2a7b,MEM7001790,GRP1030,OakStreet-East,107-71-2253,Charles,Miller,1980-10-08,M,+13838452985,5224 Market St,,San Antonio,TX,78205,USA,"5224 Market St, San Antonio, TX 78205, USA",PCP0043,Active,EHR,P01790,ING-PAT-20261005-01790,2026-10-05T11:27:30,2026-10-05T11:29:30,2024-08-05T11:29:30,2026-10-05T11:29:30,2026-10-05T09:20:30,3347c2400ccd7f6d70fdbddbfd48152e1af496db3ef5e63b9e1e6475eed23a61,CURRENT,True
101791,P01791,466d0f21d2f6e52293cf9552e1fbebb9938d97b29511b2e861eca8cc8245d508,MEM7001791,GRP1031,OakStreet-Southwest,314-55-0526,Jennifer,Smith,1950-12-08,M,+12094789464,4587 Lake Ave,Apt 375,San Antonio,TX,78205,USA,"4587 Lake Ave Apt 375, San Antonio, TX 78205, USA",PCP0002,Active,EHR,P01791,ING-PAT-20261005-01791,2026-10-05T11:27:33,2026-10-05T11:29:33,2023-08-27T11:29:33,2026-10-05T11:29:33,2026-10-05T08:12:33,73e13fa300383f010732d55902b3825ff39518182e0ed6213b543e8e90f69b3c,CURRENT,True
101792,P01792,b07593cd60b55dbccc6cf000d1b25873778ca13db062b33d8ebd7dfd732cd523,MEM7001792,GRP1032,OakStreet-Central,364-48-1626,Joseph,Jackson,1961-04-28,M,+13832565817,1519 Lake Ave,,Dallas,TX,75201,USA,"1519 Lake Ave, Dallas, TX 75201, USA",PCP0073,Active,EHR,P01792,ING-PAT-20261005-01792,2026-10-05T11:27:36,2026-10-05T11:29:36,2022-09-26T11:29:36,2026-10-05T11:29:36,2026-10-05T10:38:36,b71a1f45acd9d318b27311fe1d8fed14d683dc9027054ac9db5a919f33e4a2eb,CURRENT,True
101793,P01793,f9c3888421e84626ace4948f41acf72d568e4e34643a4bd7600871ef3f1892b9,MEM7001793,GRP1033,OakStreet-South,372-93-4342,Linda,White,2000-05-11,M,+17365348994,8858 Oak Rd,,Austin,TX,78701,USA,"8858 Oak Rd, Austin, TX 78701, USA",PCP0058,Active,EHR,P01793,ING-PAT-20261005-01793,2026-10-05T11:27:39,2026-10-05T11:29:39,2022-02-18T11:29:39,2026-10-05T11:29:39,2026-10-05T09:50:39,e0cf60aa07a68f283049ecbcb4b1abf1c2b3e45a7d1b47dcb6e587e2681c566c,CURRENT,True
101794,P01794,a89ed11ccefead3076e9877b1256201acc6ec74e6cb01ad2e7a0ac0a1eaa6d90,MEM7001794,GRP1034,OakStreet-East,883-97-5690,Anthony,Clark,1997-01-13,M,+13732949497,1066 Pine Blvd,Apt 124,Orlando,FL,32801,USA,"1066 Pine Blvd Apt 124, Orlando, FL 32801, USA",PCP0035,Active,EHR,P01794,ING-PAT-20261005-01794,2026-10-05T11:27:42,2026-10-05T11:29:42,2022-01-22T11:29:42,2026-10-05T11:29:42,2026-10-05T08:16:42,7abc240a3316676e413fca80aea77aef3062e5ea3b996dcdfe9194c6ced9d3fc,CURRENT,True
101795,P01795,bcf76185728b0dac73ae59f365b0c1402728dfa72ef4e9b13e9bf6c40b3e14e6,MEM7001795,GRP1035,OakStreet-Southwest,895-91-8495,Linda,Miller,1970-12-17,F,+13289296526,4316 Oak Rd,,San Antonio,TX,78205,USA,"4316 Oak Rd, San Antonio, TX 78205, USA",PCP0046,Active,EHR,P01795,ING-PAT-20261005-01795,2026-10-05T11:27:45,2026-10-05T11:29:45,2023-02-16T11:29:45,2026-10-05T11:29:45,2026-10-05T08:13:45,5e69ad98567d84cfe50eb722646ce2aa780c54af243d2616660ae50141c3bf0f,CURRENT,True
101796,P01796,40330bec42568c0a4b74b8ebafb5a5162ff6bd89f4aad3b263a8e94f4558de6f,MEM7001796,GRP1036,OakStreet-Central,848-25-0910,Susan,Hernandez,1948-12-05,M,+13698254124,2038 Park Rd,,Houston,TX,77005,USA,"2038 Park Rd, Houston, TX 77005, USA",PCP0113,Active,EHR,P01796,ING-PAT-20261005-01796,2026-10-05T11:27:48,2026-10-05T11:29:48,2022-09-23T11:29:48,2026-10-05T11:29:48,2026-10-05T09:21:48,794df61b3f39b869b0e92f07c766043af75d22f30e27bbdd3ba08bf89db73e4b,CURRENT,True
101797,P01797,dfafe907939291c2031c9e9ba1b8e161d5c20655f017a105d717d4bd2328402c,MEM7001797,GRP1037,OakStreet-South,788-61-4237,Nancy,Brown,1986-01-06,M,+15274433019,129 Pine St,Apt 905,Dallas,TX,75201,USA,"129 Pine St Apt 905, Dallas, TX 75201, USA",PCP0077,Active,EHR,P01797,ING-PAT-20261005-01797,2026-10-05T11:27:51,2026-10-05T11:29:51,2024-06-07T11:29:51,2026-10-05T11:29:51,2026-10-05T08:29:51,5037ff8feaa940646b44d06daee3b9a3b5013df4840847f0bf196de23cdfa52e,CURRENT,True
101798,P01798,ce58c4b1f536a49a47eeed107615ca6a136f05eedc7404173b8667384cc2cf5f,MEM7001798,GRP1038,OakStreet-East,849-41-3170,Patricia,Lee,1951-12-19,F,+12952565657,9998 Main Blvd,Apt 430,Houston,TX,77002,USA,"9998 Main Blvd Apt 430, Houston, TX 77002, USA",PCP0110,Active,EHR,P01798,ING-PAT-20261005-01798,2026-10-05T11:27:54,2026-10-05T11:29:54,2023-01-05T11:29:54,2026-10-05T11:29:54,2026-10-05T09:27:54,53b2234ddeef3d79bcd09d0bb2abf4a56a2190ca670d6dccfd0c6b1d378d2be5,CURRENT,True
101799,P01799,614b41205fc41da4e2d66f45bf74cb60c5d93eee080b7fec60f05a31bdb245ba,MEM7001799,GRP1039,OakStreet-Southwest,712-59-5629,Richard,Perez,1990-04-05,F,+19656558480,9138 Oak Rd,Apt 140,Atlanta,GA,30303,USA,"9138 Oak Rd Apt 140, Atlanta, GA 30303, USA",PCP0016,Active,EHR,P01799,ING-PAT-20261005-01799,2026-10-05T11:27:57,2026-10-05T11:29:57,2024-05-08T11:29:57,2026-10-05T11:29:57,2026-10-05T10:01:57,70bbeb66ec908dd87ea23b81446b88c4224df468fff4539416f1e766b6f5621f,CURRENT,True
101800,P01800,1408f4d5fa6d82ac732b09c04951c0a268dbe8e694db69ac0321dccf7792b917,MEM7001800,GRP1000,OakStreet-Central,810-58-4672,Anthony,Davis,1981-03-26,M,+16478088143,8446 Market St,,Atlanta,GA,30303,USA,"8446 Market St, Atlanta, GA 30303, USA",PCP0001,Active,EHR,P01800,ING-PAT-20261005-01800,2026-10-05T11:28:00,2026-10-05T11:30:00,2023-06-18T11:30:00,2026-10-05T11:30:00,2026-10-05T11:12:00,c2a38499d5af7b7ecbb7d5bc7f734d09b4d69a38ba3d7635aaaea10650a34146,CURRENT,True
101801,P01801,c3932accacf9c1d8625ec836631598c128fb15a3945cc240e8ac2c3da8ddb2c0,MEM7001801,GRP1001,OakStreet-South,617-24-0446,Thomas,Lopez,1935-05-25,F,+12462178893,2304 Oak Blvd,,Chicago,IL,60601,USA,"2304 Oak Blvd, Chicago, IL 60601, USA",PCP0065,Active,EHR,P01801,ING-PAT-20261005-01801,2026-10-05T11:28:03,2026-10-05T11:30:03,2023-05-12T11:30:03,2026-10-05T11:30:03,2026-10-05T08:45:03,3fdb802f30bec2aa427dec2c94b77d759e464d96ab8c676527df84b6aa6e814d,CURRENT,True
101802,P01802,6a07b5c5528a1de1210e3f244bcbff41b4880858902af85dc1dafec1c468b95e,MEM7001802,GRP1002,OakStreet-East,583-63-8640,Mark,Lee,1958-12-23,M,+18066344441,1198 Park St,,San Antonio,TX,78205,USA,"1198 Park St, San Antonio, TX 78205, USA",PCP0118,Active,EHR,P01802,ING-PAT-20261005-01802,2026-10-05T11:28:06,2026-10-05T11:30:06,2024-10-23T11:30:06,2026-10-05T11:30:06,2026-10-05T10:29:06,a139614a318bbadddd0c8343f6ad3b9ac43e1c70d450f7b82c63985910fd481c,CURRENT,True
101803,P01803,8baad95434ac9f45d501c3af79bdaf21bcc4c45a5052ec2574aa743606694df6,MEM7001803,GRP1003,OakStreet-Southwest,866-93-5511,Lisa,Thompson,1951-08-09,F,+18663029375,7772 Oak Ave,,Orlando,FL,32801,USA,"7772 Oak Ave, Orlando, FL 32801, USA",PCP0036,Active,EHR,P01803,ING-PAT-20261005-01803,2026-10-05T11:28:09,2026-10-05T11:30:09,2023-06-01T11:30:09,2026-10-05T11:30:09,2026-10-05T08:12:09,ecce673376bf22f5eb45f847c7647fde66bf17a5cb5accbb8204aa23b6bf46ca,CURRENT,True
101804,P01804,558d1ae1607d2d25f2ac5e81fb4406f74804f24e3ff501ad65abb4b7507c4ee9,MEM7001804,GRP1004,OakStreet-Central,275-70-8821,Anthony,Clark,1977-11-03,M,+16319235685,563 Oak Blvd,,Phoenix,AZ,85004,USA,"563 Oak Blvd, Phoenix, AZ 85004, USA",PCP0052,Active,EHR,P01804,ING-PAT-20261005-01804,2026-10-05T11:28:12,2026-10-05T11:30:12,2022-11-03T11:30:12,2026-10-05T11:30:12,2026-10-05T11:16:12,e2fc5d0ae859adf7d456e69a13c4ad57d7299758eb9523e0a227b5351792083a,CURRENT,True
101805,P01805,8f935159233d5c1fc2e087eb8abca75c2130a58a21997166778c3779035b3987,MEM7001805,GRP1005,OakStreet-South,405-38-6247,Linda,Moore,1989-10-20,M,+16916157044,3081 Market Ave,Apt 166,Houston,TX,77024,USA,"3081 Market Ave Apt 166, Houston, TX 77024, USA",PCP0087,Active,EHR,P01805,ING-PAT-20261005-01805,2026-10-05T11:28:15,2026-10-05T11:30:15,2023-02-01T11:30:15,2026-10-05T11:30:15,2026-10-05T08:25:15,8027c31a36ec995f3df44956b1cd37179b2daee89a3646b88e9da3a60890c9f1,CURRENT,True
101806,P01806,3f578b0adc156068b8970e70818d79ebc2dea0c3ecfcfa24450220d37850d777,MEM7001806,GRP1006,OakStreet-East,461-68-9065,Anthony,Moore,1941-09-06,M,+16982995053,8282 Washington Rd,,Phoenix,AZ,85004,USA,"8282 Washington Rd, Phoenix, AZ 85004, USA",PCP0106,Active,EHR,P01806,ING-PAT-20261005-01806,2026-10-05T11:28:18,2026-10-05T11:30:18,2022-10-31T11:30:18,2026-10-05T11:30:18,2026-10-05T11:16:18,8ecfd014b9ef0e8cc500902a6c89edca6715b81b9841dbac184245459ab2f2f2,CURRENT,True
101807,P01807,3ab8d12a8a08ea27ca44200dc471e0278f5a319a3a7ea674f0428e31fd70bf40,MEM7001807,GRP1007,OakStreet-Southwest,810-27-4199,Charles,Lopez,1963-03-01,M,+13742767458,9983 Main St,,Austin,TX,78701,USA,"9983 Main St, Austin, TX 78701, USA",PCP0094,Active,EHR,P01807,ING-PAT-20261005-01807,2026-10-05T11:28:21,2026-10-05T11:30:21,2025-06-29T11:30:21,2026-10-05T11:30:21,2026-10-05T09:27:21,e7ac0d56fd14ac55d7189ab5c7734b63ea0ccb1de5f5415f378a82e1b16c563a,CURRENT,True
101808,P01808,0a60d254f89983432ceb65b6704544d09040298e702e7f01e2907f0967db9529,MEM7001808,GRP1008,OakStreet-Central,178-93-4400,Mark,Taylor,1970-08-13,F,+18619543157,4246 Pine St,,Houston,TX,77002,USA,"4246 Pine St, Houston, TX 77002, USA",PCP0005,Inactive,EHR,P01808,ING-PAT-20261005-01808,2026-10-05T11:28:24,2026-10-05T11:30:24,2024-03-22T11:30:24,2026-10-05T11:30:24,2026-10-05T10:34:24,8d9f2bae53c9bf5be69e3034fc2f5afd291739be2e8981fe388cc9753871a18c,CURRENT,True
101809,P01809,bf406993a59da2c16f8c5e88289ebdebde280fdf087482985f72ba5abc09ec92,MEM7001809,GRP1009,OakStreet-South,744-90-6927,Joseph,Moore,1993-10-22,F,+12665902153,8455 Main St,,Houston,TX,77005,USA,"8455 Main St, Houston, TX 77005, USA",PCP0013,Active,EHR,P01809,ING-PAT-20261005-01809,2026-10-05T11:28:27,2026-10-05T11:30:27,2024-08-03T11:30:27,2026-10-05T11:30:27,2026-10-05T09:19:27,6b39f6af554cb0730170a8a806b0eaf6cc7491abdd5a5c6205d418d1f2e1ddad,CURRENT,True
101810,P01810,3d2cc7e8093f479b5ba0f91e08ab4882d66afc64df55e7ce85dc621cb0f06070,MEM7001810,GRP1010,OakStreet-East,830-24-0922,Nancy,Williams,1949-07-10,M,+16728382190,1059 Main Blvd,,Atlanta,GA,30303,USA,"1059 Main Blvd, Atlanta, GA 30303, USA",PCP0026,Active,EHR,P01810,ING-PAT-20261005-01810,2026-10-05T11:28:30,2026-10-05T11:30:30,2021-11-25T11:30:30,2026-10-05T11:30:30,2026-10-05T10:36:30,20daf2e8fe30cd475bd6972bfc3b1d8afa6407826c1785332014d8137c0eb759,CURRENT,True
101811,P01811,d1c0937d70a664ef4000caa0ab4cc198c0503d68f4b38f7be098475af892eb3a,MEM7001811,GRP1011,OakStreet-Southwest,389-33-2943,Richard,Anderson,1992-12-17,M,+14509468840,9338 Pine St,,Austin,TX,78701,USA,"9338 Pine St, Austin, TX 78701, USA",PCP0093,Active,EHR,P01811,ING-PAT-20261005-01811,2026-10-05T11:28:33,2026-10-05T11:30:33,2025-10-22T11:30:33,2026-10-05T11:30:33,2026-10-05T11:17:33,9a6c849244a343be8066caee53a699ea3dae52fa23dae143241ad9fa157f7989,CURRENT,True
101812,P01812,b1beec2e8d3a10340c1327413d45638cb4b227ba839cb1f597644b1188a97640,MEM7001812,GRP1012,OakStreet-Central,544-55-4636,Lisa,Robinson,1938-08-21,M,+13133802673,6153 Main St,,Atlanta,GA,30303,USA,"6153 Main St, Atlanta, GA 30303, USA",PCP0091,Active,EHR,P01812,ING-PAT-20261005-01812,2026-10-05T11:28:36,2026-10-05T11:30:36,2022-07-21T11:30:36,2026-10-05T11:30:36,2026-10-05T07:33:36,4c7463b5ceb47079fe850b19422e8c83ce34a8e0c488c6dbce9ae847f49536b6,CURRENT,True
101813,P01813,7970e136ec89e657d42f134c54218d8628ba948ec5a1fa5bc266180a4ad5436a,MEM7001813,GRP1013,OakStreet-South,490-89-5431,Jessica,Brown,1947-09-25,M,+15445891146,5624 Main Ave,,Phoenix,AZ,85004,USA,"5624 Main Ave, Phoenix, AZ 85004, USA",PCP0025,Active,EHR,P01813,ING-PAT-20261005-01813,2026-10-05T11:28:39,2026-10-05T11:30:39,2022-05-28T11:30:39,2026-10-05T11:30:39,2026-10-05T09:25:39,b7cb09c787b7ac67a3ccf0aeb33636a1a6db9fd5f60d2d98166087a7812c40aa,CURRENT,True
101814,P01814,842bae815aab18c863a90d17b86b593d40efa10b20d779d44bc9d802fb63d9aa,MEM7001814,GRP1014,OakStreet-East,819-95-1926,Margaret,White,1945-09-10,M,+14537423306,5405 Main Rd,,Orlando,FL,32801,USA,"5405 Main Rd, Orlando, FL 32801, USA",PCP0100,Inactive,EHR,P01814,ING-PAT-20261005-01814,2026-10-05T11:28:42,2026-10-05T11:30:42,2024-10-30T11:30:42,2026-10-05T11:30:42,2026-10-05T10:24:42,0851c2ccd7695028c7cdfcaf7155738cd56b51b34d134ae1d3432907afa6ccc3,CURRENT,True
101815,P01815,ed0b3910c91ee6137e4c41e667433a1a82f5db14c1f39e26009a5b8c0e0f5687,MEM7001815,GRP1015,OakStreet-Southwest,537-79-7907,Charles,Martin,2001-07-13,F,+16146487757,826 Washington Ave,,San Antonio,TX,78205,USA,"826 Washington Ave, San Antonio, TX 78205, USA",PCP0101,Active,EHR,P01815,ING-PAT-20261005-01815,2026-10-05T11:28:45,2026-10-05T11:30:45,2023-03-21T11:30:45,2026-10-05T11:30:45,2026-10-05T09:01:45,552f188b89930b64ff4301b36711c759cb5b66c08d543db2fe82d1edab0f507a,CURRENT,True
101816,P01816,ee24e8c268b198d068c6d0b0d6ebb2519f674595af55daada7d062bac56c26c1,MEM7001816,GRP1016,OakStreet-Central,453-17-2780,Lisa,Taylor,1978-02-11,M,+13875325758,1634 Oak Rd,Apt 225,Austin,TX,78701,USA,"1634 Oak Rd Apt 225, Austin, TX 78701, USA",PCP0027,Active,EHR,P01816,ING-PAT-20261005-01816,2026-10-05T11:28:48,2026-10-05T11:30:48,2022-07-05T11:30:48,2026-10-05T11:30:48,2026-10-05T10:21:48,4edff62f8fc6c6d56a3ef547bcb06ed91033c546706ccc1b169c8c7b3bf57d9f,CURRENT,True
101817,P01817,ca6aaa83bf72fedb4a4e454192089e27c28a37dcfb745350ea61005595f549d9,MEM7001817,GRP1017,OakStreet-South,899-45-0722,Matthew,Jones,1999-09-16,M,+18167012107,8767 Pine Rd,Apt 863,Atlanta,GA,30303,USA,"8767 Pine Rd Apt 863, Atlanta, GA 30303, USA",PCP0113,Active,EHR,P01817,ING-PAT-20261005-01817,2026-10-05T11:28:51,2026-10-05T11:30:51,2023-02-03T11:30:51,2026-10-05T11:30:51,2026-10-05T08:19:51,9bc4ad9e9777c5b973d085a17139db6724e56b329b9a7b8a4e51059bd1240fbf,CURRENT,True
101818,P01818,3b7f936336edc838699467194406336f95dfd3c1611b32a234505f30e3c798e2,MEM7001818,GRP1018,OakStreet-East,600-55-3166,Jessica,Robinson,1939-02-17,M,+16363212144,6759 Main Rd,,San Antonio,TX,78205,USA,"6759 Main Rd, San Antonio, TX 78205, USA",PCP0043,Active,EHR,P01818,ING-PAT-20261005-01818,2026-10-05T11:28:54,2026-10-05T11:30:54,2022-12-11T11:30:54,2026-10-05T11:30:54,2026-10-05T10:58:54,99b21790b30956c3005771e04cc5e6b0f864541301faeafac40c9083d9e92eba,CURRENT,True
101819,P01819,67df1ba52111d674be8a91964957e802fb5aee968fb71d788ce64f1d376e67a4,MEM7001819,GRP1019,OakStreet-Southwest,333-64-0118,Mark,White,1985-07-19,F,+18519217813,9514 Market Rd,Apt 186,Austin,TX,78701,USA,"9514 Market Rd Apt 186, Austin, TX 78701, USA",PCP0037,Inactive,EHR,P01819,ING-PAT-20261005-01819,2026-10-05T11:28:57,2026-10-05T11:30:57,2023-12-29T11:30:57,2026-10-05T11:30:57,2026-10-05T11:16:57,930b3cb3215756875504cab0302e0c9addf65f60de8822edeba6bd28ab3ae2fe,CURRENT,True
101820,P01820,d69c45ddf473417d057320c663f41937f2ada51f45065efb285047f77fbb020b,MEM7001820,GRP1020,OakStreet-Central,358-83-1996,Ashley,Lewis,1938-12-21,M,+15909408590,6158 Oak Rd,,Orlando,FL,32801,USA,"6158 Oak Rd, Orlando, FL 32801, USA",PCP0111,Active,EHR,P01820,ING-PAT-20261005-01820,2026-10-05T11:29:00,2026-10-05T11:31:00,2022-05-06T11:31:00,2026-10-05T11:31:00,2026-10-05T08:05:00,d363a343bc723badb20b1fe8498a4604d9720467491e225eb371f3b8b4a07ef7,CURRENT,True
101821,P01821,af6734604cfdab894c7d160baa0f9d7d4fc1ab37662ac436d1ff127700ca07af,MEM7001821,GRP1021,OakStreet-South,222-22-7326,Charles,Brown,1950-04-06,F,+16355381135,5709 Lake Blvd,Apt 662,Houston,TX,77002,USA,"5709 Lake Blvd Apt 662, Houston, TX 77002, USA",PCP0029,Active,EHR,P01821,ING-PAT-20261005-01821,2026-10-05T11:29:03,2026-10-05T11:31:03,2022-08-05T11:31:03,2026-10-05T11:31:03,2026-10-05T08:21:03,2e7618ebcae86648bfda45bc7f403d8622914d6168b19cd02b4f42a5d34905f9,CURRENT,True
101822,P01822,84534e2c3ecf4b7095745cc217e5ce0179494ddffcaf4e74155a9b8b6b137b7a,MEM7001822,GRP1022,OakStreet-East,511-16-5520,John,Moore,1953-04-26,M,+19898381653,7122 Washington St,,Chicago,IL,60601,USA,"7122 Washington St, Chicago, IL 60601, USA",PCP0077,Active,EHR,P01822,ING-PAT-20261005-01822,2026-10-05T11:29:06,2026-10-05T11:31:06,2025-08-09T11:31:06,2026-10-05T11:31:06,2026-10-05T08:18:06,f10f592f272cf94a83588a7d6f0c4f1c3eb9393905d2fd2f5906e43e7d193ff5,CURRENT,True
101823,P01823,7520b9ef50430b934a26d99889210f311b5e12814327c41eb3158a0b635f6c47,MEM7001823,GRP1023,OakStreet-Southwest,213-80-0501,Mary,Jones,1941-10-20,F,+18237553597,2261 Main Ave,,Phoenix,AZ,85004,USA,"2261 Main Ave, Phoenix, AZ 85004, USA",PCP0021,Active,EHR,P01823,ING-PAT-20261005-01823,2026-10-05T11:29:09,2026-10-05T11:31:09,2024-04-11T11:31:09,2026-10-05T11:31:09,2026-10-05T09:32:09,a775943a92a8290c64404e23335a6a158bf65eb827a5be8e707d06193f38d3f5,CURRENT,True
101824,P01824,6be4e633434762b62932da5127327a3527a0a2fd2c3c4cc8b60d946dfd68bdac,MEM7001824,GRP1024,OakStreet-Central,445-16-3127,William,Ramirez,1983-07-23,M,+14905159495,6989 Park Ave,,Chicago,IL,60601,USA,"6989 Park Ave, Chicago, IL 60601, USA",PCP0046,Active,EHR,P01824,ING-PAT-20261005-01824,2026-10-05T11:29:12,2026-10-05T11:31:12,2023-09-10T11:31:12,2026-10-05T11:31:12,2026-10-05T09:13:12,b2ef4bedcd00234c792c350ee1251f0c14ba15b5ebb8c6166ff6bf583620ea2e,CURRENT,True
101825,P01825,468426e0605b5037df257fb9e567bc34eb1d32680631d481dd9b8001a4d0aeae,MEM7001825,GRP1025,OakStreet-South,154-92-2406,Jennifer,Miller,1945-09-28,F,+15666926596,4157 Pine Ave,Apt 113,Houston,TX,77024,USA,"4157 Pine Ave Apt 113, Houston, TX 77024, USA",PCP0110,Active,EHR,P01825,ING-PAT-20261005-01825,2026-10-05T11:29:15,2026-10-05T11:31:15,2024-02-06T11:31:15,2026-10-05T11:31:15,2026-10-05T09:01:15,bbd6b25ae596f4e680de4d76cf71ee1d94a45b01889a83bbae011ccec0f151d7,CURRENT,True
101826,P01826,5f37d616ae3c1ddc5a01116c0d71d67a853bd3d44ba6b1a84a3b411f7e3423cb,MEM7001826,GRP1026,OakStreet-East,217-32-6227,Elizabeth,Gonzalez,1964-02-02,F,+14526863749,8958 Main St,,Phoenix,AZ,85004,USA,"8958 Main St, Phoenix, AZ 85004, USA",PCP0089,Active,EHR,P01826,ING-PAT-20261005-01826,2026-10-05T11:29:18,2026-10-05T11:31:18,2024-01-02T11:31:18,2026-10-05T11:31:18,2026-10-05T07:37:18,9ee2ce3742c070eb4a5f3049291813547ad97c2481bd3419c9e5bc29743e4ddf,CURRENT,True
101827,P01827,49afb29de7ed49afac9645b314d31136b472d504f3414183af116f12528d0f9d,MEM7001827,GRP1027,OakStreet-Southwest,585-77-6861,Karen,Thompson,1952-04-27,M,+18247456374,589 Pine St,Apt 629,Phoenix,AZ,85004,USA,"589 Pine St Apt 629, Phoenix, AZ 85004, USA",PCP0115,Active,EHR,P01827,ING-PAT-20261005-01827,2026-10-05T11:29:21,2026-10-05T11:31:21,2025-03-05T11:31:21,2026-10-05T11:31:21,2026-10-05T10:07:21,afa2073a10d4b2cf40fb3ff79a49a1aa1739a87338a5a42e9ffd2327e0ba7be9,CURRENT,True
101828,P01828,dc0c4b752de3da877751dd81848ceee7643403322af5c0bbf479512670b6f837,MEM7001828,GRP1028,OakStreet-Central,582-66-3810,Karen,Sanchez,1946-04-26,M,+13219096648,4195 Washington St,,Phoenix,AZ,85004,USA,"4195 Washington St, Phoenix, AZ 85004, USA",PCP0096,Active,EHR,P01828,ING-PAT-20261005-01828,2026-10-05T11:29:24,2026-10-05T11:31:24,2024-06-24T11:31:24,2026-10-05T11:31:24,2026-10-05T08:01:24,e18502c57241949b798e31083cbac96bb550e655a27dd7bec6de10338343535c,CURRENT,True
101829,P01829,262e48de33c14e64dfc2605979e2983fe9daf7c51b3da7293c784e3359c2e06b,MEM7001829,GRP1029,OakStreet-South,633-54-9429,Charles,Jones,1935-05-04,M,+12378486063,333 Oak St,,Orlando,FL,32801,USA,"333 Oak St, Orlando, FL 32801, USA",PCP0030,Active,EHR,P01829,ING-PAT-20261005-01829,2026-10-05T11:29:27,2026-10-05T11:31:27,2022-04-16T11:31:27,2026-10-05T11:31:27,2026-10-05T09:31:27,e998ba4d414b3ad2f10091c13adf9ef68648df3d9587fbba039a01977d87d9af,CURRENT,True
101830,P01830,d8b491718d0d8f1611651968a4c411b9bfcb53b01e51d7f464f6c801261848f8,MEM7001830,GRP1030,OakStreet-East,608-93-1742,Jessica,Hernandez,1983-01-07,F,+13247146433,4559 Market Blvd,,Houston,TX,77024,USA,"4559 Market Blvd, Houston, TX 77024, USA",PCP0018,Active,EHR,P01830,ING-PAT-20261005-01830,2026-10-05T11:29:30,2026-10-05T11:31:30,2023-06-13T11:31:30,2026-10-05T11:31:30,2026-10-05T10:48:30,af62c82a3a49a0a9c66303a1db1041528b294ed7152410662b5edea1306bcd90,CURRENT,True
101831,P01831,a16df9511b289bff565071dbd06eed41ddaf524082832907268e6aab21041741,MEM7001831,GRP1031,OakStreet-Southwest,752-29-4771,Elizabeth,Wilson,1945-11-13,M,+18204669329,1046 Pine Rd,,San Antonio,TX,78205,USA,"1046 Pine Rd, San Antonio, TX 78205, USA",PCP0001,Active,EHR,P01831,ING-PAT-20261005-01831,2026-10-05T11:29:33,2026-10-05T11:31:33,2023-11-20T11:31:33,2026-10-05T11:31:33,2026-10-05T07:35:33,28a46aabd5a5b223fcf92b6963468246eda548096e0c925288346ff968898c1d,CURRENT,True
101832,P01832,21f0b8943faea4d7b627ef33fccc093377f0ea3a2edabac32f0beca8dd968455,MEM7001832,GRP1032,OakStreet-Central,174-64-4400,Anthony,Robinson,1959-03-12,M,+18417405490,5089 Oak Ave,,Austin,TX,78701,USA,"5089 Oak Ave, Austin, TX 78701, USA",PCP0042,Active,EHR,P01832,ING-PAT-20261005-01832,2026-10-05T11:29:36,2026-10-05T11:31:36,2024-10-31T11:31:36,2026-10-05T11:31:36,2026-10-05T10:56:36,e0338f8e92dad4a50897bfa1f5599e19e7a3f10957f10e82b081561775ac01b0,CURRENT,True
101833,P01833,053da14c567692313cc800d22f79a7aed6813909ce77b3359373a74ca671961b,MEM7001833,GRP1033,OakStreet-South,649-30-3135,Jennifer,Martinez,1999-03-03,F,+14714357164,5774 Main Blvd,,Chicago,IL,60601,USA,"5774 Main Blvd, Chicago, IL 60601, USA",PCP0082,Active,EHR,P01833,ING-PAT-20261005-01833,2026-10-05T11:29:39,2026-10-05T11:31:39,2024-09-13T11:31:39,2026-10-05T11:31:39,2026-10-05T08:31:39,e8155080cbb1d936b47c9d3b4ebfe52ea365a5d31373a9335e87e49f96b60a10,CURRENT,True
101834,P01834,5da8ad06472a1ab1950d5ba7acada5ac45db41b1cab14380b69eba9770670e59,MEM7001834,GRP1034,OakStreet-East,506-27-3534,Joseph,Taylor,1963-02-22,M,+16035444029,2742 Market Rd,,Austin,TX,78701,USA,"2742 Market Rd, Austin, TX 78701, USA",PCP0073,Active,EHR,P01834,ING-PAT-20261005-01834,2026-10-05T11:29:42,2026-10-05T11:31:42,2023-06-21T11:31:42,2026-10-05T11:31:42,2026-10-05T09:02:42,25375ea23e20c634963c2ac9e79a0c2d9ed6b8c9a23dc815615d59c239723bab,CURRENT,True
101835,P01835,284d56045a34d465c82f178f1ccae9eeda409037a7d94211743883991fa86fa4,MEM7001835,GRP1035,OakStreet-Southwest,749-99-9827,Lisa,Brown,1965-01-21,F,+16223687897,9922 Oak St,Apt 675,San Antonio,TX,78205,USA,"9922 Oak St Apt 675, San Antonio, TX 78205, USA",PCP0107,Active,EHR,P01835,ING-PAT-20261005-01835,2026-10-05T11:29:45,2026-10-05T11:31:45,2024-05-11T11:31:45,2026-10-05T11:31:45,2026-10-05T07:42:45,eebf696e9dab5177dbd166f9d4b39886d33723f5eddd7c08bb8313cb20001daf,CURRENT,True
101836,P01836,a7d071dac291abcf223a140fb2607e4129ffd04ae69bcb60b54e861349460c7a,MEM7001836,GRP1036,OakStreet-Central,485-26-2414,Ashley,Wilson,1958-09-19,M,+17135663160,8704 Market St,,Austin,TX,78701,USA,"8704 Market St, Austin, TX 78701, USA",PCP0115,Active,EHR,P01836,ING-PAT-20261005-01836,2026-10-05T11:29:48,2026-10-05T11:31:48,2024-02-04T11:31:48,2026-10-05T11:31:48,2026-10-05T08:06:48,df26fa7392b0e6460f275a661274025e8cb68dc22e8bf366f025bb4f138f78ed,CURRENT,True
101837,P01837,7db316f047995f42024f1ec6a920783a04d5b618fa6969fa747a90abc024f56f,MEM7001837,GRP1037,OakStreet-South,322-97-3948,Joseph,Robinson,1967-01-24,M,+12413821626,8805 Washington Ave,,Houston,TX,77024,USA,"8805 Washington Ave, Houston, TX 77024, USA",PCP0010,Active,EHR,P01837,ING-PAT-20261005-01837,2026-10-05T11:29:51,2026-10-05T11:31:51,2024-06-20T11:31:51,2026-10-05T11:31:51,2026-10-05T09:52:51,873043a5a49ed51d74790b3e0b91c13cdfd098aec1248d42d448be858f98df94,CURRENT,True
101838,P01838,9ff708efe201940c62ac528037d20fb449bc4de9a0e2ba94bab8d8505da03b5b,MEM7001838,GRP1038,OakStreet-East,899-34-1807,Susan,Miller,2002-06-12,F,+12239624344,7458 Main Rd,,Houston,TX,77005,USA,"7458 Main Rd, Houston, TX 77005, USA",PCP0069,Active,EHR,P01838,ING-PAT-20261005-01838,2026-10-05T11:29:54,2026-10-05T11:31:54,2022-02-15T11:31:54,2026-10-05T11:31:54,2026-10-05T08:56:54,f76cab7a28a64a1d52d57729af74e0f5b4641b10ff5065010ec10e4762c359ff,CURRENT,True
101839,P01839,e75aeb4cd1785a62c7a3a98584907491eb025dd08ff2e689363c1621a6996379,MEM7001839,GRP1039,OakStreet-Southwest,671-96-8250,Linda,Lopez,1948-07-22,F,+13998714606,3050 Park Blvd,,Orlando,FL,32801,USA,"3050 Park Blvd, Orlando, FL 32801, USA",PCP0076,Active,EHR,P01839,ING-PAT-20261005-01839,2026-10-05T11:29:57,2026-10-05T11:31:57,2024-08-16T11:31:57,2026-10-05T11:31:57,2026-10-05T11:10:57,d6be1a38dce72fbec284a08653a2fd48eb32c9eb5afaf7f75fa802960e250d1a,CURRENT,True
101840,P01840,b0013e1c2a09b234f9136418117ef03123d6a13cdbfefe5bf848051e8e2561e2,MEM7001840,GRP1000,OakStreet-Central,489-44-6921,John,Lewis,1974-05-10,M,+17144114830,765 Park Rd,,Dallas,TX,75201,USA,"765 Park Rd, Dallas, TX 75201, USA",PCP0092,Active,EHR,P01840,ING-PAT-20261005-01840,2026-10-05T11:30:00,2026-10-05T11:32:00,2021-11-18T11:32:00,2026-10-05T11:32:00,2026-10-05T10:01:00,d28debcafd8fb4570745b444c810fa512936de2be6d28840d781c391a42ab60c,CURRENT,True
101841,P01841,68e33f192b50f8eca94d85279f352f83269427d5621abdf1ebc545c33d50355e,MEM7001841,GRP1001,OakStreet-South,581-83-9889,James,Sanchez,1971-12-03,F,+12454857651,966 Main Ave,,San Antonio,TX,78205,USA,"966 Main Ave, San Antonio, TX 78205, USA",PCP0104,Active,EHR,P01841,ING-PAT-20261005-01841,2026-10-05T11:30:03,2026-10-05T11:32:03,2023-04-02T11:32:03,2026-10-05T11:32:03,2026-10-05T09:51:03,bb302fd11e4c6b7b4a58349456144b4dfda1cc02d4936efe3c0b3e05c53a20b5,CURRENT,True
101842,P01842,4c9900dec62c8f8d4cbb1fbd8eea2c758e0903a727ad21ed901c87d8e2d89ca2,MEM7001842,GRP1002,OakStreet-East,777-36-0555,Steven,Harris,1983-09-20,M,+12157196799,4502 Main St,Apt 884,Houston,TX,77024,USA,"4502 Main St Apt 884, Houston, TX 77024, USA",PCP0079,Active,EHR,P01842,ING-PAT-20261005-01842,2026-10-05T11:30:06,2026-10-05T11:32:06,2023-03-13T11:32:06,2026-10-05T11:32:06,2026-10-05T11:01:06,0600357928552722d72c6fa8bef315f1d42747bc87ff14634512e2ad4be3dcd1,CURRENT,True
101843,P01843,269310e3b1bf058da3959054c96476df1685bb3056c42787323db5f8a8728c6c,MEM7001843,GRP1003,OakStreet-Southwest,486-54-2037,Patricia,Perez,1942-05-03,F,+12796007098,5024 Main Ave,,Houston,TX,77024,USA,"5024 Main Ave, Houston, TX 77024, USA",PCP0106,Active,EHR,P01843,ING-PAT-20261005-01843,2026-10-05T11:30:09,2026-10-05T11:32:09,2025-10-20T11:32:09,2026-10-05T11:32:09,2026-10-05T10:16:09,2681f42f86c6e79950b961fec7fb3b54152e34f2913e2edc52f007b8dc9c1da6,CURRENT,True
101844,P01844,3288fc842187f3be45d5dea83013a1bf0d4b5bbe1233540d88e061906ca1afe9,MEM7001844,GRP1004,OakStreet-Central,592-79-9158,Steven,Martinez,1954-09-28,M,+16508082310,2499 Pine Rd,,Austin,TX,78701,USA,"2499 Pine Rd, Austin, TX 78701, USA",PCP0096,Active,EHR,P01844,ING-PAT-20261005-01844,2026-10-05T11:30:12,2026-10-05T11:32:12,2023-09-16T11:32:12,2026-10-05T11:32:12,2026-10-05T11:23:12,2119fd83bc3bb5f97ba8f076a7c65639b794d95701162e4fce7d399082dd67a7,CURRENT,True
101845,P01845,015fab9db8d525547775e93896b4a8541ac2600b9a8ca110c9343c7dc65e1300,MEM7001845,GRP1005,OakStreet-South,842-63-6750,Sarah,Hernandez,1950-07-26,F,+15768588518,6318 Main St,,San Antonio,TX,78205,USA,"6318 Main St, San Antonio, TX 78205, USA",PCP0052,Active,EHR,P01845,ING-PAT-20261005-01845,2026-10-05T11:30:15,2026-10-05T11:32:15,2022-05-27T11:32:15,2026-10-05T11:32:15,2026-10-05T10:10:15,d00cc652cf0c4595405f3771a8758f3f454e01622fce96f4c92bbaca057934a5,CURRENT,True
101846,P01846,deb3065049ce654547d5cbad0d33417da8e90ba035024ecad3c3e78ff87a996d,MEM7001846,GRP1006,OakStreet-East,368-74-2182,James,Anderson,1981-10-22,M,+17564835457,4609 Market Ave,,Phoenix,AZ,85004,USA,"4609 Market Ave, Phoenix, AZ 85004, USA",PCP0085,Active,EHR,P01846,ING-PAT-20261005-01846,2026-10-05T11:30:18,2026-10-05T11:32:18,2024-09-11T11:32:18,2026-10-05T11:32:18,2026-10-05T10:02:18,1dfc26966c201de3d35201789b4b60b9055930b745680a4e943f3f1803c5b077,CURRENT,True
101847,P01847,bd742850610459434e2bc0534a1d98865bb08a25f8cef90360a15556c249a54b,MEM7001847,GRP1007,OakStreet-Southwest,530-67-0097,Michael,Wilson,1986-01-24,M,+14285007811,1692 Pine Blvd,,Orlando,FL,32801,USA,"1692 Pine Blvd, Orlando, FL 32801, USA",PCP0060,Active,EHR,P01847,ING-PAT-20261005-01847,2026-10-05T11:30:21,2026-10-05T11:32:21,2022-04-15T11:32:21,2026-10-05T11:32:21,2026-10-05T10:11:21,fa5ad68b768f99ab1eddcba59f239672438d757238159abca866efa92fbd8454,CURRENT,True
101848,P01848,c62abec51bf4bbebe5486a8bd5f239ea659b4afc6ac68e2c6f8e69fa703d1af2,MEM7001848,GRP1008,OakStreet-Central,246-99-4649,Lisa,Rodriguez,1958-11-06,M,+16498605586,8131 Park Ave,,Houston,TX,77024,USA,"8131 Park Ave, Houston, TX 77024, USA",PCP0069,Active,EHR,P01848,ING-PAT-20261005-01848,2026-10-05T11:30:24,2026-10-05T11:32:24,2022-05-03T11:32:24,2026-10-05T11:32:24,2026-10-05T07:50:24,b5a7ec90de1f55ee14a4ba607352df4876056e9ba6394e91c73be97207646e3c,CURRENT,True
101849,P01849,2b070e74d122be5b7c5b4d5a4d01de935ef9b91133ef8ff2b5146d8a13995581,MEM7001849,GRP1009,OakStreet-South,665-38-9961,James,Hernandez,1948-09-14,M,+15915523127,3209 Pine St,,Orlando,FL,32801,USA,"3209 Pine St, Orlando, FL 32801, USA",PCP0089,Active,EHR,P01849,ING-PAT-20261005-01849,2026-10-05T11:30:27,2026-10-05T11:32:27,2024-04-30T11:32:27,2026-10-05T11:32:27,2026-10-05T08:29:27,82fe039cb42663fcb067a1cb754f1276164a2fbe9c7403f324a6b744048ca425,CURRENT,True
101850,P01850,8c826d5cee4db114e12f8dd4af717b7f957412a63eb645587e47fd74ef8a7da3,MEM7001850,GRP1010,OakStreet-East,178-62-2046,Richard,Jones,1954-10-18,F,+15246867855,3013 Market Blvd,,Orlando,FL,32801,USA,"3013 Market Blvd, Orlando, FL 32801, USA",PCP0077,Active,EHR,P01850,ING-PAT-20261005-01850,2026-10-05T11:30:30,2026-10-05T11:32:30,2024-04-09T11:32:30,2026-10-05T11:32:30,2026-10-05T09:09:30,3f1946ffc9ebe03be62b7b1b7722ba6bb92e6327e9922a6839805df2bf5aec1d,CURRENT,True
101851,P01851,10f8054ec8efc51c9293c163c89597894297628bb55c3ecd406b881a56108c67,MEM7001851,GRP1011,OakStreet-Southwest,809-90-9173,Daniel,Lee,1999-04-28,F,+16154906168,9116 Oak Ave,,Dallas,TX,75201,USA,"9116 Oak Ave, Dallas, TX 75201, USA",PCP0044,Active,EHR,P01851,ING-PAT-20261005-01851,2026-10-05T11:30:33,2026-10-05T11:32:33,2024-04-15T11:32:33,2026-10-05T11:32:33,2026-10-05T08:16:33,c16d330cd52b4404d5c3f11f33190567650bd559caeead1a7cce7b7b34b71f69,CURRENT,True
101852,P01852,1fdc49de48d7974070d0caf1fe617489226e63fca95e8ae5869b7c731ae224ff,MEM7001852,GRP1012,OakStreet-Central,625-37-0036,Mark,Thompson,1987-06-21,F,+15283223647,9664 Market Blvd,,San Antonio,TX,78205,USA,"9664 Market Blvd, San Antonio, TX 78205, USA",PCP0054,Active,EHR,P01852,ING-PAT-20261005-01852,2026-10-05T11:30:36,2026-10-05T11:32:36,2025-06-26T11:32:36,2026-10-05T11:32:36,2026-10-05T10:04:36,906c5ead2b91f28fe92cd1b54b13e58d8cf09ca2296b3374d4909a73fa14d780,CURRENT,True
101853,P01853,c53c9593b14789622d87142033a9102eef39d63b4d5b3495a65308507cdd9984,MEM7001853,GRP1013,OakStreet-South,529-14-5454,Mark,Lee,2004-10-22,M,+15747493890,8839 Market Ave,,Dallas,TX,75201,USA,"8839 Market Ave, Dallas, TX 75201, USA",PCP0041,Inactive,EHR,P01853,ING-PAT-20261005-01853,2026-10-05T11:30:39,2026-10-05T11:32:39,2023-11-05T11:32:39,2026-10-05T11:32:39,2026-10-05T10:22:39,2682ea60a8b2c7898a192fb2d42365953c58285edc12833a6df057cbac2f5da1,CURRENT,True
101854,P01854,2a1ece29a691407a01a3a4af5f60d4e010c27aa5825f48c952f27a0b82be2ac8,MEM7001854,GRP1014,OakStreet-East,507-14-0713,Thomas,Rodriguez,1939-03-02,F,+15658457382,2284 Washington St,,Houston,TX,77002,USA,"2284 Washington St, Houston, TX 77002, USA",PCP0025,Active,EHR,P01854,ING-PAT-20261005-01854,2026-10-05T11:30:42,2026-10-05T11:32:42,2025-01-10T11:32:42,2026-10-05T11:32:42,2026-10-05T08:12:42,66ef5125d8751f87918e7fdb7239a75f86701803e094259b20fb1b3e9039cf74,CURRENT,True
101855,P01855,4a1365cbe90fcf21f80816ab5e827fbcddb61eaccaa2acda9313d23489448801,MEM7001855,GRP1015,OakStreet-Southwest,453-86-2833,Robert,Thompson,1987-09-18,M,+18456796264,4867 Main Rd,,Houston,TX,77002,USA,"4867 Main Rd, Houston, TX 77002, USA",PCP0087,Active,EHR,P01855,ING-PAT-20261005-01855,2026-10-05T11:30:45,2026-10-05T11:32:45,2025-07-21T11:32:45,2026-10-05T11:32:45,2026-10-05T07:48:45,0349c238a697829d61369d537afabbf8daa51a9df4c6c61335d2d3f1c8f4f0cd,CURRENT,True
101856,P01856,058015195f95232ce90464ffb98458b87b715693ce661e04f2b8d4e25d5dd025,MEM7001856,GRP1016,OakStreet-Central,348-52-4723,William,Miller,1977-08-09,M,+13202671906,7506 Main Ave,,San Antonio,TX,78205,USA,"7506 Main Ave, San Antonio, TX 78205, USA",PCP0079,Active,EHR,P01856,ING-PAT-20261005-01856,2026-10-05T11:30:48,2026-10-05T11:32:48,2024-07-25T11:32:48,2026-10-05T11:32:48,2026-10-05T10:21:48,f9e774a6d7a1afb568d7a5c272602434e132ca9a13ba6b397d557c7d64a47f37,CURRENT,True
101857,P01857,a0c753fc8faadd6423d376caaaf3fd13f92f43e434776b181e5ad4c34efa4301,MEM7001857,GRP1017,OakStreet-South,741-19-8922,Matthew,Hernandez,1938-02-12,M,+16752143589,7930 Main Rd,,Houston,TX,77005,USA,"7930 Main Rd, Houston, TX 77005, USA",PCP0023,Active,EHR,P01857,ING-PAT-20261005-01857,2026-10-05T11:30:51,2026-10-05T11:32:51,2022-05-09T11:32:51,2026-10-05T11:32:51,2026-10-05T07:34:51,d2e0b45f63f44e0291595245ae1e8f6b38e2080a2aed3a24bdc0b9a1d11c2a50,CURRENT,True
101858,P01858,9c252d0b9ab530e8c8bb2e60ba23d4e9f96f45fbc34c9911ea79f836bbbe0a2f,MEM7001858,GRP1018,OakStreet-East,706-82-6793,John,Davis,1988-01-27,F,+12576005662,7673 Lake Blvd,,Phoenix,AZ,85004,USA,"7673 Lake Blvd, Phoenix, AZ 85004, USA",PCP0021,Active,EHR,P01858,ING-PAT-20261005-01858,2026-10-05T11:30:54,2026-10-05T11:32:54,2025-06-08T11:32:54,2026-10-05T11:32:54,2026-10-05T11:21:54,767df206bc014fbcb555a5aa1aa350d8ab446a1045b26be9506fbfc8f295ebe6,CURRENT,True
101859,P01859,f8584300d5a670064b04c168fa2a5081eadd59970698030e00c70081f8224546,MEM7001859,GRP1019,OakStreet-Southwest,822-94-8325,Ashley,Jackson,1959-04-22,M,+19774808422,8833 Market Ave,,Houston,TX,77024,USA,"8833 Market Ave, Houston, TX 77024, USA",PCP0065,Active,EHR,P01859,ING-PAT-20261005-01859,2026-10-05T11:30:57,2026-10-05T11:32:57,2024-11-01T11:32:57,2026-10-05T11:32:57,2026-10-05T08:24:57,cb9a27d7d10c6c2bee71a6342eb8c3336564af07331a04ca915912a2df3b8609,CURRENT,True
101860,P01860,8f93a71b0b01bacaa918b7371ddedab6c3ffaef337e4ba09000cc256dcbf3863,MEM7001860,GRP1020,OakStreet-Central,460-58-9458,Jessica,Johnson,1998-10-09,M,+16203903460,9206 Park St,,Phoenix,AZ,85004,USA,"9206 Park St, Phoenix, AZ 85004, USA",PCP0014,Active,EHR,P01860,ING-PAT-20261005-01860,2026-10-05T11:31:00,2026-10-05T11:33:00,2021-12-25T11:33:00,2026-10-05T11:33:00,2026-10-05T10:46:00,d0b34c743d4cf903c6cf47a63147d6a4de42a91f1e476ff0f42a6e815f27dcc2,CURRENT,True
101861,P01861,84c2d7004c3fa980f9325be93bebce5f4189cf50d1d5dad57576f399073fb0cc,MEM7001861,GRP1021,OakStreet-South,553-72-7185,Jennifer,Johnson,2003-05-26,M,+19713966068,1084 Washington Blvd,,Houston,TX,77005,USA,"1084 Washington Blvd, Houston, TX 77005, USA",PCP0053,Active,EHR,P01861,ING-PAT-20261005-01861,2026-10-05T11:31:03,2026-10-05T11:33:03,2023-06-12T11:33:03,2026-10-05T11:33:03,2026-10-05T10:04:03,47d349880c74a9e973ba91413658fb8de91ad797532003aec1b225713376914a,CURRENT,True
101862,P01862,08f11a96eafbbea08ef4ed844ebd2d5bae3f4c1340b1df958826e7f06186eedb,MEM7001862,GRP1022,OakStreet-East,320-26-6101,John,Jackson,1983-01-16,M,+13247113217,2821 Washington Rd,,Houston,TX,77024,USA,"2821 Washington Rd, Houston, TX 77024, USA",PCP0063,Active,EHR,P01862,ING-PAT-20261005-01862,2026-10-05T11:31:06,2026-10-05T11:33:06,2024-01-04T11:33:06,2026-10-05T11:33:06,2026-10-05T09:20:06,27e0aef84c9cd518eff4bfa1de711f9e2722242a8cea67143e479cf221cf8de7,CURRENT,True
101863,P01863,2f90f5ead4ef9517173b0a231be91ac5dbe961d55f19c06a92c902d2a537a90c,MEM7001863,GRP1023,OakStreet-Southwest,869-31-2298,Charles,Anderson,1949-08-08,M,+13032562164,8389 Oak St,,Houston,TX,77005,USA,"8389 Oak St, Houston, TX 77005, USA",PCP0060,Active,EHR,P01863,ING-PAT-20261005-01863,2026-10-05T11:31:09,2026-10-05T11:33:09,2022-05-22T11:33:09,2026-10-05T11:33:09,2026-10-05T10:26:09,efda68bfa3b7a0adf073bbf7c58721111383d5d033ae78686504ce5ee20f1ce2,CURRENT,True
101864,P01864,a12d1b66a7ea68e393820ac8af37ad935874552b2f75bf2e7ebb1d06bc1ba8c1,MEM7001864,GRP1024,OakStreet-Central,605-88-5688,Jessica,Taylor,1935-05-07,F,+12337126869,856 Lake St,,San Antonio,TX,78205,USA,"856 Lake St, San Antonio, TX 78205, USA",PCP0045,Active,EHR,P01864,ING-PAT-20261005-01864,2026-10-05T11:31:12,2026-10-05T11:33:12,2021-12-30T11:33:12,2026-10-05T11:33:12,2026-10-05T09:44:12,8f97a3ee774de58397b6d9b0a233b394dbe6fa8574cef13914a613b3991bad47,CURRENT,True
101865,P01865,44ad43e819c42e250886aa0dd32f8d59b813cb528243f297400d56fd7dc6fda5,MEM7001865,GRP1025,OakStreet-South,338-34-7718,Margaret,Jackson,1958-08-05,F,+15317466805,4269 Lake Rd,Apt 312,Atlanta,GA,30303,USA,"4269 Lake Rd Apt 312, Atlanta, GA 30303, USA",PCP0091,Active,EHR,P01865,ING-PAT-20261005-01865,2026-10-05T11:31:15,2026-10-05T11:33:15,2021-12-23T11:33:15,2026-10-05T11:33:15,2026-10-05T11:19:15,a037e5deb37d0fd86fee7464d0bbf0fea7c313c26bf6259c7dab89dab20f3d9a,CURRENT,True
101866,P01866,32f1b9cf050a4c1196d4e7c7e57ca6719d1645af46f9f1af9b61f480afe0de59,MEM7001866,GRP1026,OakStreet-East,730-96-0796,John,White,1981-02-11,M,+17449685933,6439 Oak Rd,,Austin,TX,78701,USA,"6439 Oak Rd, Austin, TX 78701, USA",PCP0071,Active,EHR,P01866,ING-PAT-20261005-01866,2026-10-05T11:31:18,2026-10-05T11:33:18,2023-02-10T11:33:18,2026-10-05T11:33:18,2026-10-05T09:37:18,6eb2ac9629044aa8a4fdd2939e9a40161d9d20c1baa9ff7961c39009c5559d6c,CURRENT,True
101867,P01867,b4c87f94e9613099f5f5c55f11a00c2fff45762f54b87bd4afd7958ec6860a3e,MEM7001867,GRP1027,OakStreet-Southwest,149-88-5826,Joseph,Hernandez,1980-08-17,F,+12533611770,4312 Main Ave,,San Antonio,TX,78205,USA,"4312 Main Ave, San Antonio, TX 78205, USA",PCP0099,Active,EHR,P01867,ING-PAT-20261005-01867,2026-10-05T11:31:21,2026-10-05T11:33:21,2022-02-06T11:33:21,2026-10-05T11:33:21,2026-10-05T10:47:21,adac388ff7a1687dbcb06c9104a65cf8389fd8aebece30248a7d6a26b68e4e35,CURRENT,True
101868,P01868,c2cd443285fdbc611554ce378c3895f3932ff846ba744c2d195051fc3e2f6ebd,MEM7001868,GRP1028,OakStreet-Central,874-73-2234,Michael,Moore,1960-09-16,F,+13489616903,4118 Main Blvd,,Houston,TX,77024,USA,"4118 Main Blvd, Houston, TX 77024, USA",PCP0029,Active,EHR,P01868,ING-PAT-20261005-01868,2026-10-05T11:31:24,2026-10-05T11:33:24,2023-06-15T11:33:24,2026-10-05T11:33:24,2026-10-05T08:16:24,91ef744fdfab6594d1f1718fa42d3fd3ec16c7c124f6354ecf8e74c8dbe49fa9,CURRENT,True
101869,P01869,1068b306216c2b5e14efaa3beb94c4dad5c9f33528244323637fb96b9b2bac64,MEM7001869,GRP1029,OakStreet-South,498-25-8589,John,Jones,1969-06-12,M,+14182113511,8407 Main Ave,Apt 546,San Antonio,TX,78205,USA,"8407 Main Ave Apt 546, San Antonio, TX 78205, USA",PCP0084,Active,EHR,P01869,ING-PAT-20261005-01869,2026-10-05T11:31:27,2026-10-05T11:33:27,2024-12-09T11:33:27,2026-10-05T11:33:27,2026-10-05T09:36:27,6238bffc27c40c266b7e73d9f9438a2a8861697229a5f1b5eb4ca219f87aa13c,CURRENT,True
101870,P01870,379c35256f93e34850a693c6c3f82230a62b3091acbb01942be6f45830b8df4f,MEM7001870,GRP1030,OakStreet-East,864-72-9325,Steven,Martinez,1963-06-10,M,+15649617574,3321 Main St,Apt 229,Phoenix,AZ,85004,USA,"3321 Main St Apt 229, Phoenix, AZ 85004, USA",PCP0008,Active,EHR,P01870,ING-PAT-20261005-01870,2026-10-05T11:31:30,2026-10-05T11:33:30,2023-06-10T11:33:30,2026-10-05T11:33:30,2026-10-05T10:09:30,0d3a825d7a49c2488cd825b7d555f47b300bcb6a94f709f423ac6d5533cefec1,CURRENT,True
101871,P01871,17a7c4e9912efda427e484c18dc2321eff435d79b816a56ab53ddd82288b1fa9,MEM7001871,GRP1031,OakStreet-Southwest,665-46-6898,Linda,Gonzalez,1998-08-27,M,+18689833166,5698 Pine St,,Phoenix,AZ,85004,USA,"5698 Pine St, Phoenix, AZ 85004, USA",PCP0039,Active,EHR,P01871,ING-PAT-20261005-01871,2026-10-05T11:31:33,2026-10-05T11:33:33,2023-05-11T11:33:33,2026-10-05T11:33:33,2026-10-05T10:54:33,85f5aed34cfbbce8c2d7069d5e30b76b29abbdba061eca9d21a89b38561a48b0,CURRENT,True
101872,P01872,024d968bcea41246df71a9105cd12d7e8f3ff835e7bf84a694e85d9a3f3a5755,MEM7001872,GRP1032,OakStreet-Central,756-17-9668,Jessica,Anderson,1956-03-20,F,+13717177898,4376 Main Blvd,,Austin,TX,78701,USA,"4376 Main Blvd, Austin, TX 78701, USA",PCP0085,Active,EHR,P01872,ING-PAT-20261005-01872,2026-10-05T11:31:36,2026-10-05T11:33:36,2023-11-25T11:33:36,2026-10-05T11:33:36,2026-10-05T10:04:36,7b9e96372256883d1ecd5e94b92bfaee9e2c8572213ddc6aeff83eb9df950fc3,CURRENT,True
101873,P01873,a2ea54433a9351ba40f7d90a47c2d87c054eefb39cbf6da93aa797aa5e34dad1,MEM7001873,GRP1033,OakStreet-South,564-64-3548,Elizabeth,Garcia,1984-09-11,F,+16503365326,9617 Market Ave,Apt 118,Houston,TX,77024,USA,"9617 Market Ave Apt 118, Houston, TX 77024, USA",PCP0010,Active,EHR,P01873,ING-PAT-20261005-01873,2026-10-05T11:31:39,2026-10-05T11:33:39,2025-07-26T11:33:39,2026-10-05T11:33:39,2026-10-05T11:28:39,326e8e4b97e6475fc0e278faf6dad333b3882e0ce0a637f0ca63a8d5cfed0a9c,CURRENT,True
101874,P01874,d49813d59369cd68275af1f87d93d52d567a605274173d97566f9a0202885bed,MEM7001874,GRP1034,OakStreet-East,186-28-3681,Ashley,Thompson,1980-02-20,M,+17734532649,2728 Washington Blvd,Apt 966,Houston,TX,77024,USA,"2728 Washington Blvd Apt 966, Houston, TX 77024, USA",PCP0053,Active,EHR,P01874,ING-PAT-20261005-01874,2026-10-05T11:31:42,2026-10-05T11:33:42,2023-06-04T11:33:42,2026-10-05T11:33:42,2026-10-05T10:31:42,06735e2e0477311870a59838523754b27880ecb27a8163cd5ff8064542400a7e,CURRENT,True
101875,P01875,b7b5be13ddd6b16eaf0d5cc33f3ad1bb28c9aaf82bf4dff42f11a9d782df37e7,MEM7001875,GRP1035,OakStreet-Southwest,301-97-9210,Michael,Williams,1964-02-06,F,+13779626948,3191 Lake Rd,Apt 786,Chicago,IL,60601,USA,"3191 Lake Rd Apt 786, Chicago, IL 60601, USA",PCP0079,Active,EHR,P01875,ING-PAT-20261005-01875,2026-10-05T11:31:45,2026-10-05T11:33:45,2023-07-15T11:33:45,2026-10-05T11:33:45,2026-10-05T08:12:45,b279b0e1cdccfe657217506cd05943e12dde5f678699c904b4f015f2361e4d0f,CURRENT,True
101876,P01876,2c389bf0c42343c195526fb9c19cbb631b5b066f10ad154cd6b0f4566b2677f0,MEM7001876,GRP1036,OakStreet-Central,313-30-3861,Robert,Martinez,1980-01-04,M,+13199552465,6583 Washington Rd,,Phoenix,AZ,85004,USA,"6583 Washington Rd, Phoenix, AZ 85004, USA",PCP0087,Active,EHR,P01876,ING-PAT-20261005-01876,2026-10-05T11:31:48,2026-10-05T11:33:48,2022-04-13T11:33:48,2026-10-05T11:33:48,2026-10-05T07:56:48,6f2da1dba4dddb5c1cb0724011080381984a8b8e9fc5df2c361b3aaf423b9e3b,CURRENT,True
101877,P01877,f48f1f8d06af40cbb3c73cac76064f898fe406b273ccbdd4bd9734db422a4932,MEM7001877,GRP1037,OakStreet-South,207-74-8651,Matthew,Hernandez,1942-04-07,F,+14198093687,9716 Market Rd,,Houston,TX,77024,USA,"9716 Market Rd, Houston, TX 77024, USA",PCP0091,Active,EHR,P01877,ING-PAT-20261005-01877,2026-10-05T11:31:51,2026-10-05T11:33:51,2022-05-28T11:33:51,2026-10-05T11:33:51,2026-10-05T08:11:51,c625e39a10859704ba5155c4d6cfd2c9b66007f10a9ee4c57ec97cf574716dd1,CURRENT,True
101878,P01878,51ee839ebb23b4190a6f00208b27d71a836da6d016a32b0f235bbe27b9c37360,MEM7001878,GRP1038,OakStreet-East,304-93-4222,Sarah,Jackson,2002-05-05,M,+13016394064,9665 Pine Ave,,Chicago,IL,60601,USA,"9665 Pine Ave, Chicago, IL 60601, USA",PCP0091,Active,EHR,P01878,ING-PAT-20261005-01878,2026-10-05T11:31:54,2026-10-05T11:33:54,2021-11-26T11:33:54,2026-10-05T11:33:54,2026-10-05T09:32:54,3704962437a2f5ceabcf396f3d41df39db1e6634517520c8476c6bbe6e7c816d,CURRENT,True
101879,P01879,c8e354bdf6afdbb613053a274097c67823ff13c7ee759a33d22a4f08040961e5,MEM7001879,GRP1039,OakStreet-Southwest,533-27-9846,Matthew,Perez,1935-03-10,M,+16314606658,7368 Pine Blvd,,Dallas,TX,75201,USA,"7368 Pine Blvd, Dallas, TX 75201, USA",PCP0006,Active,EHR,P01879,ING-PAT-20261005-01879,2026-10-05T11:31:57,2026-10-05T11:33:57,2023-05-19T11:33:57,2026-10-05T11:33:57,2026-10-05T09:16:57,b4d92abf51837195d1ce04f86980bfddfb07a3a39a955a804778560f714211c3,CURRENT,True
101880,P01880,678d409f733295d0dc92d298257af84a8d957cbc340d9f285c3780c7036df691,MEM7001880,GRP1000,OakStreet-Central,242-82-8214,Mary,Ramirez,1976-04-05,M,+14007488799,8131 Pine Rd,,Houston,TX,77024,USA,"8131 Pine Rd, Houston, TX 77024, USA",PCP0104,Active,EHR,P01880,ING-PAT-20261005-01880,2026-10-05T11:32:00,2026-10-05T11:34:00,2023-09-23T11:34:00,2026-10-05T11:34:00,2026-10-05T08:27:00,72b51d296f2ecd647ef7c79c413bfe451ef06e425778094e54e6abfe28bb2631,CURRENT,True
101881,P01881,8e6b52bfad86e219eec6d2d4d16115f6e3b92986250df749e061818dbe6021e4,MEM7001881,GRP1001,OakStreet-South,751-20-7785,Betty,Moore,1980-01-09,M,+13855805823,6551 Market Ave,,Orlando,FL,32801,USA,"6551 Market Ave, Orlando, FL 32801, USA",PCP0031,Active,EHR,P01881,ING-PAT-20261005-01881,2026-10-05T11:32:03,2026-10-05T11:34:03,2022-12-24T11:34:03,2026-10-05T11:34:03,2026-10-05T09:48:03,02e5618b008d298bc941a7a92af6fbc5d21cf4435f40b1365749c6579170d967,CURRENT,True
101882,P01882,c61bd9b4d6317234fdef3e2ea2f5e01e0f001937172595b720e07b8d2aa05322,MEM7001882,GRP1002,OakStreet-East,517-49-8342,Karen,Davis,1997-03-12,F,+13026744773,5595 Washington Blvd,Apt 604,Houston,TX,77024,USA,"5595 Washington Blvd Apt 604, Houston, TX 77024, USA",PCP0025,Active,EHR,P01882,ING-PAT-20261005-01882,2026-10-05T11:32:06,2026-10-05T11:34:06,2023-10-10T11:34:06,2026-10-05T11:34:06,2026-10-05T09:41:06,a8687edb5b0f05d89be7017ebbe7f18ee59c53e39fc60e225b89ad5dfb4c6074,CURRENT,True
101883,P01883,997024fe91f4e0c86eb326a106ac125f02f098419652d5946dada448f179e1b9,MEM7001883,GRP1003,OakStreet-Southwest,185-77-6939,Lisa,Miller,1940-10-16,M,+17286553572,4964 Lake Ave,,Houston,TX,77002,USA,"4964 Lake Ave, Houston, TX 77002, USA",PCP0101,Active,EHR,P01883,ING-PAT-20261005-01883,2026-10-05T11:32:09,2026-10-05T11:34:09,2022-12-13T11:34:09,2026-10-05T11:34:09,2026-10-05T09:04:09,e7ac91d9fdbc3d5914126c7ac0ea1cc4cfa459926957c5332ba25fc1b01a5172,CURRENT,True
101884,P01884,177c96c2804fdeb2e37ad5b85f89d9d5833a40f3a62c40e0756e3cb3856efbb4,MEM7001884,GRP1004,OakStreet-Central,128-52-4656,Mark,Robinson,1988-03-23,M,+13656279297,473 Lake Blvd,,Atlanta,GA,30303,USA,"473 Lake Blvd, Atlanta, GA 30303, USA",PCP0066,Active,EHR,P01884,ING-PAT-20261005-01884,2026-10-05T11:32:12,2026-10-05T11:34:12,2025-03-23T11:34:12,2026-10-05T11:34:12,2026-10-05T10:52:12,4ab0f1dedb1665555a6f6c52b1ff47f7d915b3b5c6b1cc0e7b8282be2a6816ed,CURRENT,True
101885,P01885,503d6250204cccd8b88806d6c2a302cc0f2e57604f7f516dd67b4fd62ede4818,MEM7001885,GRP1005,OakStreet-South,621-94-0729,Barbara,Lopez,1973-08-14,M,+19798832463,3224 Park Ave,Apt 641,Dallas,TX,75201,USA,"3224 Park Ave Apt 641, Dallas, TX 75201, USA",PCP0090,Active,EHR,P01885,ING-PAT-20261005-01885,2026-10-05T11:32:15,2026-10-05T11:34:15,2023-08-02T11:34:15,2026-10-05T11:34:15,2026-10-05T10:18:15,dd84dd8ff5a8bbcedd531d79bf71969364e2e32b45e20a043d065a7de185a13e,CURRENT,True
101886,P01886,2f9659d53d888933b257c0cd09fde20113fe93fdcfff67179eec7b5a0db60039,MEM7001886,GRP1006,OakStreet-East,884-27-1636,Susan,White,1995-12-17,F,+12716153037,4459 Oak Ave,Apt 582,Chicago,IL,60601,USA,"4459 Oak Ave Apt 582, Chicago, IL 60601, USA",PCP0094,Active,EHR,P01886,ING-PAT-20261005-01886,2026-10-05T11:32:18,2026-10-05T11:34:18,2022-03-26T11:34:18,2026-10-05T11:34:18,2026-10-05T09:51:18,ec0ccf1812e3da2901a6bad3157509cb7dd36ce9725ff52c404f6de0aa391376,CURRENT,True
101887,P01887,2f6bbd23d41f48963a01c2571700bce2f5dae6ff5b7e52e5e6e94dd9c372cd19,MEM7001887,GRP1007,OakStreet-Southwest,385-89-2718,Charles,Jackson,1981-09-25,F,+12339383005,8922 Oak Blvd,Apt 430,Houston,TX,77024,USA,"8922 Oak Blvd Apt 430, Houston, TX 77024, USA",PCP0012,Inactive,EHR,P01887,ING-PAT-20261005-01887,2026-10-05T11:32:21,2026-10-05T11:34:21,2023-12-07T11:34:21,2026-10-05T11:34:21,2026-10-05T09:17:21,240f057447a5ac9468ac0557cc86c5825b658fa7bfca59ab47466b2eac7a9abd,CURRENT,True
101888,P01888,287f44f012bb0db5c323e29bdb1510bd2ea034f15a208a26a0bd7ce9f1503913,MEM7001888,GRP1008,OakStreet-Central,106-31-6996,Sarah,Rodriguez,1961-01-18,F,+12992087427,6322 Lake Blvd,,Atlanta,GA,30303,USA,"6322 Lake Blvd, Atlanta, GA 30303, USA",PCP0098,Active,EHR,P01888,ING-PAT-20261005-01888,2026-10-05T11:32:24,2026-10-05T11:34:24,2024-09-17T11:34:24,2026-10-05T11:34:24,2026-10-05T11:23:24,cbb2433419870bd14e8c1b08f1fa7d8effa629a8bb739f5328390085b2e4e6bd,CURRENT,True
101889,P01889,1b797d8869c9ba3067a59dd326fbe0fe79c29adb979b9b301d4bb5bb07848fa9,MEM7001889,GRP1009,OakStreet-South,836-46-9157,Robert,Thompson,1964-06-03,M,+13938109336,9757 Washington Rd,,Dallas,TX,75201,USA,"9757 Washington Rd, Dallas, TX 75201, USA",PCP0004,Active,EHR,P01889,ING-PAT-20261005-01889,2026-10-05T11:32:27,2026-10-05T11:34:27,2022-10-04T11:34:27,2026-10-05T11:34:27,2026-10-05T10:44:27,9b1879f5b665f589cca215b5539080ba1358577c67745e564501c6e3e6609ec4,CURRENT,True
101890,P01890,25065ea466bd0c352b3410dd7b550a0cb61bec57fe159794f6fd4ece9cce103a,MEM7001890,GRP1010,OakStreet-East,621-55-6766,Robert,Jackson,1981-02-28,M,+19526762781,6960 Washington St,,Austin,TX,78701,USA,"6960 Washington St, Austin, TX 78701, USA",PCP0010,Active,EHR,P01890,ING-PAT-20261005-01890,2026-10-05T11:32:30,2026-10-05T11:34:30,2023-05-27T11:34:30,2026-10-05T11:34:30,2026-10-05T08:37:30,e94ec8b7f537a589898e34f3c13f640fb79024435ac89ed15db99d196884561f,CURRENT,True
101891,P01891,d5af9a24b94f3890f3a979c99c89052d141cef2e9838c8172d14c1216c87c8e1,MEM7001891,GRP1011,OakStreet-Southwest,829-39-6484,Margaret,Miller,1989-01-09,M,+15587071604,4478 Pine Rd,,Chicago,IL,60601,USA,"4478 Pine Rd, Chicago, IL 60601, USA",PCP0029,Active,EHR,P01891,ING-PAT-20261005-01891,2026-10-05T11:32:33,2026-10-05T11:34:33,2025-08-09T11:34:33,2026-10-05T11:34:33,2026-10-05T11:28:33,c2ce2b37f2097d0291b726a7d41ec773812a41703bc5c408f19286c241e05241,CURRENT,True
101892,P01892,3c3ccaaaa1a2161a4b680b10469717550f0e4339d3445d0a92e17989c8c7fe4e,MEM7001892,GRP1012,OakStreet-Central,601-31-5527,Ashley,Davis,1944-05-23,M,+15258802465,1224 Oak St,,Dallas,TX,75201,USA,"1224 Oak St, Dallas, TX 75201, USA",PCP0096,Active,EHR,P01892,ING-PAT-20261005-01892,2026-10-05T11:32:36,2026-10-05T11:34:36,2025-04-20T11:34:36,2026-10-05T11:34:36,2026-10-05T08:00:36,3d01e83dde749a9b5508d250b111aa50cc3fa0ff36a529d22341ccdfe71aecdf,CURRENT,True
101893,P01893,7eaaf4fd9183cabe224c39af285e688979d515a224c7d58020c10b8b2ea89475,MEM7001893,GRP1013,OakStreet-South,403-13-5547,Betty,Robinson,1976-12-12,M,+13405465965,3765 Main Blvd,Apt 825,Houston,TX,77005,USA,"3765 Main Blvd Apt 825, Houston, TX 77005, USA",PCP0075,Active,EHR,P01893,ING-PAT-20261005-01893,2026-10-05T11:32:39,2026-10-05T11:34:39,2024-07-25T11:34:39,2026-10-05T11:34:39,2026-10-05T08:43:39,f0e4293f68d424e0292ed96eda7b8ed612151d4059a052647cdd3e81e7a7e118,CURRENT,True
101894,P01894,9eb8bde7cc025643cb088673414521529abaedae3824a04ce761741cd3836815,MEM7001894,GRP1014,OakStreet-East,691-54-9600,Sarah,Lopez,1975-08-28,F,+18103024109,8525 Lake Rd,,Phoenix,AZ,85004,USA,"8525 Lake Rd, Phoenix, AZ 85004, USA",PCP0107,Active,EHR,P01894,ING-PAT-20261005-01894,2026-10-05T11:32:42,2026-10-05T11:34:42,2022-04-09T11:34:42,2026-10-05T11:34:42,2026-10-05T09:10:42,34952316db79ff3b00abdc66a307fd9ecf761d59cd4c39eafa2f808eb0c35d0e,CURRENT,True
101895,P01895,429dc719f1914d3e4c49b3d8a3989f5878bb6c5876c003e7b28d54265d693dcb,MEM7001895,GRP1015,OakStreet-Southwest,748-51-3080,Joseph,Jackson,1969-07-21,M,+19427755727,6488 Lake Blvd,Apt 682,Austin,TX,78701,USA,"6488 Lake Blvd Apt 682, Austin, TX 78701, USA",PCP0079,Active,EHR,P01895,ING-PAT-20261005-01895,2026-10-05T11:32:45,2026-10-05T11:34:45,2025-11-17T11:34:45,2026-10-05T11:34:45,2026-10-05T10:26:45,95a52be8b1e8eeeac7ea153893c630d64c7d15f0298f9cb8eefa06ffb1bfabbb,CURRENT,True
101896,P01896,ce7816ed1d885467c911a09486d4c215853d7190a485ee2e39be9922ee91ecf1,MEM7001896,GRP1016,OakStreet-Central,147-10-1731,Jennifer,Martin,1962-07-24,M,+15588305568,1605 Washington Blvd,,San Antonio,TX,78205,USA,"1605 Washington Blvd, San Antonio, TX 78205, USA",PCP0025,Active,EHR,P01896,ING-PAT-20261005-01896,2026-10-05T11:32:48,2026-10-05T11:34:48,2023-07-10T11:34:48,2026-10-05T11:34:48,2026-10-05T08:47:48,00f1f4349e33e759a9f9844701918403e46f28959c029e6ce4bc9e79275997fa,CURRENT,True
101897,P01897,3bf463b19e8bd681437669daeb12f462031ede49c230e44aa54e1e482215e52a,MEM7001897,GRP1017,OakStreet-South,853-61-4905,Nancy,Moore,1959-06-06,F,+19139658463,9250 Pine Blvd,,San Antonio,TX,78205,USA,"9250 Pine Blvd, San Antonio, TX 78205, USA",PCP0072,Active,EHR,P01897,ING-PAT-20261005-01897,2026-10-05T11:32:51,2026-10-05T11:34:51,2024-10-03T11:34:51,2026-10-05T11:34:51,2026-10-05T10:09:51,4c8d24453d414d4766f3b261aa25fab13ff41f3e0c8786ffaa94c116f5f1a017,CURRENT,True
101898,P01898,c714ede09b054a06ddd4073b9accfc714db02a9b85251bc20ff90917305e8b46,MEM7001898,GRP1018,OakStreet-East,597-23-1034,Richard,Walker,1960-10-03,M,+14498016760,5839 Washington Rd,Apt 178,Chicago,IL,60601,USA,"5839 Washington Rd Apt 178, Chicago, IL 60601, USA",PCP0105,Active,EHR,P01898,ING-PAT-20261005-01898,2026-10-05T11:32:54,2026-10-05T11:34:54,2025-07-26T11:34:54,2026-10-05T11:34:54,2026-10-05T07:34:54,12997ea917635bf4b63cbb05c7cc020f38f159a1d0ecde80415ba9f0a570f90b,CURRENT,True
101899,P01899,add7cf87740d3440f0b2769690c16d5af749884f98fbeb03e24d20c91437fdc4,MEM7001899,GRP1019,OakStreet-Southwest,184-60-9166,Ashley,Anderson,1982-03-16,M,+13349528098,956 Market Ave,,Phoenix,AZ,85004,USA,"956 Market Ave, Phoenix, AZ 85004, USA",PCP0117,Active,EHR,P01899,ING-PAT-20261005-01899,2026-10-05T11:32:57,2026-10-05T11:34:57,2024-01-10T11:34:57,2026-10-05T11:34:57,2026-10-05T10:22:57,a00861f02eb3b38f5417d7a26a3d9bec1bac206c967350d9ade714921bacdffa,CURRENT,True
101900,P01900,6d72796addb99774e599c7390f5208b6018e5b706ba90827b6cfa0726eb2c9e8,MEM7001900,GRP1020,OakStreet-Central,368-88-4120,Betty,Jones,1944-10-25,F,+16056573807,2413 Pine Rd,,Chicago,IL,60601,USA,"2413 Pine Rd, Chicago, IL 60601, USA",PCP0071,Active,EHR,P01900,ING-PAT-20261005-01900,2026-10-05T11:33:00,2026-10-05T11:35:00,2025-08-02T11:35:00,2026-10-05T11:35:00,2026-10-05T08:13:00,8a4a3c2a6b65c56ffafbfd26304274dc8e3d266ae318a95db1a9aa12a112a9fb,CURRENT,True
101901,P01901,023319786114d8615e022397c7b773376a2cf52949565e5c0541abdd80412e75,MEM7001901,GRP1021,OakStreet-South,427-16-4791,Linda,Jackson,2003-06-03,F,+17263352299,4084 Oak Rd,,Orlando,FL,32801,USA,"4084 Oak Rd, Orlando, FL 32801, USA",PCP0004,Active,EHR,P01901,ING-PAT-20261005-01901,2026-10-05T11:33:03,2026-10-05T11:35:03,2023-09-24T11:35:03,2026-10-05T11:35:03,2026-10-05T07:46:03,50edbc06c4c539da14e2a362269434c7ff3bffa3f158dca97ecbed677d1c468a,CURRENT,True
101902,P01902,33c9841b0c5543bc7a221b0b7f3d67be66540c3ebc43e0de5de2049cc895769b,MEM7001902,GRP1022,OakStreet-East,615-36-3356,William,Rodriguez,1946-05-02,F,+14765178990,4957 Lake St,,Houston,TX,77005,USA,"4957 Lake St, Houston, TX 77005, USA",PCP0048,Active,EHR,P01902,ING-PAT-20261005-01902,2026-10-05T11:33:06,2026-10-05T11:35:06,2022-07-24T11:35:06,2026-10-05T11:35:06,2026-10-05T10:16:06,c85d2fd17d8ada21dfc50d353ae6122c34820774eca3ae8d35353c78f98c2b18,CURRENT,True
101903,P01903,414b6f2fdefcd97d489be82572a8d013c79b66b1f5993b396dffde93f4387672,MEM7001903,GRP1023,OakStreet-Southwest,227-85-4902,Susan,Sanchez,1953-06-19,M,+14518754868,9012 Pine Blvd,,Austin,TX,78701,USA,"9012 Pine Blvd, Austin, TX 78701, USA",PCP0091,Active,EHR,P01903,ING-PAT-20261005-01903,2026-10-05T11:33:09,2026-10-05T11:35:09,2024-08-19T11:35:09,2026-10-05T11:35:09,2026-10-05T10:30:09,3081cc4d56f8229f580a835f4fc1a44a440ae169c85efa4adb1a719c9adc4a04,CURRENT,True
101904,P01904,3e0bf2199413c03aaa73e018abde6215565af01d03571406369b1fcbbe55c710,MEM7001904,GRP1024,OakStreet-Central,709-61-0131,Robert,White,1965-07-24,F,+16676512853,3873 Pine Rd,Apt 106,Dallas,TX,75201,USA,"3873 Pine Rd Apt 106, Dallas, TX 75201, USA",PCP0114,Active,EHR,P01904,ING-PAT-20261005-01904,2026-10-05T11:33:12,2026-10-05T11:35:12,2025-10-28T11:35:12,2026-10-05T11:35:12,2026-10-05T08:28:12,fd10d2e83c4a493123bafb41bbd5aeaeb94ca45312d19c1e370a18d9d366d908,CURRENT,True
101905,P01905,4eba0c68d002b3b16a8b336e3c1e5c9533a09f34305f5743a8aa65c78fd7bbd9,MEM7001905,GRP1025,OakStreet-South,269-65-2063,Robert,Walker,1974-01-12,F,+17449484716,7289 Market Ave,,Orlando,FL,32801,USA,"7289 Market Ave, Orlando, FL 32801, USA",PCP0053,Active,EHR,P01905,ING-PAT-20261005-01905,2026-10-05T11:33:15,2026-10-05T11:35:15,2023-04-11T11:35:15,2026-10-05T11:35:15,2026-10-05T08:18:15,4db2bcf7e771737f376253dc2ddbc4636abd9affef2adb3f175134febf30a9e9,CURRENT,True
101906,P01906,c489b3bb81d13c28d4ac270091cf5339b7c14176ddf7f23f39394c807c2a51fa,MEM7001906,GRP1026,OakStreet-East,538-74-5166,Jennifer,Jones,1992-05-14,F,+15948222238,5600 Oak Blvd,,Houston,TX,77024,USA,"5600 Oak Blvd, Houston, TX 77024, USA",PCP0027,Active,EHR,P01906,ING-PAT-20261005-01906,2026-10-05T11:33:18,2026-10-05T11:35:18,2023-01-08T11:35:18,2026-10-05T11:35:18,2026-10-05T09:23:18,ad583cb7515a6656c8f76a71f2920cc298e52a07d02d9021ca84bf1211aba7d9,CURRENT,True
101907,P01907,50de4de8a54efd4539f677feca03d22598fe4f3b54fa41829c234f9326422577,MEM7001907,GRP1027,OakStreet-Southwest,639-86-1544,Robert,Johnson,1972-01-25,M,+18566088850,8261 Lake St,,Orlando,FL,32801,USA,"8261 Lake St, Orlando, FL 32801, USA",PCP0049,Active,EHR,P01907,ING-PAT-20261005-01907,2026-10-05T11:33:21,2026-10-05T11:35:21,2023-04-03T11:35:21,2026-10-05T11:35:21,2026-10-05T09:35:21,1d8d37363745e42c6510dc4621c4dd17d775fd3a2a702f3678a8c4634d534965,CURRENT,True
101908,P01908,e7b413443f9880a77a2020bafbad7ad5259d478aa264f928b39e88b09767e87f,MEM7001908,GRP1028,OakStreet-Central,289-78-7584,Nancy,Thompson,1956-01-12,M,+19264963259,3627 Park Ave,,Atlanta,GA,30303,USA,"3627 Park Ave, Atlanta, GA 30303, USA",PCP0016,Active,EHR,P01908,ING-PAT-20261005-01908,2026-10-05T11:33:24,2026-10-05T11:35:24,2025-10-07T11:35:24,2026-10-05T11:35:24,2026-10-05T09:59:24,ea8d1f10031c003a8f4bbb560bc238cc21a2d107789f2d2624aaed9c1c9ecc38,CURRENT,True
101909,P01909,c41974b0e0dfca41e2e30551076a4551643d1094dbce06647690d4af0e3fd8cb,MEM7001909,GRP1029,OakStreet-South,125-20-3650,Charles,Sanchez,1935-01-12,F,+13587854842,460 Market Ave,,Chicago,IL,60601,USA,"460 Market Ave, Chicago, IL 60601, USA",PCP0103,Inactive,EHR,P01909,ING-PAT-20261005-01909,2026-10-05T11:33:27,2026-10-05T11:35:27,2022-01-23T11:35:27,2026-10-05T11:35:27,2026-10-05T10:22:27,52092d11103842cacd6434e052a7624b81e0b8cabcc86ee7a88b5890b0c77513,CURRENT,True
101910,P01910,32e63da403d56158f25feaeca0d6752893f642f8294f392357c32ade6f6b19f0,MEM7001910,GRP1030,OakStreet-East,289-30-1866,William,Harris,1977-03-21,F,+15999118302,2144 Lake St,,Atlanta,GA,30303,USA,"2144 Lake St, Atlanta, GA 30303, USA",PCP0025,Active,EHR,P01910,ING-PAT-20261005-01910,2026-10-05T11:33:30,2026-10-05T11:35:30,2024-01-22T11:35:30,2026-10-05T11:35:30,2026-10-05T09:05:30,277f337c5baac424885636cad7c4c924cd125239f39b56ce3462d5212e9bbd48,CURRENT,True
101911,P01911,27e42b6c9bbf81faf4a0a9b61a309f59ba3ac075f15f197bf8bf5df898fb7e89,MEM7001911,GRP1031,OakStreet-Southwest,362-21-7680,Lisa,Lopez,1941-12-09,F,+15239331443,7382 Park Rd,,Houston,TX,77002,USA,"7382 Park Rd, Houston, TX 77002, USA",PCP0099,Active,EHR,P01911,ING-PAT-20261005-01911,2026-10-05T11:33:33,2026-10-05T11:35:33,2023-07-13T11:35:33,2026-10-05T11:35:33,2026-10-05T11:27:33,a5157c7e8cfd1a1bc168eb464d982782371a1342a8e7fdfa5585c9c3d7c63a90,CURRENT,True
101912,P01912,8dd81e3647394b5a8fe98cdad357b93cb5f5d38b4cae21ded895be521314a6f3,MEM7001912,GRP1032,OakStreet-Central,250-47-9139,Thomas,Davis,1971-02-04,M,+18607271606,2972 Main Ave,,Houston,TX,77002,USA,"2972 Main Ave, Houston, TX 77002, USA",PCP0082,Active,EHR,P01912,ING-PAT-20261005-01912,2026-10-05T11:33:36,2026-10-05T11:35:36,2025-06-19T11:35:36,2026-10-05T11:35:36,2026-10-05T08:21:36,46d02124508a2cbffbfa758fb55cb56a546aa28dcc4f18f398cb9246373acbe6,CURRENT,True
101913,P01913,6f7a4a1519e531df592b955a5ae54773c56db082fdfca42ddb0473a9e8476f03,MEM7001913,GRP1033,OakStreet-South,814-61-1509,John,Lewis,1972-06-25,F,+18344508060,5777 Park Ave,,Atlanta,GA,30303,USA,"5777 Park Ave, Atlanta, GA 30303, USA",PCP0119,Active,EHR,P01913,ING-PAT-20261005-01913,2026-10-05T11:33:39,2026-10-05T11:35:39,2022-03-11T11:35:39,2026-10-05T11:35:39,2026-10-05T10:52:39,6b9fc04eb6ee1b90b26b8274dbde72838956444e5cbe7574798005fdef282dc5,CURRENT,True
101914,P01914,a1b86ccdad306c94b6fea2781023029f8574049cf4ded57540b165c51502aecc,MEM7001914,GRP1034,OakStreet-East,487-61-5018,Richard,Sanchez,1973-05-19,M,+13405353092,3760 Park Ave,,San Antonio,TX,78205,USA,"3760 Park Ave, San Antonio, TX 78205, USA",PCP0094,Active,EHR,P01914,ING-PAT-20261005-01914,2026-10-05T11:33:42,2026-10-05T11:35:42,2023-11-19T11:35:42,2026-10-05T11:35:42,2026-10-05T10:58:42,c06e55b328a8d5969a7e81b1167137655c9b4d42394dccaf43bcae4323348aab,CURRENT,True
101915,P01915,c7b8b5b94943fe0934360b5f8d8f01eef9884226966b2c01982e22de42c1e526,MEM7001915,GRP1035,OakStreet-Southwest,298-99-3677,Lisa,Rodriguez,1958-11-25,M,+13134439281,7164 Lake St,,Phoenix,AZ,85004,USA,"7164 Lake St, Phoenix, AZ 85004, USA",PCP0009,Active,EHR,P01915,ING-PAT-20261005-01915,2026-10-05T11:33:45,2026-10-05T11:35:45,2025-10-19T11:35:45,2026-10-05T11:35:45,2026-10-05T11:17:45,f5c47ee887aadb128d5122099f919c3871dc0027d851f0df7f345cfe94371d38,CURRENT,True
101916,P01916,c4160d86c6614fc8b11e76d8425dae5f7e0fd5fdefda6d03de949f947fc6b3dd,MEM7001916,GRP1036,OakStreet-Central,327-97-1290,John,Perez,1972-04-25,M,+17196011769,5166 Oak Rd,Apt 650,Dallas,TX,75201,USA,"5166 Oak Rd Apt 650, Dallas, TX 75201, USA",PCP0119,Active,EHR,P01916,ING-PAT-20261005-01916,2026-10-05T11:33:48,2026-10-05T11:35:48,2022-02-05T11:35:48,2026-10-05T11:35:48,2026-10-05T10:31:48,c83d2e983178648d0a95ba382b9ea37cf115354242c4b021b2a0eb465f31f791,CURRENT,True
101917,P01917,6ae9ba17bac424e694d652f5b6f0ae9e1cccbd45e1fa994fbfcb4f2377e2c5ce,MEM7001917,GRP1037,OakStreet-South,170-45-4157,Sarah,Jackson,1961-06-18,F,+15364105826,7815 Lake Ave,,Phoenix,AZ,85004,USA,"7815 Lake Ave, Phoenix, AZ 85004, USA",PCP0077,Active,EHR,P01917,ING-PAT-20261005-01917,2026-10-05T11:33:51,2026-10-05T11:35:51,2021-12-17T11:35:51,2026-10-05T11:35:51,2026-10-05T10:43:51,51e2046276105dce4dc38eb24c8ec025085c3066c07349915d917a71f06d0524,CURRENT,True
101918,P01918,0f119ce8f7e320c12884dab5655e1cdebef1004368fb15894411e3a558c0b802,MEM7001918,GRP1038,OakStreet-East,886-36-7660,Mark,Thompson,1940-03-18,F,+19473695232,7994 Main St,,Austin,TX,78701,USA,"7994 Main St, Austin, TX 78701, USA",PCP0055,Active,EHR,P01918,ING-PAT-20261005-01918,2026-10-05T11:33:54,2026-10-05T11:35:54,2025-10-07T11:35:54,2026-10-05T11:35:54,2026-10-05T08:27:54,3a675e6cc90ae87f7b6f5d950c3463d74e7b82e538ed7435a98f4e91861a1d8b,CURRENT,True
101919,P01919,7ffe993b6bd3193b1de820cb498498eb6c8d2635270dd9cf3eaa77efbd429a08,MEM7001919,GRP1039,OakStreet-Southwest,664-40-6084,Thomas,Johnson,1949-09-27,M,+13277155899,4506 Main Rd,Apt 826,Chicago,IL,60601,USA,"4506 Main Rd Apt 826, Chicago, IL 60601, USA",PCP0082,Active,EHR,P01919,ING-PAT-20261005-01919,2026-10-05T11:33:57,2026-10-05T11:35:57,2022-02-09T11:35:57,2026-10-05T11:35:57,2026-10-05T09:42:57,3b4135b6d554328152a20647a9426373c0b65ebb0cabddc642f3fb7180548573,CURRENT,True
101920,P01920,f045efdfb6f5354e46f84db9ec0b3697902d952b782573d260f34f72d5052cdb,MEM7001920,GRP1000,OakStreet-Central,676-67-9943,Mark,Brown,1970-01-24,M,+16268219249,3644 Lake Blvd,,Houston,TX,77024,USA,"3644 Lake Blvd, Houston, TX 77024, USA",PCP0060,Active,EHR,P01920,ING-PAT-20261005-01920,2026-10-05T11:34:00,2026-10-05T11:36:00,2024-06-18T11:36:00,2026-10-05T11:36:00,2026-10-05T10:49:00,f54ed8174357f1fa9fe2dee2c2088ac8dd15bf873cf94ed4437fc162cf29075b,CURRENT,True
101921,P01921,50579761b460f5f4e02d3912917551d3735dc37a8449b586a9f43cec7ade1faa,MEM7001921,GRP1001,OakStreet-South,716-65-6450,Steven,Lewis,1982-07-21,M,+12259205892,225 Washington Ave,,Austin,TX,78701,USA,"225 Washington Ave, Austin, TX 78701, USA",PCP0075,Active,EHR,P01921,ING-PAT-20261005-01921,2026-10-05T11:34:03,2026-10-05T11:36:03,2023-03-29T11:36:03,2026-10-05T11:36:03,2026-10-05T09:25:03,92a961403c04c5f7361ffaf826e33fa92dfff72a2894adbd87a1fe17ca3dfbb2,CURRENT,True
101922,P01922,2ef2e2e03218dcc84d81008faac6e5add50965e82dfaac9aff028aa814d9b37e,MEM7001922,GRP1002,OakStreet-East,346-37-5331,Ashley,White,1987-01-14,F,+15049007608,920 Oak St,,Phoenix,AZ,85004,USA,"920 Oak St, Phoenix, AZ 85004, USA",PCP0107,Active,EHR,P01922,ING-PAT-20261005-01922,2026-10-05T11:34:06,2026-10-05T11:36:06,2022-07-06T11:36:06,2026-10-05T11:36:06,2026-10-05T11:24:06,4e4e09c81d10e6feb47280f62f391c1d053062fd982584128581d945451f5f4e,CURRENT,True
101923,P01923,53995ab845b2ab9cdaeac8a501cb6e70ac6698bebc2f02be66099e049bdffbf3,MEM7001923,GRP1003,OakStreet-Southwest,473-14-0428,Michael,Anderson,1952-09-10,F,+17669368308,3846 Market St,Apt 214,Chicago,IL,60601,USA,"3846 Market St Apt 214, Chicago, IL 60601, USA",PCP0027,Active,EHR,P01923,ING-PAT-20261005-01923,2026-10-05T11:34:09,2026-10-05T11:36:09,2023-08-24T11:36:09,2026-10-05T11:36:09,2026-10-05T07:47:09,28aef3cbfb8f8294e387b288d6e265d434ab4f743bf9848f566457c6d5eb7f75,CURRENT,True
101924,P01924,6905c9a8a2d63bb796fd56cc2a2e11c02d75d22f1c60d6f8db726840153f90c0,MEM7001924,GRP1004,OakStreet-Central,581-20-4005,Michael,Lopez,1999-09-18,M,+17839774114,7046 Lake Rd,,Houston,TX,77002,USA,"7046 Lake Rd, Houston, TX 77002, USA",PCP0101,Active,EHR,P01924,ING-PAT-20261005-01924,2026-10-05T11:34:12,2026-10-05T11:36:12,2022-10-28T11:36:12,2026-10-05T11:36:12,2026-10-05T08:27:12,edcb7a0b306a0c9d5394f7ea507c6ddf6f79bfed6e90bac43cbd722ede530dd6,CURRENT,True
101925,P01925,1f733a0afde7e5250e4e3a7ad90fc870fb0b6ba1de25d23b818191c97b30196f,MEM7001925,GRP1005,OakStreet-South,793-86-8002,Mary,Harris,1987-09-25,M,+19447248602,1611 Lake St,,Dallas,TX,75201,USA,"1611 Lake St, Dallas, TX 75201, USA",PCP0120,Active,EHR,P01925,ING-PAT-20261005-01925,2026-10-05T11:34:15,2026-10-05T11:36:15,2025-01-16T11:36:15,2026-10-05T11:36:15,2026-10-05T08:50:15,711188d362afceaa02582273b44de56a4040be78fe6478a9ec256c331cef61c4,CURRENT,True
101926,P01926,94181e38cacbff941ad32328ac3caeb806d27963c99049219de963c0181edc42,MEM7001926,GRP1006,OakStreet-East,755-12-4359,Patricia,Thompson,1983-03-27,M,+12106133563,4733 Washington St,,Orlando,FL,32801,USA,"4733 Washington St, Orlando, FL 32801, USA",PCP0013,Active,EHR,P01926,ING-PAT-20261005-01926,2026-10-05T11:34:18,2026-10-05T11:36:18,2022-07-12T11:36:18,2026-10-05T11:36:18,2026-10-05T10:47:18,4334384803afa79033df82b408b7f64052a8fac8ce78672fb84f46348b51fd1b,CURRENT,True
101927,P01927,f8949a4c2c3da7ae80189bb2472f41282eccb927857052cddabcf1ccddd9d3e0,MEM7001927,GRP1007,OakStreet-Southwest,863-90-8579,Ashley,Robinson,1976-01-28,M,+15583996895,8986 Lake Rd,,Atlanta,GA,30303,USA,"8986 Lake Rd, Atlanta, GA 30303, USA",PCP0060,Active,EHR,P01927,ING-PAT-20261005-01927,2026-10-05T11:34:21,2026-10-05T11:36:21,2022-05-02T11:36:21,2026-10-05T11:36:21,2026-10-05T09:46:21,d2d11b71c1faf767e9ee2fb4fc09585dbe908eff49824059201f5ffc37de09a6,CURRENT,True
101928,P01928,cee9c8509888fd07076868fa572bdfaa27ca625e6c136bc2e733cca69c8df179,MEM7001928,GRP1008,OakStreet-Central,494-28-5246,Charles,Garcia,1936-05-24,M,+16848895037,1893 Main Blvd,,Houston,TX,77002,USA,"1893 Main Blvd, Houston, TX 77002, USA",PCP0003,Active,EHR,P01928,ING-PAT-20261005-01928,2026-10-05T11:34:24,2026-10-05T11:36:24,2024-01-26T11:36:24,2026-10-05T11:36:24,2026-10-05T09:22:24,03f15f0d871742e2f67e1a5a0f224351a62cb5e22634a1ea2fa23c1dcd34ee83,CURRENT,True
101929,P01929,634592c2a6c10d7f6574caefc31a97f384a42cfc98bfea638b091a39aa82c403,MEM7001929,GRP1009,OakStreet-South,441-75-2649,Sarah,Lopez,1972-11-02,M,+13214746476,7288 Washington Blvd,Apt 905,Orlando,FL,32801,USA,"7288 Washington Blvd Apt 905, Orlando, FL 32801, USA",PCP0040,Active,EHR,P01929,ING-PAT-20261005-01929,2026-10-05T11:34:27,2026-10-05T11:36:27,2023-12-09T11:36:27,2026-10-05T11:36:27,2026-10-05T08:34:27,927b43054dc0e615804b551fea7e993b6bc4c7251006cfcf289d452535151bf9,CURRENT,True
101930,P01930,10e53ab83e09c357c83a63729d8679b0940e5bf11a90574fada9f1258393805f,MEM7001930,GRP1010,OakStreet-East,851-43-9302,Michael,Davis,2000-05-09,M,+12142773640,3219 Washington Blvd,,Orlando,FL,32801,USA,"3219 Washington Blvd, Orlando, FL 32801, USA",PCP0042,Active,EHR,P01930,ING-PAT-20261005-01930,2026-10-05T11:34:30,2026-10-05T11:36:30,2023-07-08T11:36:30,2026-10-05T11:36:30,2026-10-05T10:06:30,104ac74fcdab2445d147e04f1d0b91dea364b19710e5e8c8acdbeea2bbf4de82,CURRENT,True
101931,P01931,e5ce63aa9c3806fd894aa3fdfbbc7fe9174a2e85430a984e250af878c3b48094,MEM7001931,GRP1011,OakStreet-Southwest,119-45-6498,Michael,Sanchez,1968-01-27,M,+18026281553,9341 Oak St,,Dallas,TX,75201,USA,"9341 Oak St, Dallas, TX 75201, USA",PCP0073,Active,EHR,P01931,ING-PAT-20261005-01931,2026-10-05T11:34:33,2026-10-05T11:36:33,2024-02-03T11:36:33,2026-10-05T11:36:33,2026-10-05T10:57:33,1746342252319e316899ce102c67b25a6e20fd81907616cca5ea1fb314bab335,CURRENT,True
101932,P01932,3199b5dff5745fc3179a983becf85c0887103d17101bfe2b7a167fdbaa91b85f,MEM7001932,GRP1012,OakStreet-Central,445-78-1129,James,Thompson,1947-01-05,F,+12354304449,7398 Pine Blvd,,Dallas,TX,75201,USA,"7398 Pine Blvd, Dallas, TX 75201, USA",PCP0016,Active,EHR,P01932,ING-PAT-20261005-01932,2026-10-05T11:34:36,2026-10-05T11:36:36,2023-05-14T11:36:36,2026-10-05T11:36:36,2026-10-05T10:13:36,3457f3e7aa56f7ff9e20612cb6b3e4553b7ee21ec837aba2d4d6f1f91fc03eb4,CURRENT,True
101933,P01933,779e571510d2468bb2192da37962181d77c9b014fa34af6065f11fdabb00fd0e,MEM7001933,GRP1013,OakStreet-South,533-33-6858,William,Miller,1958-10-18,M,+15446576200,4857 Market Rd,,Chicago,IL,60601,USA,"4857 Market Rd, Chicago, IL 60601, USA",PCP0028,Active,EHR,P01933,ING-PAT-20261005-01933,2026-10-05T11:34:39,2026-10-05T11:36:39,2022-05-17T11:36:39,2026-10-05T11:36:39,2026-10-05T08:12:39,5f7fdc764b9f5fe014f889c3ba6f4de45caed517063fbe519d103d55c327695f,CURRENT,True
101934,P01934,c93bfb6b72a19cd1ebe205ac9cad7aedc979065ec85dcea78ff0e5e0935e497b,MEM7001934,GRP1014,OakStreet-East,617-51-2868,Richard,Sanchez,1976-04-18,F,+15646203536,1226 Lake St,,Houston,TX,77002,USA,"1226 Lake St, Houston, TX 77002, USA",PCP0120,Active,EHR,P01934,ING-PAT-20261005-01934,2026-10-05T11:34:42,2026-10-05T11:36:42,2024-03-10T11:36:42,2026-10-05T11:36:42,2026-10-05T11:11:42,f07c30fe7fb7ec1c05cc6d3b7ee1c4f9f0bd32a894ec21ed272af25012f36655,CURRENT,True
101935,P01935,5b9ad402bd7bd87cedfda16508d9f5f7a3c5246d0c32da6d56b37b6f58f26c42,MEM7001935,GRP1015,OakStreet-Southwest,663-75-1837,Susan,Perez,1980-02-27,F,+18588353392,5479 Main St,,Houston,TX,77005,USA,"5479 Main St, Houston, TX 77005, USA",PCP0048,Active,EHR,P01935,ING-PAT-20261005-01935,2026-10-05T11:34:45,2026-10-05T11:36:45,2024-07-13T11:36:45,2026-10-05T11:36:45,2026-10-05T10:00:45,dff4e721c7d8b00b66dbc0731eba217668a569fb38dddaa23ccf60f4a969089e,CURRENT,True
101936,P01936,99de8d420dc8b6dc559f5b4843da52eb5fe750c9d2c551e81ee50c1d4ce57b47,MEM7001936,GRP1016,OakStreet-Central,834-53-0084,William,Perez,1979-08-25,M,+17204703820,7718 Pine Ave,,Chicago,IL,60601,USA,"7718 Pine Ave, Chicago, IL 60601, USA",PCP0079,Active,EHR,P01936,ING-PAT-20261005-01936,2026-10-05T11:34:48,2026-10-05T11:36:48,2022-09-22T11:36:48,2026-10-05T11:36:48,2026-10-05T08:26:48,ab1a42048f923de6b6510eb36b8d3d493d1846261af9d493f74b9870c62ee3c1,CURRENT,True
101937,P01937,df122a73b46f65a0b409b7b934b996bf61a06e212498ab719cf520a55285b03e,MEM7001937,GRP1017,OakStreet-South,227-93-0204,Margaret,Perez,1992-05-26,F,+15703174126,3771 Lake Ave,Apt 947,Atlanta,GA,30303,USA,"3771 Lake Ave Apt 947, Atlanta, GA 30303, USA",PCP0036,Active,EHR,P01937,ING-PAT-20261005-01937,2026-10-05T11:34:51,2026-10-05T11:36:51,2025-01-26T11:36:51,2026-10-05T11:36:51,2026-10-05T09:39:51,7cc19c990ccb93b68277f8003611fa00faba478571e1b2bfb4d4ba8e54537409,CURRENT,True
101938,P01938,291e15e7874daf579c7c02de6dfcec3a7952208eebe322076163055381576dee,MEM7001938,GRP1018,OakStreet-East,348-97-0046,Anthony,Miller,2000-11-15,M,+18064347316,1572 Main Rd,,Houston,TX,77005,USA,"1572 Main Rd, Houston, TX 77005, USA",PCP0095,Active,EHR,P01938,ING-PAT-20261005-01938,2026-10-05T11:34:54,2026-10-05T11:36:54,2025-06-19T11:36:54,2026-10-05T11:36:54,2026-10-05T09:06:54,18b93552ec8068039a34dfd2e80f9000790b81ff8737cfdfed0b430aca4b4008,CURRENT,True
101939,P01939,128a34788b9050bbacc5e9d9810ebd55607ef70394490f7912f9f12c5c71c49a,MEM7001939,GRP1019,OakStreet-Southwest,592-70-4270,Daniel,Martinez,1937-10-14,F,+15498898410,5955 Oak Ave,,Phoenix,AZ,85004,USA,"5955 Oak Ave, Phoenix, AZ 85004, USA",PCP0027,Active,EHR,P01939,ING-PAT-20261005-01939,2026-10-05T11:34:57,2026-10-05T11:36:57,2022-09-21T11:36:57,2026-10-05T11:36:57,2026-10-05T09:41:57,8e8156ae62d4518b90eef7ab00e6827fff4fc3ba3730ba1c86207870767896ae,CURRENT,True
101940,P01940,73b9432ca88699e395e8693b77337f422028440dd1ae12380fdbf6564e7cab04,MEM7001940,GRP1020,OakStreet-Central,752-22-7956,William,Thompson,1979-07-14,F,+15802071175,1461 Lake Blvd,,Houston,TX,77002,USA,"1461 Lake Blvd, Houston, TX 77002, USA",PCP0033,Active,EHR,P01940,ING-PAT-20261005-01940,2026-10-05T11:35:00,2026-10-05T11:37:00,2022-01-08T11:37:00,2026-10-05T11:37:00,2026-10-05T10:19:00,e78420071db7f1d4b588010b46257598ec8a6d57b03b9edf4debdaf39a446108,CURRENT,True
101941,P01941,b416851c5131aef0095d160ee46fe4c14a88f0670b8d9c370ae4102398826aee,MEM7001941,GRP1021,OakStreet-South,332-61-8099,Patricia,Anderson,1994-01-11,F,+17719095406,8555 Main Ave,Apt 385,Houston,TX,77005,USA,"8555 Main Ave Apt 385, Houston, TX 77005, USA",PCP0081,Active,EHR,P01941,ING-PAT-20261005-01941,2026-10-05T11:35:03,2026-10-05T11:37:03,2023-10-06T11:37:03,2026-10-05T11:37:03,2026-10-05T10:50:03,6e3ff28f2e73e68c080e9c679e766ff71f5c7e123384d952b0b646fad378c591,CURRENT,True
101942,P01942,2a80dc0502b83f95ff1d832f23d9ae1f36ab203cd63fd40e8d9184a1c69997e3,MEM7001942,GRP1022,OakStreet-East,186-85-7191,Margaret,Williams,1951-01-07,F,+18972484623,7588 Market St,,Dallas,TX,75201,USA,"7588 Market St, Dallas, TX 75201, USA",PCP0117,Active,EHR,P01942,ING-PAT-20261005-01942,2026-10-05T11:35:06,2026-10-05T11:37:06,2025-05-11T11:37:06,2026-10-05T11:37:06,2026-10-05T07:45:06,4586f90b17fd5a1de87fdaea5f9940d4dd46c4068957ad589fa81444ef7f60c5,CURRENT,True
101943,P01943,4690a381239c1ed2c106027a6fd69fe3b974f5941d25b5cc912969a1befe3203,MEM7001943,GRP1023,OakStreet-Southwest,899-76-7286,William,Robinson,1965-10-05,M,+12992399975,763 Market Blvd,Apt 194,Chicago,IL,60601,USA,"763 Market Blvd Apt 194, Chicago, IL 60601, USA",PCP0023,Active,EHR,P01943,ING-PAT-20261005-01943,2026-10-05T11:35:09,2026-10-05T11:37:09,2024-07-28T11:37:09,2026-10-05T11:37:09,2026-10-05T08:58:09,54b819883324ea42223b6bbf1511eb97899b42b529262e6ee2edb9477a225e23,CURRENT,True
101944,P01944,14d6adcc7aac5b495ec911c40ab6a8e1814992a2ebdb97df7a1357c4e999498c,MEM7001944,GRP1024,OakStreet-Central,486-11-5777,Betty,Brown,1973-07-13,F,+14914593807,6579 Park Ave,,Houston,TX,77024,USA,"6579 Park Ave, Houston, TX 77024, USA",PCP0009,Active,EHR,P01944,ING-PAT-20261005-01944,2026-10-05T11:35:12,2026-10-05T11:37:12,2023-12-29T11:37:12,2026-10-05T11:37:12,2026-10-05T11:23:12,84438630678a51d3717926117fade7d7f5945162a2a98ffa6b3eca079c2d81af,CURRENT,True
101945,P01945,2368d6db398a0b00fda794d03cd59a6ae8b14a39940062c09373ab2f6839d193,MEM7001945,GRP1025,OakStreet-South,418-21-6892,Daniel,Johnson,1955-11-14,F,+14829639845,3726 Oak Ave,,Chicago,IL,60601,USA,"3726 Oak Ave, Chicago, IL 60601, USA",PCP0012,Active,EHR,P01945,ING-PAT-20261005-01945,2026-10-05T11:35:15,2026-10-05T11:37:15,2024-05-18T11:37:15,2026-10-05T11:37:15,2026-10-05T09:40:15,f355657f28c2b84f98e6d7279e0dd1c51458689f7172b9c45e35feeb00e5cdc3,CURRENT,True
101946,P01946,de29e703d810a67ad3ec86afc53fc6bee3f976be3a9da362caa4cb28bd3e26c2,MEM7001946,GRP1026,OakStreet-East,358-61-0814,John,Wilson,2003-06-25,M,+19857812619,6165 Market Ave,,Atlanta,GA,30303,USA,"6165 Market Ave, Atlanta, GA 30303, USA",PCP0006,Active,EHR,P01946,ING-PAT-20261005-01946,2026-10-05T11:35:18,2026-10-05T11:37:18,2022-08-28T11:37:18,2026-10-05T11:37:18,2026-10-05T08:04:18,563826c4bb41cd5d300d9f762057c281ed5dddd40927f219295a6283f47c48b8,CURRENT,True
101947,P01947,8196adf297e1308e0ffce4b8f7d1666c5c9eeba6929b0b2ef1efe97bcfc307b9,MEM7001947,GRP1027,OakStreet-Southwest,221-47-4665,William,Clark,1968-05-14,F,+14775889760,7863 Oak Rd,,Phoenix,AZ,85004,USA,"7863 Oak Rd, Phoenix, AZ 85004, USA",PCP0114,Active,EHR,P01947,ING-PAT-20261005-01947,2026-10-05T11:35:21,2026-10-05T11:37:21,2024-03-01T11:37:21,2026-10-05T11:37:21,2026-10-05T11:28:21,064997c9c492632efeeee1974938cf17ece796b09ba416cb02a4aa4590fce68b,CURRENT,True
101948,P01948,c898af0b5259ead593235cd1fef3551deef86e7d06e2162eb43c52081cf5b75f,MEM7001948,GRP1028,OakStreet-Central,789-25-2171,Thomas,Robinson,1963-02-19,M,+12504684022,6444 Market Rd,Apt 785,San Antonio,TX,78205,USA,"6444 Market Rd Apt 785, San Antonio, TX 78205, USA",PCP0073,Active,EHR,P01948,ING-PAT-20261005-01948,2026-10-05T11:35:24,2026-10-05T11:37:24,2025-08-21T11:37:24,2026-10-05T11:37:24,2026-10-05T08:07:24,a81a39830b183d31e8e98c9a195c68435650663dd1c142d6e71093509e9311cc,CURRENT,True
101949,P01949,2219129a220ca1abf289deb49fcc1dfc384f2adfd9461596484955f07505c179,MEM7001949,GRP1029,OakStreet-South,250-57-2415,Steven,Jones,1961-05-02,F,+19766498231,3705 Washington Rd,,Dallas,TX,75201,USA,"3705 Washington Rd, Dallas, TX 75201, USA",PCP0051,Active,EHR,P01949,ING-PAT-20261005-01949,2026-10-05T11:35:27,2026-10-05T11:37:27,2024-05-14T11:37:27,2026-10-05T11:37:27,2026-10-05T08:31:27,09f007f13a941a4f41d376e29d930b9d6a84dee3b1bddc077c3780881cfcf462,CURRENT,True
101950,P01950,d13344210e7834f3d1c6b6508c32481d3b621d985227699e387c6e4f63c2cf9c,MEM7001950,GRP1030,OakStreet-East,866-11-0136,Richard,Anderson,1970-05-13,M,+13813841973,6366 Lake Blvd,Apt 938,Houston,TX,77024,USA,"6366 Lake Blvd Apt 938, Houston, TX 77024, USA",PCP0086,Active,EHR,P01950,ING-PAT-20261005-01950,2026-10-05T11:35:30,2026-10-05T11:37:30,2025-05-26T11:37:30,2026-10-05T11:37:30,2026-10-05T07:53:30,3f1a55cc709daad9c3914b2a1d53b4067ba1e1022f367ecbe1ae0339cb25d06a,CURRENT,True
101951,P01951,f9a31a93f372ce1ba40ed3ad7732b6f6c09d3404567637b76670476a776dca25,MEM7001951,GRP1031,OakStreet-Southwest,517-34-1679,Michael,Sanchez,1993-02-17,F,+13458145463,2942 Park Rd,,Austin,TX,78701,USA,"2942 Park Rd, Austin, TX 78701, USA",PCP0025,Active,EHR,P01951,ING-PAT-20261005-01951,2026-10-05T11:35:33,2026-10-05T11:37:33,2024-10-23T11:37:33,2026-10-05T11:37:33,2026-10-05T10:35:33,15296f6c27de22370a026fb2f39e069cde13a1788e929b698d5452691bfd2e4c,CURRENT,True
101952,P01952,60ce4f0e92e7cd24397ea56fe54c1e1482f4530919bc500613b08fbefe4cd2eb,MEM7001952,GRP1032,OakStreet-Central,608-22-9952,Charles,Hernandez,1955-07-12,F,+13413344476,2122 Oak St,,Austin,TX,78701,USA,"2122 Oak St, Austin, TX 78701, USA",PCP0086,Active,EHR,P01952,ING-PAT-20261005-01952,2026-10-05T11:35:36,2026-10-05T11:37:36,2023-12-07T11:37:36,2026-10-05T11:37:36,2026-10-05T08:32:36,8faec989893bc31f47230202f5a6bb161e8a54e6f48bd965089ec648db24ba12,CURRENT,True
101953,P01953,509d39964c1991eca2fab3cfce21357bab2383369fa7e4f2b09ea5304f112b96,MEM7001953,GRP1033,OakStreet-South,469-56-6442,Mark,Sanchez,1951-02-12,M,+14404619757,5555 Pine Ave,,Houston,TX,77005,USA,"5555 Pine Ave, Houston, TX 77005, USA",PCP0044,Active,EHR,P01953,ING-PAT-20261005-01953,2026-10-05T11:35:39,2026-10-05T11:37:39,2025-11-07T11:37:39,2026-10-05T11:37:39,2026-10-05T09:49:39,a2ec04cf28916d7d5bf69d680d84dca0bb4766794ef571c7799bc71908f77e34,CURRENT,True
101954,P01954,bb7ac077b0303a64d6d2eda46c2aef7ce4f7d5bd448a49e7c9270b0ece186834,MEM7001954,GRP1034,OakStreet-East,568-14-9344,Sarah,Lopez,1994-05-17,F,+16383794991,7420 Lake Ave,,Chicago,IL,60601,USA,"7420 Lake Ave, Chicago, IL 60601, USA",PCP0052,Active,EHR,P01954,ING-PAT-20261005-01954,2026-10-05T11:35:42,2026-10-05T11:37:42,2021-11-19T11:37:42,2026-10-05T11:37:42,2026-10-05T10:26:42,bf0814c964a78aad59210bf26a3e9c5fc8ca0cc47cbfc4cd454e06a0c3899e7f,CURRENT,True
101955,P01955,9d66d4854a9e50d0aa8f39be2e350ae66e70d796086d2a79468842c3f003fd8f,MEM7001955,GRP1035,OakStreet-Southwest,899-43-9048,Lisa,Jackson,1988-02-21,M,+14817805822,6189 Market St,,San Antonio,TX,78205,USA,"6189 Market St, San Antonio, TX 78205, USA",PCP0053,Active,EHR,P01955,ING-PAT-20261005-01955,2026-10-05T11:35:45,2026-10-05T11:37:45,2023-07-23T11:37:45,2026-10-05T11:37:45,2026-10-05T10:46:45,b13f8377b99271ff5d75ef39d0a1453a7477f5f8cea5b0d45cb036cdec6d2245,CURRENT,True
101956,P01956,81394a8c42b763e4b6798f5cb228d3f3383ba9b60c76ed0924f366cffc387c69,MEM7001956,GRP1036,OakStreet-Central,406-17-5876,Karen,Rodriguez,1966-07-06,F,+19427259326,4279 Washington Rd,,Phoenix,AZ,85004,USA,"4279 Washington Rd, Phoenix, AZ 85004, USA",PCP0058,Active,EHR,P01956,ING-PAT-20261005-01956,2026-10-05T11:35:48,2026-10-05T11:37:48,2023-08-22T11:37:48,2026-10-05T11:37:48,2026-10-05T09:21:48,2538b1c47e1efc089a50363528b494e5f2cc5bb9f4740212cb4d67e00d796a09,CURRENT,True
101957,P01957,ff853f1eb96b7ffdfda0ab35a694b936b165422c61dca695a1fbcbb9dbd7c4f5,MEM7001957,GRP1037,OakStreet-South,199-93-6613,Barbara,Smith,1954-02-24,M,+17422239361,1584 Market Blvd,Apt 90,Houston,TX,77024,USA,"1584 Market Blvd Apt 90, Houston, TX 77024, USA",PCP0027,Active,EHR,P01957,ING-PAT-20261005-01957,2026-10-05T11:35:51,2026-10-05T11:37:51,2022-06-30T11:37:51,2026-10-05T11:37:51,2026-10-05T09:57:51,608ce19e128e70d83e2cb1c48f7f6cb12c6d37f03e3f51f318537528e9bd9a37,CURRENT,True
101958,P01958,2b86197d654a42eafd15a5e85e1c8570b17b208b19df11e8f2eb956e966abb96,MEM7001958,GRP1038,OakStreet-East,447-11-2257,Linda,Walker,1974-01-14,F,+18922165053,8461 Market Blvd,Apt 50,Atlanta,GA,30303,USA,"8461 Market Blvd Apt 50, Atlanta, GA 30303, USA",PCP0067,Active,EHR,P01958,ING-PAT-20261005-01958,2026-10-05T11:35:54,2026-10-05T11:37:54,2023-08-08T11:37:54,2026-10-05T11:37:54,2026-10-05T10:28:54,8a7f105aac759154a47861a98a0ab11a0e9dad8db0601ab148010d712d535611,CURRENT,True
101959,P01959,511164b2222723be12aa124d42964b99e005bb7305a0b417d821074852da5545,MEM7001959,GRP1039,OakStreet-Southwest,636-13-8915,Betty,Perez,1961-08-22,F,+15825529148,7858 Lake St,,Atlanta,GA,30303,USA,"7858 Lake St, Atlanta, GA 30303, USA",PCP0070,Active,EHR,P01959,ING-PAT-20261005-01959,2026-10-05T11:35:57,2026-10-05T11:37:57,2024-08-02T11:37:57,2026-10-05T11:37:57,2026-10-05T07:43:57,125a8c1580987bddaac35a6a6843aee9c2318994f6c413e643c08f7df986a3db,CURRENT,True
101960,P01960,3d1631c0538de309c59967f7f5ee694958fae43d6afa46ba2f00c4bd8b303eaf,MEM7001960,GRP1000,OakStreet-Central,116-93-6876,William,Hernandez,1975-06-27,M,+14455642065,8817 Park Rd,,Houston,TX,77002,USA,"8817 Park Rd, Houston, TX 77002, USA",PCP0097,Active,EHR,P01960,ING-PAT-20261005-01960,2026-10-05T11:36:00,2026-10-05T11:38:00,2024-06-03T11:38:00,2026-10-05T11:38:00,2026-10-05T11:29:00,468db30c6fa49620eba11fdcf345247924b96734708be93cc88b0d673ea02e37,CURRENT,True
101961,P01961,f2894f2f17dd5185067bc1a127f717e7f248ad593742218e996b2cd96fe854dc,MEM7001961,GRP1001,OakStreet-South,374-80-3319,Ashley,Walker,1965-01-20,M,+18868875370,5953 Market Rd,,Houston,TX,77005,USA,"5953 Market Rd, Houston, TX 77005, USA",PCP0081,Active,EHR,P01961,ING-PAT-20261005-01961,2026-10-05T11:36:03,2026-10-05T11:38:03,2022-08-25T11:38:03,2026-10-05T11:38:03,2026-10-05T10:53:03,8b86921028f87a19f810a122cb35875cc5b73cca73e6d9eaa7528533377b0a5e,CURRENT,True
101962,P01962,ace2e1aaad1dc4dab94b7e6eb374596de68120abf4ecb83dc301cfbe65b5545a,MEM7001962,GRP1002,OakStreet-East,837-39-0967,William,Jackson,1997-11-19,F,+17997273020,7092 Pine Rd,,Chicago,IL,60601,USA,"7092 Pine Rd, Chicago, IL 60601, USA",PCP0097,Active,EHR,P01962,ING-PAT-20261005-01962,2026-10-05T11:36:06,2026-10-05T11:38:06,2025-11-26T11:38:06,2026-10-05T11:38:06,2026-10-05T09:04:06,611fcbbb70b8be8128fe66a5f459d925c86f6e753472343dd861cf200b95892a,CURRENT,True
101963,P01963,f16c5e02e2c5fbaf5d54d20280b181abfa447ef7b8d64ea2578f868fcdd48b94,MEM7001963,GRP1003,OakStreet-Southwest,228-81-8459,Lisa,Clark,1958-12-10,F,+12224195623,913 Pine St,,Houston,TX,77005,USA,"913 Pine St, Houston, TX 77005, USA",PCP0034,Active,EHR,P01963,ING-PAT-20261005-01963,2026-10-05T11:36:09,2026-10-05T11:38:09,2023-06-05T11:38:09,2026-10-05T11:38:09,2026-10-05T09:41:09,4182c97935a2cc87d39a6d85f45b63877a367d509a534374b7fca06037f77d76,CURRENT,True
101964,P01964,09b820f97295d19c813f2beba93c28b1582e8bb72e44cd4be5658b133fd293fa,MEM7001964,GRP1004,OakStreet-Central,629-60-3078,Thomas,Moore,1978-01-09,M,+12565902381,4834 Main Rd,,Chicago,IL,60601,USA,"4834 Main Rd, Chicago, IL 60601, USA",PCP0100,Active,EHR,P01964,ING-PAT-20261005-01964,2026-10-05T11:36:12,2026-10-05T11:38:12,2022-05-24T11:38:12,2026-10-05T11:38:12,2026-10-05T07:54:12,065dd88b7fd0090236a6a6074cc22243cd9aaefa9ccd743ed93bcd532ca2e6ad,CURRENT,True
101965,P01965,1f7f468f828aae35dd20811f4cd1213c954d778268c599b25d2921258fc8d9a1,MEM7001965,GRP1005,OakStreet-South,185-79-7226,Steven,Miller,1994-12-13,F,+18687942822,5303 Park St,,Houston,TX,77005,USA,"5303 Park St, Houston, TX 77005, USA",PCP0054,Active,EHR,P01965,ING-PAT-20261005-01965,2026-10-05T11:36:15,2026-10-05T11:38:15,2021-12-02T11:38:15,2026-10-05T11:38:15,2026-10-05T10:38:15,17b9effdf78a0343813e5a8b6a7a0e392e810239841db1d32af22f360b509338,CURRENT,True
101966,P01966,571831dbeec083d584e8ac3fa18fc5a4dda8405c8feaf8361f6d54d21b737f8f,MEM7001966,GRP1006,OakStreet-East,731-15-4324,Karen,Walker,1960-08-11,M,+17077123223,5246 Park Blvd,Apt 878,Houston,TX,77024,USA,"5246 Park Blvd Apt 878, Houston, TX 77024, USA",PCP0028,Active,EHR,P01966,ING-PAT-20261005-01966,2026-10-05T11:36:18,2026-10-05T11:38:18,2024-09-05T11:38:18,2026-10-05T11:38:18,2026-10-05T08:31:18,e07b1855a158879580bf7445e353243e11882ef748586a263510043ffcbb7419,CURRENT,True
101967,P01967,4c0bef228ddd37eed3b253c7f0bd875947b74c0de859a467ef14723f1a3be923,MEM7001967,GRP1007,OakStreet-Southwest,218-52-3637,Margaret,Miller,1954-08-20,F,+15088936753,9653 Park St,,Houston,TX,77024,USA,"9653 Park St, Houston, TX 77024, USA",PCP0019,Active,EHR,P01967,ING-PAT-20261005-01967,2026-10-05T11:36:21,2026-10-05T11:38:21,2025-01-12T11:38:21,2026-10-05T11:38:21,2026-10-05T07:47:21,f9876c278987ff664c392de47b3cf9c098697e9903e7067de3112feb4b8fe335,CURRENT,True
101968,P01968,9cf6912b3c58448e1d4ce8770cf1013f600bc8e81ae4779f2d10e01cb58380a1,MEM7001968,GRP1008,OakStreet-Central,452-11-7848,William,Jones,1998-04-01,F,+14668605675,7279 Pine Ave,,Houston,TX,77002,USA,"7279 Pine Ave, Houston, TX 77002, USA",PCP0013,Active,EHR,P01968,ING-PAT-20261005-01968,2026-10-05T11:36:24,2026-10-05T11:38:24,2025-05-19T11:38:24,2026-10-05T11:38:24,2026-10-05T08:50:24,d36220c09f19e7849eb88ae10c4c5fec67c48f4815f20fd91e84127c09f7df3f,CURRENT,True
101969,P01969,e10b4ee86f32ef9630f406a1fd05c31bc1930f96bb88cc9f5719ec1511d7756c,MEM7001969,GRP1009,OakStreet-South,508-89-2851,Linda,Lopez,1969-06-28,M,+17035141794,2729 Park St,,Houston,TX,77024,USA,"2729 Park St, Houston, TX 77024, USA",PCP0097,Active,EHR,P01969,ING-PAT-20261005-01969,2026-10-05T11:36:27,2026-10-05T11:38:27,2025-05-27T11:38:27,2026-10-05T11:38:27,2026-10-05T08:07:27,87f53d230b9abd8f4967b5adf2390129e53aa2b45b58ca47c04671a9ef980b7e,CURRENT,True
101970,P01970,56e5129ee2f660aa0cd81a671376802bb7e9c31615cafe41cbc59497f8f77d12,MEM7001970,GRP1010,OakStreet-East,434-71-2107,Susan,Sanchez,1951-08-23,F,+14663178963,1965 Pine Ave,,Dallas,TX,75201,USA,"1965 Pine Ave, Dallas, TX 75201, USA",PCP0094,Active,EHR,P01970,ING-PAT-20261005-01970,2026-10-05T11:36:30,2026-10-05T11:38:30,2024-06-01T11:38:30,2026-10-05T11:38:30,2026-10-05T09:17:30,8f5210bd64ac309cadd38f4db2f13316b18b7e4c2ff01e92dfe6e6ee932f53b0,CURRENT,True
101971,P01971,4525d073e83e58004d7c61019d3aa2aa22561382863bdce9d05950b6b5acc379,MEM7001971,GRP1011,OakStreet-Southwest,630-41-3562,Ashley,Wilson,1947-09-09,F,+17337592214,9298 Pine Rd,Apt 78,Phoenix,AZ,85004,USA,"9298 Pine Rd Apt 78, Phoenix, AZ 85004, USA",PCP0095,Active,EHR,P01971,ING-PAT-20261005-01971,2026-10-05T11:36:33,2026-10-05T11:38:33,2025-05-11T11:38:33,2026-10-05T11:38:33,2026-10-05T08:56:33,6293757defd097924e4a59e1a95c0ca1ab1d90ea5d537b3831710cc089f76f42,CURRENT,True
101972,P01972,4462563eac6f932cd123de9f8590ef385ca38554ff57038188167ac73691b409,MEM7001972,GRP1012,OakStreet-Central,584-93-5817,Lisa,Walker,1999-09-02,M,+14752055423,2337 Park Ave,,Orlando,FL,32801,USA,"2337 Park Ave, Orlando, FL 32801, USA",PCP0060,Active,EHR,P01972,ING-PAT-20261005-01972,2026-10-05T11:36:36,2026-10-05T11:38:36,2022-05-28T11:38:36,2026-10-05T11:38:36,2026-10-05T11:01:36,f869955cff74f6473b25dafcee257aeefc8ec661e343941fa5f1d7a2a1c80c98,CURRENT,True
101973,P01973,fce9b2d5c5d8b3a21c953d33edb3f30458b6a5033ae4d68fab280c62a7898b11,MEM7001973,GRP1013,OakStreet-South,464-46-1266,John,Moore,1980-05-05,F,+14263264063,3053 Pine Blvd,,Atlanta,GA,30303,USA,"3053 Pine Blvd, Atlanta, GA 30303, USA",PCP0076,Active,EHR,P01973,ING-PAT-20261005-01973,2026-10-05T11:36:39,2026-10-05T11:38:39,2025-03-20T11:38:39,2026-10-05T11:38:39,2026-10-05T10:40:39,2f6118548328123de696718c83885dc1049c6ea46f88b8a5e39dd0b0af190c31,CURRENT,True
101974,P01974,e5bf9489f9eba5e8fc3d78ebaea01040658cdfce360a21d7c5dcebabc8992e73,MEM7001974,GRP1014,OakStreet-East,328-87-5349,Barbara,Clark,1949-10-17,M,+17273546113,7609 Park Blvd,,San Antonio,TX,78205,USA,"7609 Park Blvd, San Antonio, TX 78205, USA",PCP0085,Active,EHR,P01974,ING-PAT-20261005-01974,2026-10-05T11:36:42,2026-10-05T11:38:42,2023-03-04T11:38:42,2026-10-05T11:38:42,2026-10-05T08:07:42,d97a0683e18d5ea2c053182a47d4431f6e5c64849e91cfec77cedbce1abe21be,CURRENT,True
101975,P01975,64f15224290df9e9e1268e9c27447fded6f64d0ca98e7875140a7c216978a1cd,MEM7001975,GRP1015,OakStreet-Southwest,728-94-8608,Patricia,Garcia,1949-09-26,F,+12218903812,5999 Washington Blvd,Apt 668,Atlanta,GA,30303,USA,"5999 Washington Blvd Apt 668, Atlanta, GA 30303, USA",PCP0006,Active,EHR,P01975,ING-PAT-20261005-01975,2026-10-05T11:36:45,2026-10-05T11:38:45,2024-01-09T11:38:45,2026-10-05T11:38:45,2026-10-05T08:40:45,a5b3e5c68e45a44d7a6351d1f04f8a1bc2088e013fd0c3c0a7f44cd0fb32d64f,CURRENT,True
101976,P01976,10082c3871cdf6e76ca205a3f3aa533e5eec3cab6f1e7f33df21d50c6dd1daf9,MEM7001976,GRP1016,OakStreet-Central,761-84-6925,Jessica,Lee,1947-09-17,F,+16806061924,2744 Oak St,Apt 133,Houston,TX,77005,USA,"2744 Oak St Apt 133, Houston, TX 77005, USA",PCP0092,Active,EHR,P01976,ING-PAT-20261005-01976,2026-10-05T11:36:48,2026-10-05T11:38:48,2023-10-23T11:38:48,2026-10-05T11:38:48,2026-10-05T11:10:48,74e0661651465be434c604c64d11d54c9bed5f380a964021180096f16e8a072e,CURRENT,True
101977,P01977,6c1fd3d32fc1a59ea998f8b8874c532b388df52352334ee06f9fd5dcb34949db,MEM7001977,GRP1017,OakStreet-South,147-95-0150,Matthew,Sanchez,2003-04-05,M,+18262476925,2000 Main Blvd,,Houston,TX,77002,USA,"2000 Main Blvd, Houston, TX 77002, USA",PCP0081,Active,EHR,P01977,ING-PAT-20261005-01977,2026-10-05T11:36:51,2026-10-05T11:38:51,2022-10-31T11:38:51,2026-10-05T11:38:51,2026-10-05T07:42:51,ff4fd3e41c943689eaaae4b80bd776cc217d35e56eeb9a722c3037311c0b1cc5,CURRENT,True
101978,P01978,80e8d215f67a733185d4844a5f311f5c618dd1be4b109c93e69ae46b253b8c3d,MEM7001978,GRP1018,OakStreet-East,285-55-1117,Barbara,Anderson,2003-07-18,M,+15048621899,1519 Pine Ave,Apt 866,Houston,TX,77024,USA,"1519 Pine Ave Apt 866, Houston, TX 77024, USA",PCP0112,Active,EHR,P01978,ING-PAT-20261005-01978,2026-10-05T11:36:54,2026-10-05T11:38:54,2024-06-12T11:38:54,2026-10-05T11:38:54,2026-10-05T08:16:54,19d87bfa6b29f961b99bf9fd2277f2183ad6d9f96a4271abf5209c97c4f53a98,CURRENT,True
101979,P01979,02ce1096b3ee5e49800f804ee15a54ff0a46b3338b20184e46d7308616e02c88,MEM7001979,GRP1019,OakStreet-Southwest,578-25-9722,Daniel,Clark,1973-01-17,F,+14646511786,8086 Main St,,Orlando,FL,32801,USA,"8086 Main St, Orlando, FL 32801, USA",PCP0030,Active,EHR,P01979,ING-PAT-20261005-01979,2026-10-05T11:36:57,2026-10-05T11:38:57,2023-05-09T11:38:57,2026-10-05T11:38:57,2026-10-05T08:36:57,bf3ef5a0510598a66e37f42a71bb2be4351d6a510cb6e16cce4aa97daf9d3164,CURRENT,True
101980,P01980,cfc39cda505fc9862824517d9b7cdff8fd02f5414476c1d97af0293d093d8406,MEM7001980,GRP1020,OakStreet-Central,767-24-3598,Robert,Sanchez,1988-05-17,F,+18652912649,2545 Washington Blvd,Apt 922,Houston,TX,77005,USA,"2545 Washington Blvd Apt 922, Houston, TX 77005, USA",PCP0042,Active,EHR,P01980,ING-PAT-20261005-01980,2026-10-05T11:37:00,2026-10-05T11:39:00,2022-08-13T11:39:00,2026-10-05T11:39:00,2026-10-05T10:37:00,0a9e6c395cb1c4ec01bf2d84ccd86ae72fca2e971e1d096b2a02fb0a561ca862,CURRENT,True
101981,P01981,662c056d26a446c89d8b0df3fd9ea71f66a1170f1604034d4b9b45ccc92e14d9,MEM7001981,GRP1021,OakStreet-South,298-25-9177,Mary,Sanchez,1935-05-02,M,+19586385843,2622 Pine St,,Houston,TX,77002,USA,"2622 Pine St, Houston, TX 77002, USA",PCP0076,Active,EHR,P01981,ING-PAT-20261005-01981,2026-10-05T11:37:03,2026-10-05T11:39:03,2022-09-19T11:39:03,2026-10-05T11:39:03,2026-10-05T10:41:03,0d1558d172aee44c46d190f33876e17a621f5a5e025d78f7aef87f5b0114f244,CURRENT,True
101982,P01982,1ec11ef81d0e848a9490254ae44b583bb39d5de84d38366c9def522d22792553,MEM7001982,GRP1022,OakStreet-East,788-19-9690,John,Jones,1997-04-17,M,+19467511637,7236 Main St,,Dallas,TX,75201,USA,"7236 Main St, Dallas, TX 75201, USA",PCP0014,Active,EHR,P01982,ING-PAT-20261005-01982,2026-10-05T11:37:06,2026-10-05T11:39:06,2024-09-27T11:39:06,2026-10-05T11:39:06,2026-10-05T11:33:06,276f08e93e9fe830e2699f5e23b67b69cde73b82b1465cc6c36dec1e2146e9c1,CURRENT,True
101983,P01983,a68de74dbd7002f05c3c97a1ba9996cc15044a2c5d38b8e49de1a065534fb2c4,MEM7001983,GRP1023,OakStreet-Southwest,434-83-6664,Michael,Martinez,1975-06-05,F,+16064726329,3261 Market Rd,,Houston,TX,77005,USA,"3261 Market Rd, Houston, TX 77005, USA",PCP0094,Active,EHR,P01983,ING-PAT-20261005-01983,2026-10-05T11:37:09,2026-10-05T11:39:09,2022-10-14T11:39:09,2026-10-05T11:39:09,2026-10-05T10:56:09,9c1f74ded91a9b4dda15bf78b122e4246226721544235a0881b60c83d8ffc031,CURRENT,True
101984,P01984,006e23eb50a95d2f4d08a865adf9f042a1f4bb2aca0fcec18d6c3a7b69c9cadb,MEM7001984,GRP1024,OakStreet-Central,469-48-2510,Anthony,Clark,1954-01-22,M,+13319015375,3557 Oak Rd,,Dallas,TX,75201,USA,"3557 Oak Rd, Dallas, TX 75201, USA",PCP0102,Active,EHR,P01984,ING-PAT-20261005-01984,2026-10-05T11:37:12,2026-10-05T11:39:12,2024-04-25T11:39:12,2026-10-05T11:39:12,2026-10-05T08:46:12,a4dcfabf8b150f541c0386a706389709b95a0655ba4b70aac83c159a28eb19e7,CURRENT,True
101985,P01985,3ce529cfaeeca01a82b679a5422243e1beec2936ad29989445fb9a8b0ede8d15,MEM7001985,GRP1025,OakStreet-South,248-63-1691,Anthony,Williams,1997-10-14,F,+14536655397,2517 Main Ave,,Dallas,TX,75201,USA,"2517 Main Ave, Dallas, TX 75201, USA",PCP0019,Active,EHR,P01985,ING-PAT-20261005-01985,2026-10-05T11:37:15,2026-10-05T11:39:15,2024-08-03T11:39:15,2026-10-05T11:39:15,2026-10-05T10:33:15,2bcfcc3b7e382e3c6e3e5427656382aef4b9745d06c5aae59d23893f5c105248,CURRENT,True
101986,P01986,6db8068a30689064827b235f7b176dd4c648b58ed49ae3c0f74b79a7c4b51ecb,MEM7001986,GRP1026,OakStreet-East,330-76-3425,Ashley,Sanchez,1958-01-03,M,+17556899275,4351 Park Ave,,San Antonio,TX,78205,USA,"4351 Park Ave, San Antonio, TX 78205, USA",PCP0072,Active,EHR,P01986,ING-PAT-20261005-01986,2026-10-05T11:37:18,2026-10-05T11:39:18,2023-11-01T11:39:18,2026-10-05T11:39:18,2026-10-05T09:53:18,9cfd518b960a19ce8c6ef3e8e2b4217c56fb61dc71d9368e54d65686922e3cec,CURRENT,True
101987,P01987,dce89170676f758fa90da864d89c0b7d1266f4b9bc2943e305887b1f21edc159,MEM7001987,GRP1027,OakStreet-Southwest,606-99-0073,Robert,Garcia,1979-01-19,M,+16486552080,1608 Lake Blvd,,Orlando,FL,32801,USA,"1608 Lake Blvd, Orlando, FL 32801, USA",PCP0040,Active,EHR,P01987,ING-PAT-20261005-01987,2026-10-05T11:37:21,2026-10-05T11:39:21,2021-11-21T11:39:21,2026-10-05T11:39:21,2026-10-05T08:07:21,90fb250df3ec10075a4d5e45fa2f4a11eca2b1d6aaddd970f4596c3fcb897e2e,CURRENT,True
101988,P01988,a3b964aeac375f4ff61e27522153b77c812168afd1cccda460d4a66d833174a8,MEM7001988,GRP1028,OakStreet-Central,710-19-5445,David,Walker,1939-08-19,M,+14919186239,5523 Market Ave,,Houston,TX,77005,USA,"5523 Market Ave, Houston, TX 77005, USA",PCP0009,Active,EHR,P01988,ING-PAT-20261005-01988,2026-10-05T11:37:24,2026-10-05T11:39:24,2022-05-25T11:39:24,2026-10-05T11:39:24,2026-10-05T11:33:24,3e5ef0b366d7f324e3bd439f05732a52d398915e603d59bad3639e05a25d4f0b,CURRENT,True
101989,P01989,b9e7dcf8a1667443467c6db9c66cd729f85b1d041c90d0c34eb74325370d144d,MEM7001989,GRP1029,OakStreet-South,609-28-0227,Steven,Ramirez,1980-07-15,M,+18343958441,9280 Washington St,,Houston,TX,77002,USA,"9280 Washington St, Houston, TX 77002, USA",PCP0119,Active,EHR,P01989,ING-PAT-20261005-01989,2026-10-05T11:37:27,2026-10-05T11:39:27,2024-09-07T11:39:27,2026-10-05T11:39:27,2026-10-05T09:54:27,5ebf2d3d0755d73c11e47b7229df6beb1b2601ce7333b6b9a832b5599511dd07,CURRENT,True
101990,P01990,01a821f8d5d09bbb20e22d7101354d7276598c4bdf1d77f3c9f3ffdf2d291302,MEM7001990,GRP1030,OakStreet-East,133-54-4143,James,Johnson,1941-09-24,F,+19516655899,1042 Park Rd,,Phoenix,AZ,85004,USA,"1042 Park Rd, Phoenix, AZ 85004, USA",PCP0069,Active,EHR,P01990,ING-PAT-20261005-01990,2026-10-05T11:37:30,2026-10-05T11:39:30,2022-07-28T11:39:30,2026-10-05T11:39:30,2026-10-05T11:29:30,6e71800b1b77200fa62697db545f3fb6457587303a51d3a8c386634da3d8592c,CURRENT,True
101991,P01991,c5aa45d6df5ce2ad0410636e21059fd72d9d64c041049fd4cc9268b44b1c4c82,MEM7001991,GRP1031,OakStreet-Southwest,300-42-4148,Daniel,Jackson,1990-09-24,M,+16652877158,1647 Oak Rd,,Orlando,FL,32801,USA,"1647 Oak Rd, Orlando, FL 32801, USA",PCP0110,Active,EHR,P01991,ING-PAT-20261005-01991,2026-10-05T11:37:33,2026-10-05T11:39:33,2023-03-16T11:39:33,2026-10-05T11:39:33,2026-10-05T07:57:33,7ecd8937708d706cf230a0dbef6fd2e82d8a88db41400569329de21a247ee137,CURRENT,True
101992,P01992,401751a72226b66f45024384203a754a887f5c50818fa93960a7789e1ba9c04a,MEM7001992,GRP1032,OakStreet-Central,877-88-8633,Matthew,Jones,1988-07-19,M,+17952246635,719 Washington Blvd,,San Antonio,TX,78205,USA,"719 Washington Blvd, San Antonio, TX 78205, USA",PCP0076,Active,EHR,P01992,ING-PAT-20261005-01992,2026-10-05T11:37:36,2026-10-05T11:39:36,2025-06-21T11:39:36,2026-10-05T11:39:36,2026-10-05T07:40:36,645cf78b0de0e91b9929e5c32c5ec2783101e38a33b0ef36d6a0415cf8eb1eae,CURRENT,True
101993,P01993,dcf2a908a5ffcb771fd07a906680aa9f6f4bbf4e8c0d5502e44e2c4bf449000d,MEM7001993,GRP1033,OakStreet-South,327-55-3654,Thomas,Jones,2004-01-04,F,+16823972543,8116 Pine St,,San Antonio,TX,78205,USA,"8116 Pine St, San Antonio, TX 78205, USA",PCP0061,Active,EHR,P01993,ING-PAT-20261005-01993,2026-10-05T11:37:39,2026-10-05T11:39:39,2022-08-20T11:39:39,2026-10-05T11:39:39,2026-10-05T09:47:39,2c8f7e036c20b88bec25ba8cc6d660c483bd8c9d2dfe64800052a095d07e87e5,CURRENT,True
101994,P01994,3af11f3e1b3672c71e29715668a8f4179dd0ec182ee8033981504ba0227bb201,MEM7001994,GRP1034,OakStreet-East,777-88-1893,Nancy,Clark,1982-12-06,M,+19443644215,1473 Market Blvd,,Chicago,IL,60601,USA,"1473 Market Blvd, Chicago, IL 60601, USA",PCP0042,Active,EHR,P01994,ING-PAT-20261005-01994,2026-10-05T11:37:42,2026-10-05T11:39:42,2025-03-24T11:39:42,2026-10-05T11:39:42,2026-10-05T10:39:42,7db642b55fd82960d911aec66e290781fcf9d38affa356f022bf8b9016ab4c10,CURRENT,True
101995,P01995,381e68280bba066ff513c3109e51b32a34e80641c684fd244160a6a6997a32ea,MEM7001995,GRP1035,OakStreet-Southwest,607-48-6418,David,Clark,1979-01-17,M,+16107522137,2986 Main Blvd,,Houston,TX,77005,USA,"2986 Main Blvd, Houston, TX 77005, USA",PCP0057,Active,EHR,P01995,ING-PAT-20261005-01995,2026-10-05T11:37:45,2026-10-05T11:39:45,2022-10-08T11:39:45,2026-10-05T11:39:45,2026-10-05T09:51:45,7626598177fdf7318e74c061bda2678e2b6e4546f0f66c46ca85fd71a8ccd766,CURRENT,True
101996,P01996,caafbb2ec4a20e8ee03b1291c60380716d6e0880aa5a105d9f92c3ebc139c8a6,MEM7001996,GRP1036,OakStreet-Central,625-91-8751,James,Ramirez,1940-04-26,F,+13712556706,8943 Washington St,,Austin,TX,78701,USA,"8943 Washington St, Austin, TX 78701, USA",PCP0074,Active,EHR,P01996,ING-PAT-20261005-01996,2026-10-05T11:37:48,2026-10-05T11:39:48,2025-04-10T11:39:48,2026-10-05T11:39:48,2026-10-05T09:11:48,12cd618f03ce39fff4f2f469dc771cc751763b1af4529ea30b39d587b66d38a7,CURRENT,True
101997,P01997,553b5c85a9c76d61a7715c360a8771b4749e0e69ac16a65f561734b3f39015bc,MEM7001997,GRP1037,OakStreet-South,129-58-7076,Karen,Hernandez,1983-10-20,F,+13934684124,5810 Lake Blvd,,Houston,TX,77024,USA,"5810 Lake Blvd, Houston, TX 77024, USA",PCP0025,Active,EHR,P01997,ING-PAT-20261005-01997,2026-10-05T11:37:51,2026-10-05T11:39:51,2021-12-20T11:39:51,2026-10-05T11:39:51,2026-10-05T10:48:51,f8687fb6724a36e5aaf07e7e700c25c1cb656f1da680aedae6254aeb1cfcb438,CURRENT,True
101998,P01998,485fe74b2549c843fa33b5b2211f069c3a60a6770fa78066f6751b5870b298d6,MEM7001998,GRP1038,OakStreet-East,614-83-2052,Sarah,Hernandez,2004-03-18,M,+15587438590,4974 Market St,,Atlanta,GA,30303,USA,"4974 Market St, Atlanta, GA 30303, USA",PCP0012,Active,EHR,P01998,ING-PAT-20261005-01998,2026-10-05T11:37:54,2026-10-05T11:39:54,2025-06-20T11:39:54,2026-10-05T11:39:54,2026-10-05T07:45:54,8b1b3da74dd2d356cc7203d53395ae959cfd480a1e474a41fb48f6f8956ea0f2,CURRENT,True
101999,P01999,d6bce8b1473b7af2b7e1bf88544dcd526a9193b44cc92597bc890a67287663a1,MEM7001999,GRP1039,OakStreet-Southwest,104-39-0664,Mark,Taylor,1935-08-08,F,+19364095938,7518 Lake St,,Dallas,TX,75201,USA,"7518 Lake St, Dallas, TX 75201, USA",PCP0048,Active,EHR,P01999,ING-PAT-20261005-01999,2026-10-05T11:37:57,2026-10-05T11:39:57,2025-01-26T11:39:57,2026-10-05T11:39:57,2026-10-05T10:22:57,f285dfb0cd2364a7d722e03a0965ac4a2350d5bdda00561952527e454f93080b,CURRENT,True
102000,P02000,5700773f25f05b13aa449dde5e22dcf838803102782e5d7a15b242e9ed8c13ef,MEM7002000,GRP1000,OakStreet-Central,393-26-1897,Matthew,Lopez,1950-10-19,M,+16457197086,2741 Pine Ave,,Houston,TX,77002,USA,"2741 Pine Ave, Houston, TX 77002, USA",PCP0043,Active,EHR,P02000,ING-PAT-20261005-02000,2026-10-05T11:38:00,2026-10-05T11:40:00,2023-09-02T11:40:00,2026-10-05T11:40:00,2026-10-05T07:42:00,067c4bc3982275e116e151215d250dc57b834227b078ac8529899f8a006185aa,CURRENT,True
